date,sex_code,sex_label,employed_fulltime_thousands,employed_parttime_thousands,employed_total_thousands,fulltime_share_pct,parttime_share_pct,fulltime_share_yoy_change_ppt,employed_total_yoy_change_pct,is_latest_month
1978-02-01,2,Female,1399.5,716.9,2116.4,66.13,33.87,,,0
1978-03-01,2,Female,1403.9,714.5,2118.3,66.27,33.73,,,0
1978-04-01,2,Female,1422.7,719.4,2142.2,66.42,33.58,,,0
1978-05-01,2,Female,1426.6,720.8,2147.3,66.43,33.57,,,0
1978-06-01,2,Female,1423.7,727.4,2151.1,66.19,33.81,,,0
1978-07-01,2,Female,1428.2,729.3,2157.5,66.2,33.8,,,0
1978-08-01,2,Female,1429.8,734.0,2163.8,66.08,33.92,,,0
1978-09-01,2,Female,1434.8,725.9,2160.7,66.41,33.59,,,0
1978-10-01,2,Female,1433.6,726.5,2160.1,66.37,33.63,,,0
1978-11-01,2,Female,1423.1,727.3,2150.4,66.18,33.82,,,0
1978-12-01,2,Female,1423.5,738.5,2162.0,65.84,34.16,,,0
1979-01-01,2,Female,1426.0,734.2,2160.2,66.01,33.99,,,0
1979-02-01,2,Female,1425.2,737.5,2162.6,65.9,34.1,-0.23,2.18,0
1979-03-01,2,Female,1419.7,733.4,2153.1,65.94,34.06,-0.33,1.64,0
1979-04-01,2,Female,1409.1,745.4,2154.5,65.4,34.6,-1.02,0.58,0
1979-05-01,2,Female,1406.6,744.2,2150.9,65.4,34.6,-1.03,0.16,0
1979-06-01,2,Female,1425.2,746.3,2171.5,65.63,34.37,-0.56,0.95,0
1979-07-01,2,Female,1418.7,748.5,2167.2,65.46,34.54,-0.74,0.45,0
1979-08-01,2,Female,1423.0,746.8,2169.9,65.58,34.42,-0.5,0.28,0
1979-09-01,2,Female,1423.9,750.1,2173.9,65.5,34.5,-0.91,0.61,0
1979-10-01,2,Female,1439.0,765.3,2204.3,65.28,34.72,-1.09,2.05,0
1979-11-01,2,Female,1455.2,765.1,2220.3,65.54,34.46,-0.64,3.25,0
1979-12-01,2,Female,1457.9,764.1,2222.0,65.61,34.39,-0.23,2.78,0
1980-01-01,2,Female,1466.4,773.5,2239.9,65.47,34.53,-0.54,3.69,0
1980-02-01,2,Female,1488.9,766.7,2255.5,66.01,33.99,0.11,4.29,0
1980-03-01,2,Female,1495.4,771.0,2266.4,65.98,34.02,0.04,5.26,0
1980-04-01,2,Female,1494.5,777.0,2271.4,65.79,34.21,0.39,5.43,0
1980-05-01,2,Female,1508.4,767.0,2275.4,66.29,33.71,0.89,5.79,0
1980-06-01,2,Female,1499.7,790.6,2290.3,65.48,34.52,-0.15,5.47,0
1980-07-01,2,Female,1502.3,806.9,2309.2,65.06,34.94,-0.4,6.55,0
1980-08-01,2,Female,1504.3,803.2,2307.5,65.19,34.81,-0.39,6.34,0
1980-09-01,2,Female,1502.0,809.5,2311.6,64.98,35.02,-0.52,6.33,0
1980-10-01,2,Female,1493.6,801.1,2294.7,65.09,34.91,-0.19,4.1,0
1980-11-01,2,Female,1492.3,808.0,2300.3,64.87,35.13,-0.67,3.6,0
1980-12-01,2,Female,1498.6,805.1,2303.7,65.05,34.95,-0.56,3.67,0
1981-01-01,2,Female,1500.0,807.5,2307.5,65.01,34.99,-0.46,3.02,0
1981-02-01,2,Female,1501.3,814.2,2315.5,64.84,35.16,-1.17,2.66,0
1981-03-01,2,Female,1485.4,821.7,2307.1,64.38,35.62,-1.6,1.8,0
1981-04-01,2,Female,1517.3,815.2,2332.4,65.05,34.95,-0.74,2.69,0
1981-05-01,2,Female,1509.1,823.0,2332.2,64.71,35.29,-1.58,2.49,0
1981-06-01,2,Female,1524.1,820.7,2344.7,65.0,35.0,-0.48,2.38,0
1981-07-01,2,Female,1520.5,818.2,2338.6,65.02,34.98,-0.04,1.27,0
1981-08-01,2,Female,1527.9,822.0,2349.9,65.02,34.98,-0.17,1.84,0
1981-09-01,2,Female,1544.9,831.1,2376.0,65.02,34.98,0.04,2.79,0
1981-10-01,2,Female,1545.8,823.2,2369.0,65.25,34.75,0.16,3.24,0
1981-11-01,2,Female,1532.2,822.9,2355.1,65.06,34.94,0.19,2.38,0
1981-12-01,2,Female,1552.0,811.1,2363.2,65.68,34.32,0.63,2.58,0
1982-01-01,2,Female,1550.8,821.1,2371.9,65.38,34.62,0.37,2.79,0
1982-02-01,2,Female,1541.5,821.3,2362.8,65.24,34.76,0.4,2.04,0
1982-03-01,2,Female,1530.9,830.2,2361.1,64.84,35.16,0.46,2.34,0
1982-04-01,2,Female,1545.8,823.4,2369.1,65.25,34.75,0.2,1.57,0
1982-05-01,2,Female,1539.0,819.7,2358.7,65.25,34.75,0.54,1.14,0
1982-06-01,2,Female,1538.2,815.6,2353.8,65.35,34.65,0.35,0.39,0
1982-07-01,2,Female,1524.3,830.0,2354.4,64.75,35.25,-0.27,0.67,0
1982-08-01,2,Female,1528.7,836.7,2365.4,64.63,35.37,-0.39,0.66,0
1982-09-01,2,Female,1518.5,833.6,2352.2,64.56,35.44,-0.46,-1.0,0
1982-10-01,2,Female,1507.1,851.3,2358.4,63.9,36.1,-1.35,-0.45,0
1982-11-01,2,Female,1505.3,832.9,2338.1,64.38,35.62,-0.68,-0.72,0
1982-12-01,2,Female,1476.6,856.8,2333.3,63.28,36.72,-2.4,-1.26,0
1983-01-01,2,Female,1483.8,854.9,2338.7,63.45,36.55,-1.93,-1.4,0
1983-02-01,2,Female,1477.2,860.2,2337.5,63.2,36.8,-2.04,-1.07,0
1983-03-01,2,Female,1483.1,847.2,2330.3,63.64,36.36,-1.2,-1.3,0
1983-04-01,2,Female,1491.3,823.6,2314.8,64.42,35.58,-0.83,-2.29,0
1983-05-01,2,Female,1504.3,834.7,2339.0,64.31,35.69,-0.94,-0.84,0
1983-06-01,2,Female,1501.9,842.8,2344.7,64.06,35.94,-1.29,-0.39,0
1983-07-01,2,Female,1517.6,837.8,2355.5,64.43,35.57,-0.32,0.05,0
1983-08-01,2,Female,1511.0,842.6,2353.6,64.2,35.8,-0.43,-0.5,0
1983-09-01,2,Female,1535.9,826.5,2362.5,65.01,34.99,0.45,0.44,0
1983-10-01,2,Female,1530.9,835.4,2366.3,64.7,35.3,0.8,0.33,0
1983-11-01,2,Female,1535.9,849.6,2385.5,64.38,35.62,0.0,2.03,0
1983-12-01,2,Female,1533.1,859.0,2392.2,64.09,35.91,0.81,2.52,0
1984-01-01,2,Female,1535.4,854.0,2389.4,64.26,35.74,0.81,2.16,0
1984-02-01,2,Female,1528.0,859.9,2387.9,63.99,36.01,0.79,2.16,0
1984-03-01,2,Female,1532.5,880.0,2412.5,63.52,36.48,-0.12,3.53,0
1984-04-01,2,Female,1537.7,888.6,2426.3,63.38,36.62,-1.04,4.81,0
1984-05-01,2,Female,1543.3,896.4,2439.7,63.26,36.74,-1.05,4.31,0
1984-06-01,2,Female,1557.4,896.2,2453.6,63.48,36.52,-0.58,4.64,0
1984-07-01,2,Female,1559.9,894.0,2453.9,63.57,36.43,-0.86,4.18,0
1984-08-01,2,Female,1571.2,890.6,2461.8,63.82,36.18,-0.38,4.59,0
1984-09-01,2,Female,1568.5,920.6,2489.1,63.02,36.98,-1.99,5.36,0
1984-10-01,2,Female,1570.7,913.7,2484.5,63.22,36.78,-1.48,4.99,0
1984-11-01,2,Female,1583.8,901.4,2485.2,63.73,36.27,-0.65,4.18,0
1984-12-01,2,Female,1596.2,902.7,2498.9,63.88,36.12,-0.21,4.46,0
1985-01-01,2,Female,1595.6,906.4,2502.0,63.77,36.23,-0.49,4.72,0
1985-02-01,2,Female,1610.9,925.8,2536.6,63.5,36.5,-0.49,6.23,0
1985-03-01,2,Female,1611.7,911.1,2522.8,63.88,36.12,0.36,4.57,0
1985-04-01,2,Female,1598.7,923.0,2521.6,63.4,36.6,0.02,3.93,0
1985-05-01,2,Female,1607.9,937.0,2544.9,63.18,36.82,-0.08,4.31,0
1985-06-01,2,Female,1620.5,938.1,2558.6,63.34,36.66,-0.14,4.28,0
1985-07-01,2,Female,1632.9,948.4,2581.3,63.26,36.74,-0.31,5.19,0
1985-08-01,2,Female,1633.5,952.4,2585.9,63.17,36.83,-0.65,5.04,0
1985-09-01,2,Female,1638.8,960.6,2599.4,63.05,36.95,0.03,4.43,0
1985-10-01,2,Female,1640.0,964.1,2604.2,62.98,37.02,-0.24,4.82,0
1985-11-01,2,Female,1654.6,990.9,2645.4,62.54,37.46,-1.19,6.45,0
1985-12-01,2,Female,1660.7,981.6,2642.3,62.85,37.15,-1.03,5.74,0
1986-01-01,2,Female,1676.1,986.6,2662.7,62.95,37.05,-0.82,6.42,0
1986-02-01,2,Female,1709.1,976.3,2685.4,63.64,36.36,0.14,5.86,0
1986-03-01,2,Female,1692.2,993.2,2685.3,63.02,36.98,-0.86,6.44,0
1986-04-01,2,Female,1715.2,1025.6,2740.7,62.58,37.42,-0.82,8.69,0
1986-05-01,2,Female,1713.5,1024.5,2738.0,62.58,37.42,-0.6,7.59,0
1986-06-01,2,Female,1707.1,1037.3,2744.5,62.2,37.8,-1.14,7.26,0
1986-07-01,2,Female,1707.0,1050.8,2757.8,61.9,38.1,-1.36,6.84,0
1986-08-01,2,Female,1714.5,1019.4,2733.9,62.71,37.29,-0.46,5.72,0
1986-09-01,2,Female,1708.8,1043.0,2751.8,62.1,37.9,-0.95,5.86,0
1986-10-01,2,Female,1730.4,1053.4,2783.7,62.16,37.84,-0.82,6.9,0
1986-11-01,2,Female,1722.8,1057.3,2780.1,61.97,38.03,-0.57,5.09,0
1986-12-01,2,Female,1709.3,1070.8,2780.1,61.48,38.52,-1.37,5.22,0
1987-01-01,2,Female,1715.5,1070.0,2785.6,61.59,38.41,-1.36,4.61,0
1987-02-01,2,Female,1723.2,1082.3,2805.5,61.42,38.58,-2.22,4.48,0
1987-03-01,2,Female,1724.2,1076.9,2801.1,61.56,38.44,-1.46,4.31,0
1987-04-01,2,Female,1734.0,1079.9,2813.8,61.62,38.38,-0.96,2.67,0
1987-05-01,2,Female,1730.5,1089.0,2819.5,61.38,38.62,-1.2,2.98,0
1987-06-01,2,Female,1737.1,1093.7,2830.8,61.36,38.64,-0.84,3.15,0
1987-07-01,2,Female,1753.9,1095.6,2849.6,61.55,38.45,-0.35,3.33,0
1987-08-01,2,Female,1739.1,1099.5,2838.7,61.27,38.73,-1.44,3.83,0
1987-09-01,2,Female,1744.2,1099.2,2843.4,61.34,38.66,-0.76,3.33,0
1987-10-01,2,Female,1772.6,1102.8,2875.5,61.65,38.35,-0.51,3.29,0
1987-11-01,2,Female,1747.8,1116.0,2863.8,61.03,38.97,-0.94,3.01,0
1987-12-01,2,Female,1780.4,1112.9,2893.3,61.54,38.46,0.06,4.07,0
1988-01-01,2,Female,1795.2,1126.1,2921.3,61.45,38.55,-0.14,4.87,0
1988-02-01,2,Female,1798.7,1116.5,2915.2,61.7,38.3,0.28,3.91,0
1988-03-01,2,Female,1804.4,1130.5,2935.0,61.48,38.52,-0.08,4.78,0
1988-04-01,2,Female,1809.2,1143.1,2952.3,61.28,38.72,-0.34,4.92,0
1988-05-01,2,Female,1805.9,1140.7,2946.6,61.29,38.71,-0.09,4.51,0
1988-06-01,2,Female,1802.8,1150.6,2953.3,61.04,38.96,-0.32,4.33,0
1988-07-01,2,Female,1805.1,1147.7,2952.8,61.13,38.87,-0.42,3.62,0
1988-08-01,2,Female,1828.6,1161.6,2990.2,61.15,38.85,-0.12,5.34,0
1988-09-01,2,Female,1842.6,1170.2,3012.8,61.16,38.84,-0.18,5.96,0
1988-10-01,2,Female,1870.4,1147.5,3017.9,61.98,38.02,0.33,4.95,0
1988-11-01,2,Female,1857.4,1159.8,3017.2,61.56,38.44,0.53,5.36,0
1988-12-01,2,Female,1857.4,1185.6,3043.0,61.04,38.96,-0.5,5.17,0
1989-01-01,2,Female,1870.5,1197.6,3068.0,60.97,39.03,-0.48,5.02,0
1989-02-01,2,Female,1879.4,1215.2,3094.7,60.73,39.27,-0.97,6.16,0
1989-03-01,2,Female,1889.6,1213.8,3103.4,60.89,39.11,-0.59,5.74,0
1989-04-01,2,Female,1900.9,1209.6,3110.5,61.11,38.89,-0.17,5.36,0
1989-05-01,2,Female,1909.0,1237.5,3146.5,60.67,39.33,-0.62,6.78,0
1989-06-01,2,Female,1924.5,1222.1,3146.6,61.16,38.84,0.12,6.55,0
1989-07-01,2,Female,1915.9,1237.7,3153.6,60.75,39.25,-0.38,6.8,0
1989-08-01,2,Female,1927.0,1252.4,3179.4,60.61,39.39,-0.54,6.33,0
1989-09-01,2,Female,1929.0,1263.4,3192.4,60.43,39.57,-0.73,5.96,0
1989-10-01,2,Female,1937.4,1257.3,3194.7,60.64,39.36,-1.34,5.86,0
1989-11-01,2,Female,1958.5,1259.9,3218.4,60.85,39.15,-0.71,6.67,0
1989-12-01,2,Female,1959.1,1267.1,3226.3,60.72,39.28,-0.32,6.02,0
1990-01-01,2,Female,1962.0,1262.7,3224.7,60.84,39.16,-0.13,5.1,0
1990-02-01,2,Female,1965.4,1275.0,3240.4,60.65,39.35,-0.08,4.71,0
1990-03-01,2,Female,1970.6,1281.3,3251.9,60.6,39.4,-0.29,4.79,0
1990-04-01,2,Female,1961.8,1291.9,3253.7,60.29,39.71,-0.82,4.6,0
1990-05-01,2,Female,1981.6,1289.1,3270.7,60.59,39.41,-0.08,3.95,0
1990-06-01,2,Female,1974.4,1298.4,3272.8,60.33,39.67,-0.83,4.01,0
1990-07-01,2,Female,1987.3,1298.3,3285.6,60.48,39.52,-0.27,4.19,0
1990-08-01,2,Female,1978.7,1289.1,3267.8,60.55,39.45,-0.06,2.78,0
1990-09-01,2,Female,1969.4,1281.0,3250.4,60.59,39.41,0.16,1.82,0
1990-10-01,2,Female,1950.1,1306.1,3256.2,59.89,40.11,-0.75,1.92,0
1990-11-01,2,Female,1952.2,1304.6,3256.8,59.94,40.06,-0.91,1.19,0
1990-12-01,2,Female,1952.0,1309.4,3261.4,59.85,40.15,-0.87,1.09,0
1991-01-01,2,Female,1948.2,1283.7,3231.9,60.28,39.72,-0.56,0.22,0
1991-02-01,2,Female,1926.5,1316.0,3242.5,59.41,40.59,-1.24,0.07,0
1991-03-01,2,Female,1909.6,1313.5,3223.1,59.25,40.75,-1.35,-0.89,0
1991-04-01,2,Female,1920.2,1313.6,3233.7,59.38,40.62,-0.91,-0.61,0
1991-05-01,2,Female,1917.5,1312.4,3229.9,59.37,40.63,-1.22,-1.25,0
1991-06-01,2,Female,1913.6,1310.3,3223.9,59.36,40.64,-0.97,-1.49,0
1991-07-01,2,Female,1912.0,1304.3,3216.3,59.45,40.55,-1.03,-2.11,0
1991-08-01,2,Female,1913.2,1302.2,3215.4,59.5,40.5,-1.05,-1.61,0
1991-09-01,2,Female,1918.9,1303.1,3222.0,59.56,40.44,-1.03,-0.87,0
1991-10-01,2,Female,1918.5,1286.8,3205.4,59.85,40.15,-0.04,-1.56,0
1991-11-01,2,Female,1875.3,1312.4,3187.8,58.83,41.17,-1.11,-2.12,0
1991-12-01,2,Female,1896.1,1314.7,3210.7,59.05,40.95,-0.8,-1.55,0
1992-01-01,2,Female,1902.0,1322.4,3224.4,58.99,41.01,-1.29,-0.23,0
1992-02-01,2,Female,1911.7,1321.3,3233.0,59.13,40.87,-0.28,-0.29,0
1992-03-01,2,Female,1895.8,1326.8,3222.6,58.83,41.17,-0.42,-0.01,0
1992-04-01,2,Female,1880.9,1335.4,3216.2,58.48,41.52,-0.9,-0.54,0
1992-05-01,2,Female,1892.0,1325.0,3217.0,58.81,41.19,-0.56,-0.4,0
1992-06-01,2,Female,1879.3,1350.3,3229.5,58.19,41.81,-1.17,0.17,0
1992-07-01,2,Female,1885.4,1358.8,3244.2,58.12,41.88,-1.33,0.87,0
1992-08-01,2,Female,1879.9,1373.7,3253.6,57.78,42.22,-1.72,1.19,0
1992-09-01,2,Female,1873.8,1363.7,3237.5,57.88,42.12,-1.68,0.48,0
1992-10-01,2,Female,1867.8,1376.4,3244.2,57.57,42.43,-2.28,1.21,0
1992-11-01,2,Female,1869.9,1351.9,3221.7,58.04,41.96,-0.79,1.07,0
1992-12-01,2,Female,1885.3,1340.9,3226.3,58.44,41.56,-0.61,0.48,0
1993-01-01,2,Female,1910.9,1341.9,3252.8,58.75,41.25,-0.24,0.88,0
1993-02-01,2,Female,1885.5,1338.1,3223.6,58.49,41.51,-0.64,-0.29,0
1993-03-01,2,Female,1902.4,1335.9,3238.3,58.75,41.25,-0.08,0.49,0
1993-04-01,2,Female,1902.4,1331.3,3233.7,58.83,41.17,0.35,0.54,0
1993-05-01,2,Female,1898.6,1332.3,3230.9,58.76,41.24,-0.05,0.43,0
1993-06-01,2,Female,1910.2,1320.4,3230.6,59.13,40.87,0.94,0.03,0
1993-07-01,2,Female,1896.2,1332.3,3228.6,58.73,41.27,0.61,-0.48,0
1993-08-01,2,Female,1906.5,1347.7,3254.2,58.58,41.42,0.8,0.02,0
1993-09-01,2,Female,1901.7,1355.6,3257.2,58.38,41.62,0.5,0.61,0
1993-10-01,2,Female,1919.0,1369.1,3288.1,58.36,41.64,0.79,1.35,0
1993-11-01,2,Female,1916.7,1371.8,3288.5,58.29,41.71,0.25,2.07,0
1993-12-01,2,Female,1924.7,1371.2,3295.9,58.4,41.6,-0.04,2.16,0
1994-01-01,2,Female,1925.0,1375.4,3300.3,58.33,41.67,-0.42,1.46,0
1994-02-01,2,Female,1943.7,1380.2,3323.8,58.48,41.52,-0.01,3.11,0
1994-03-01,2,Female,1947.1,1384.2,3331.3,58.45,41.55,-0.3,2.87,0
1994-04-01,2,Female,1927.1,1395.6,3322.6,58.0,42.0,-0.83,2.75,0
1994-05-01,2,Female,1938.1,1407.0,3345.1,57.94,42.06,-0.82,3.54,0
1994-06-01,2,Female,1961.5,1389.1,3350.6,58.54,41.46,-0.59,3.71,0
1994-07-01,2,Female,1955.3,1433.3,3388.6,57.7,42.3,-1.03,4.96,0
1994-08-01,2,Female,1962.2,1416.1,3378.3,58.08,41.92,-0.5,3.81,0
1994-09-01,2,Female,1984.5,1432.2,3416.7,58.08,41.92,-0.3,4.9,0
1994-10-01,2,Female,1971.7,1430.1,3401.8,57.96,42.04,-0.4,3.46,0
1994-11-01,2,Female,1985.6,1428.3,3413.9,58.16,41.84,-0.13,3.81,0
1994-12-01,2,Female,1972.2,1457.8,3429.9,57.5,42.5,-0.9,4.07,0
1995-01-01,2,Female,1972.2,1464.2,3436.3,57.39,42.61,-0.94,4.12,0
1995-02-01,2,Female,1991.8,1460.4,3452.1,57.7,42.3,-0.78,3.86,0
1995-03-01,2,Female,1985.5,1480.6,3466.1,57.28,42.72,-1.17,4.05,0
1995-04-01,2,Female,2025.5,1477.8,3503.3,57.82,42.18,-0.18,5.44,0
1995-05-01,2,Female,2039.7,1478.0,3517.7,57.99,42.01,0.05,5.16,0
1995-06-01,2,Female,2052.5,1489.4,3541.9,57.95,42.05,-0.59,5.71,0
1995-07-01,2,Female,2039.4,1506.1,3545.4,57.52,42.48,-0.18,4.63,0
1995-08-01,2,Female,2058.8,1491.4,3550.2,57.99,42.01,-0.09,5.09,0
1995-09-01,2,Female,2054.5,1480.7,3535.2,58.12,41.88,0.04,3.47,0
1995-10-01,2,Female,2057.2,1496.7,3553.9,57.89,42.11,-0.07,4.47,0
1995-11-01,2,Female,2065.9,1516.3,3582.2,57.67,42.33,-0.49,4.93,0
1995-12-01,2,Female,2057.5,1531.3,3588.8,57.33,42.67,-0.17,4.63,0
1996-01-01,2,Female,2073.9,1515.7,3589.6,57.78,42.22,0.39,4.46,0
1996-02-01,2,Female,2055.6,1520.0,3575.6,57.49,42.51,-0.21,3.58,0
1996-03-01,2,Female,2064.2,1516.2,3580.4,57.65,42.35,0.37,3.3,0
1996-04-01,2,Female,2065.6,1516.2,3581.8,57.67,42.33,-0.15,2.24,0
1996-05-01,2,Female,2063.1,1516.3,3579.4,57.64,42.36,-0.35,1.75,0
1996-06-01,2,Female,2060.1,1518.5,3578.6,57.57,42.43,-0.38,1.04,0
1996-07-01,2,Female,2075.3,1506.8,3582.1,57.94,42.06,0.42,1.04,0
1996-08-01,2,Female,2065.5,1515.4,3580.9,57.68,42.32,-0.31,0.87,0
1996-09-01,2,Female,2074.4,1503.6,3578.0,57.98,42.02,-0.14,1.21,0
1996-10-01,2,Female,2075.9,1517.7,3593.6,57.77,42.23,-0.12,1.12,0
1996-11-01,2,Female,2064.9,1515.5,3580.4,57.67,42.33,0.0,-0.05,0
1996-12-01,2,Female,2073.6,1525.4,3599.0,57.62,42.38,0.29,0.28,0
1997-01-01,2,Female,2058.4,1545.2,3603.6,57.12,42.88,-0.66,0.39,0
1997-02-01,2,Female,2063.9,1553.7,3617.6,57.05,42.95,-0.44,1.18,0
1997-03-01,2,Female,2058.6,1553.7,3612.3,56.99,43.01,-0.66,0.89,0
1997-04-01,2,Female,2062.6,1548.5,3611.1,57.12,42.88,-0.55,0.82,0
1997-05-01,2,Female,2068.0,1542.6,3610.7,57.28,42.72,-0.36,0.87,0
1997-06-01,2,Female,2050.1,1553.3,3603.4,56.89,43.11,-0.68,0.69,0
1997-07-01,2,Female,2066.7,1555.4,3622.2,57.06,42.94,-0.88,1.12,0
1997-08-01,2,Female,2056.7,1555.5,3612.2,56.94,43.06,-0.74,0.87,0
1997-09-01,2,Female,2074.4,1575.3,3649.8,56.84,43.16,-1.14,2.01,0
1997-10-01,2,Female,2062.8,1571.2,3634.1,56.76,43.24,-1.01,1.13,0
1997-11-01,2,Female,2077.5,1580.2,3657.8,56.8,43.2,-0.87,2.16,0
1997-12-01,2,Female,2073.2,1578.0,3651.2,56.78,43.22,-0.84,1.45,0
1998-01-01,2,Female,2069.1,1578.0,3647.1,56.73,43.27,-0.39,1.21,0
1998-02-01,2,Female,2075.9,1584.0,3659.9,56.72,43.28,-0.33,1.17,0
1998-03-01,2,Female,2078.5,1586.2,3664.7,56.72,43.28,-0.27,1.45,0
1998-04-01,2,Female,2087.4,1597.2,3684.6,56.65,43.35,-0.47,2.04,0
1998-05-01,2,Female,2070.3,1615.4,3685.7,56.17,43.83,-1.11,2.08,0
1998-06-01,2,Female,2086.9,1617.8,3704.7,56.33,43.67,-0.56,2.81,0
1998-07-01,2,Female,2113.0,1609.7,3722.7,56.76,43.24,-0.3,2.78,0
1998-08-01,2,Female,2112.8,1621.3,3734.0,56.58,43.42,-0.36,3.37,0
1998-09-01,2,Female,2109.5,1623.4,3733.0,56.51,43.49,-0.33,2.28,0
1998-10-01,2,Female,2110.7,1637.0,3747.7,56.32,43.68,-0.44,3.13,0
1998-11-01,2,Female,2101.5,1626.0,3727.5,56.38,43.62,-0.42,1.91,0
1998-12-01,2,Female,2128.5,1625.0,3753.5,56.71,43.29,-0.07,2.8,0
1999-01-01,2,Female,2128.4,1611.7,3740.1,56.91,43.09,0.18,2.55,0
1999-02-01,2,Female,2112.3,1625.9,3738.2,56.51,43.49,-0.21,2.14,0
1999-03-01,2,Female,2108.7,1631.9,3740.7,56.37,43.63,-0.35,2.07,0
1999-04-01,2,Female,2118.9,1632.9,3751.8,56.48,43.52,-0.17,1.82,0
1999-05-01,2,Female,2109.7,1639.4,3749.1,56.27,43.73,0.1,1.72,0
1999-06-01,2,Female,2132.1,1634.2,3766.3,56.61,43.39,0.28,1.66,0
1999-07-01,2,Female,2134.0,1650.2,3784.2,56.39,43.61,-0.37,1.65,0
1999-08-01,2,Female,2131.4,1653.9,3785.3,56.31,43.69,-0.27,1.37,0
1999-09-01,2,Female,2136.7,1663.2,3799.9,56.23,43.77,-0.28,1.79,0
1999-10-01,2,Female,2164.3,1667.8,3832.1,56.48,43.52,0.16,2.25,0
1999-11-01,2,Female,2157.5,1676.3,3833.8,56.28,43.72,-0.1,2.85,0
1999-12-01,2,Female,2177.6,1685.5,3863.0,56.37,43.63,-0.34,2.92,0
2000-01-01,2,Female,2170.1,1654.9,3825.1,56.73,43.27,-0.18,2.27,0
2000-02-01,2,Female,2156.0,1688.4,3844.4,56.08,43.92,-0.43,2.84,0
2000-03-01,2,Female,2195.5,1690.1,3885.6,56.5,43.5,0.13,3.87,0
2000-04-01,2,Female,2204.4,1699.6,3903.9,56.47,43.53,-0.01,4.05,0
2000-05-01,2,Female,2196.4,1708.6,3905.0,56.25,43.75,-0.02,4.16,0
2000-06-01,2,Female,2227.9,1703.3,3931.2,56.67,43.33,0.06,4.38,0
2000-07-01,2,Female,2254.9,1722.0,3976.9,56.7,43.3,0.31,5.09,0
2000-08-01,2,Female,2251.0,1742.9,3993.9,56.36,43.64,0.05,5.51,0
2000-09-01,2,Female,2264.1,1709.4,3973.5,56.98,43.02,0.75,4.57,0
2000-10-01,2,Female,2242.0,1720.9,3962.9,56.58,43.42,0.1,3.42,0
2000-11-01,2,Female,2236.2,1685.8,3922.0,57.02,42.98,0.74,2.3,0
2000-12-01,2,Female,2229.2,1725.6,3954.7,56.37,43.63,0.0,2.37,0
2001-01-01,2,Female,2231.6,1728.2,3959.8,56.36,43.64,-0.37,3.52,0
2001-02-01,2,Female,2241.7,1727.3,3969.0,56.48,43.52,0.4,3.24,0
2001-03-01,2,Female,2271.8,1721.4,3993.2,56.89,43.11,0.39,2.77,0
2001-04-01,2,Female,2242.1,1779.1,4021.2,55.76,44.24,-0.71,3.0,0
2001-05-01,2,Female,2245.6,1764.6,4010.1,56.0,44.0,-0.25,2.69,0
2001-06-01,2,Female,2228.0,1784.2,4012.3,55.53,44.47,-1.14,2.06,0
2001-07-01,2,Female,2205.0,1806.5,4011.4,54.97,45.03,-1.73,0.87,0
2001-08-01,2,Female,2215.8,1811.7,4027.5,55.02,44.98,-1.34,0.84,0
2001-09-01,2,Female,2205.9,1803.4,4009.2,55.02,44.98,-1.96,0.9,0
2001-10-01,2,Female,2216.1,1805.7,4021.8,55.1,44.9,-1.48,1.49,0
2001-11-01,2,Female,2213.9,1827.9,4041.8,54.77,45.23,-2.25,3.05,0
2001-12-01,2,Female,2202.7,1824.4,4027.0,54.7,45.3,-1.67,1.83,0
2002-01-01,2,Female,2210.4,1837.1,4047.5,54.61,45.39,-1.75,2.22,0
2002-02-01,2,Female,2204.8,1851.2,4056.0,54.36,45.64,-2.12,2.19,0
2002-03-01,2,Female,2228.0,1835.6,4063.6,54.83,45.17,-2.06,1.76,0
2002-04-01,2,Female,2198.5,1847.7,4046.2,54.33,45.67,-1.43,0.62,0
2002-05-01,2,Female,2210.8,1835.6,4046.4,54.64,45.36,-1.36,0.9,0
2002-06-01,2,Female,2187.8,1868.0,4055.9,53.94,46.06,-1.59,1.09,0
2002-07-01,2,Female,2215.8,1850.5,4066.3,54.49,45.51,-0.48,1.37,0
2002-08-01,2,Female,2255.9,1856.6,4112.6,54.85,45.15,-0.17,2.11,0
2002-09-01,2,Female,2230.5,1885.0,4115.5,54.2,45.8,-0.82,2.65,0
2002-10-01,2,Female,2238.7,1884.8,4123.5,54.29,45.71,-0.81,2.53,0
2002-11-01,2,Female,2248.1,1896.6,4144.7,54.24,45.76,-0.53,2.55,0
2002-12-01,2,Female,2269.0,1906.2,4175.2,54.34,45.66,-0.36,3.68,0
2003-01-01,2,Female,2278.8,1935.4,4214.2,54.07,45.93,-0.54,4.12,0
2003-02-01,2,Female,2287.8,1935.3,4223.1,54.17,45.83,-0.19,4.12,0
2003-03-01,2,Female,2259.7,1925.8,4185.5,53.99,46.01,-0.84,3.0,0
2003-04-01,2,Female,2270.6,1933.7,4204.3,54.01,45.99,-0.32,3.91,0
2003-05-01,2,Female,2279.4,1932.7,4212.1,54.12,45.88,-0.52,4.09,0
2003-06-01,2,Female,2246.0,1953.4,4199.4,53.48,46.52,-0.46,3.54,0
2003-07-01,2,Female,2274.5,1911.2,4185.7,54.34,45.66,-0.15,2.94,0
2003-08-01,2,Female,2275.1,1930.0,4205.0,54.1,45.9,-0.75,2.25,0
2003-09-01,2,Female,2276.9,1925.8,4202.7,54.18,45.82,-0.02,2.12,0
2003-10-01,2,Female,2287.3,1920.3,4207.7,54.36,45.64,0.07,2.04,0
2003-11-01,2,Female,2290.8,1908.2,4199.1,54.56,45.44,0.32,1.31,0
2003-12-01,2,Female,2290.3,1911.6,4202.0,54.51,45.49,0.17,0.64,0
2004-01-01,2,Female,2307.3,1888.1,4195.4,55.0,45.0,0.93,-0.44,0
2004-02-01,2,Female,2286.3,1914.0,4200.3,54.43,45.57,0.26,-0.54,0
2004-03-01,2,Female,2310.5,1920.1,4230.7,54.61,45.39,0.62,1.08,0
2004-04-01,2,Female,2310.6,1926.9,4237.5,54.53,45.47,0.52,0.79,0
2004-05-01,2,Female,2307.0,1932.0,4239.0,54.42,45.58,0.3,0.64,0
2004-06-01,2,Female,2320.5,1919.9,4240.4,54.72,45.28,1.24,0.98,0
2004-07-01,2,Female,2327.5,1924.3,4251.8,54.74,45.26,0.4,1.58,0
2004-08-01,2,Female,2341.0,1924.8,4265.8,54.88,45.12,0.78,1.45,0
2004-09-01,2,Female,2343.7,1938.8,4282.5,54.73,45.27,0.55,1.9,0
2004-10-01,2,Female,2375.0,1945.4,4320.3,54.97,45.03,0.61,2.68,0
2004-11-01,2,Female,2382.2,1954.8,4337.1,54.93,45.07,0.37,3.29,0
2004-12-01,2,Female,2382.0,1963.2,4345.2,54.82,45.18,0.31,3.41,0
2005-01-01,2,Female,2390.3,1975.5,4365.8,54.75,45.25,-0.25,4.06,0
2005-02-01,2,Female,2411.9,1973.0,4384.9,55.01,44.99,0.58,4.4,0
2005-03-01,2,Female,2403.6,2001.2,4404.9,54.57,45.43,-0.04,4.12,0
2005-04-01,2,Female,2425.4,1990.7,4416.1,54.92,45.08,0.39,4.22,0
2005-05-01,2,Female,2401.8,2010.6,4412.4,54.43,45.57,0.01,4.09,0
2005-06-01,2,Female,2432.5,2002.8,4435.2,54.84,45.16,0.12,4.59,0
2005-07-01,2,Female,2432.6,2017.8,4450.4,54.66,45.34,-0.08,4.67,0
2005-08-01,2,Female,2418.7,2050.5,4469.3,54.12,45.88,-0.76,4.77,0
2005-09-01,2,Female,2425.9,2035.6,4461.5,54.37,45.63,-0.36,4.18,0
2005-10-01,2,Female,2415.1,2059.1,4474.2,53.98,46.02,-0.99,3.56,0
2005-11-01,2,Female,2428.8,2048.2,4477.0,54.25,45.75,-0.68,3.23,0
2005-12-01,2,Female,2433.1,2052.9,4486.1,54.24,45.76,-0.58,3.24,0
2006-01-01,2,Female,2455.5,2034.6,4490.1,54.69,45.31,-0.06,2.85,0
2006-02-01,2,Female,2463.8,2032.4,4496.2,54.8,45.2,-0.21,2.54,0
2006-03-01,2,Female,2451.3,2061.1,4512.4,54.32,45.68,-0.25,2.44,0
2006-04-01,2,Female,2472.8,2046.5,4519.3,54.72,45.28,-0.2,2.34,0
2006-05-01,2,Female,2476.2,2072.5,4548.7,54.44,45.56,0.01,3.09,0
2006-06-01,2,Female,2500.0,2062.1,4562.0,54.8,45.2,-0.04,2.86,0
2006-07-01,2,Female,2520.1,2068.0,4588.2,54.93,45.07,0.27,3.09,0
2006-08-01,2,Female,2532.3,2064.1,4596.4,55.09,44.91,0.97,2.84,0
2006-09-01,2,Female,2551.9,2068.1,4619.9,55.24,44.76,0.87,3.55,0
2006-10-01,2,Female,2544.6,2053.2,4597.8,55.34,44.66,1.36,2.76,0
2006-11-01,2,Female,2555.6,2061.9,4617.5,55.35,44.65,1.1,3.14,0
2006-12-01,2,Female,2572.8,2062.2,4634.9,55.51,44.49,1.27,3.32,0
2007-01-01,2,Female,2568.8,2067.2,4636.0,55.41,44.59,0.72,3.25,0
2007-02-01,2,Female,2576.8,2071.1,4647.9,55.44,44.56,0.64,3.37,0
2007-03-01,2,Female,2585.2,2065.0,4650.2,55.59,44.41,1.27,3.05,0
2007-04-01,2,Female,2574.6,2088.4,4663.1,55.21,44.79,0.49,3.18,0
2007-05-01,2,Female,2604.8,2077.5,4682.3,55.63,44.37,1.19,2.94,0
2007-06-01,2,Female,2587.0,2094.3,4681.3,55.26,44.74,0.46,2.61,0
2007-07-01,2,Female,2594.5,2107.3,4701.8,55.18,44.82,0.25,2.48,0
2007-08-01,2,Female,2619.4,2102.5,4721.9,55.47,44.53,0.38,2.73,0
2007-09-01,2,Female,2598.9,2144.6,4743.5,54.79,45.21,-0.45,2.67,0
2007-10-01,2,Female,2652.6,2098.3,4750.9,55.83,44.17,0.49,3.33,0
2007-11-01,2,Female,2651.9,2118.1,4770.0,55.6,44.4,0.25,3.3,0
2007-12-01,2,Female,2671.6,2114.6,4786.2,55.82,44.18,0.31,3.26,0
2008-01-01,2,Female,2653.9,2130.2,4784.1,55.47,44.53,0.06,3.19,0
2008-02-01,2,Female,2689.1,2115.8,4804.9,55.97,44.03,0.53,3.38,0
2008-03-01,2,Female,2684.0,2140.3,4824.3,55.64,44.36,0.05,3.74,0
2008-04-01,2,Female,2679.6,2176.0,4855.6,55.19,44.81,-0.02,4.13,0
2008-05-01,2,Female,2680.2,2149.9,4830.1,55.49,44.51,-0.14,3.16,0
2008-06-01,2,Female,2674.5,2167.9,4842.4,55.23,44.77,-0.03,3.44,0
2008-07-01,2,Female,2717.8,2147.4,4865.2,55.86,44.14,0.68,3.48,0
2008-08-01,2,Female,2711.6,2172.8,4884.5,55.52,44.48,0.05,3.44,0
2008-09-01,2,Female,2696.7,2170.5,4867.3,55.41,44.59,0.62,2.61,0
2008-10-01,2,Female,2675.2,2200.4,4875.7,54.87,45.13,-0.96,2.63,0
2008-11-01,2,Female,2688.4,2192.3,4880.8,55.08,44.92,-0.52,2.32,0
2008-12-01,2,Female,2663.2,2233.1,4896.3,54.39,45.61,-1.43,2.3,0
2009-01-01,2,Female,2734.0,2182.5,4916.5,55.61,44.39,0.14,2.77,0
2009-02-01,2,Female,2708.2,2222.9,4931.1,54.92,45.08,-1.05,2.63,0
2009-03-01,2,Female,2709.9,2206.5,4916.3,55.12,44.88,-0.52,1.91,0
2009-04-01,2,Female,2719.9,2209.5,4929.4,55.18,44.82,-0.01,1.52,0
2009-05-01,2,Female,2713.8,2216.3,4930.1,55.04,44.96,-0.45,2.07,0
2009-06-01,2,Female,2690.2,2225.2,4915.4,54.73,45.27,-0.5,1.51,0
2009-07-01,2,Female,2694.6,2239.6,4934.2,54.61,45.39,-1.25,1.42,0
2009-08-01,2,Female,2657.5,2252.7,4910.3,54.12,45.88,-1.4,0.53,0
2009-09-01,2,Female,2656.9,2259.0,4915.8,54.05,45.95,-1.36,1.0,0
2009-10-01,2,Female,2670.9,2257.6,4928.5,54.19,45.81,-0.68,1.08,0
2009-11-01,2,Female,2683.6,2264.2,4947.9,54.24,45.76,-0.84,1.38,0
2009-12-01,2,Female,2678.5,2274.9,4953.4,54.07,45.93,-0.32,1.17,0
2010-01-01,2,Female,2685.4,2278.7,4964.1,54.1,45.9,-1.51,0.97,0
2010-02-01,2,Female,2656.0,2296.2,4952.2,53.63,46.37,-1.29,0.43,0
2010-03-01,2,Female,2678.1,2291.0,4969.2,53.89,46.11,-1.23,1.07,0
2010-04-01,2,Female,2687.4,2273.5,4960.9,54.17,45.83,-1.01,0.64,0
2010-05-01,2,Female,2698.3,2271.3,4969.7,54.3,45.7,-0.74,0.8,0
2010-06-01,2,Female,2707.4,2283.9,4991.3,54.24,45.76,-0.49,1.54,0
2010-07-01,2,Female,2694.6,2313.5,5008.1,53.81,46.19,-0.8,1.5,0
2010-08-01,2,Female,2738.7,2277.2,5016.0,54.6,45.4,0.48,2.15,0
2010-09-01,2,Female,2733.4,2293.0,5026.4,54.38,45.62,0.33,2.25,0
2010-10-01,2,Female,2724.4,2313.2,5037.6,54.08,45.92,-0.11,2.22,0
2010-11-01,2,Female,2762.5,2299.6,5062.2,54.57,45.43,0.33,2.31,0
2010-12-01,2,Female,2751.8,2311.0,5062.8,54.35,45.65,0.28,2.21,0
2011-01-01,2,Female,2760.2,2309.9,5070.1,54.44,45.56,0.34,2.14,0
2011-02-01,2,Female,2757.2,2309.7,5066.9,54.42,45.58,0.79,2.32,0
2011-03-01,2,Female,2792.0,2305.5,5097.4,54.77,45.23,0.88,2.58,0
2011-04-01,2,Female,2763.2,2329.1,5092.3,54.26,45.74,0.09,2.65,0
2011-05-01,2,Female,2738.4,2344.5,5082.8,53.87,46.13,-0.43,2.28,0
2011-06-01,2,Female,2787.1,2324.7,5111.8,54.52,45.48,0.28,2.41,0
2011-07-01,2,Female,2784.6,2332.8,5117.4,54.41,45.59,0.6,2.18,0
2011-08-01,2,Female,2778.4,2345.0,5123.4,54.23,45.77,-0.37,2.14,0
2011-09-01,2,Female,2793.3,2346.7,5140.0,54.34,45.66,-0.04,2.26,0
2011-10-01,2,Female,2789.3,2353.2,5142.5,54.24,45.76,0.16,2.08,0
2011-11-01,2,Female,2779.6,2353.5,5133.1,54.15,45.85,-0.42,1.4,0
2011-12-01,2,Female,2793.5,2313.8,5107.3,54.7,45.3,0.35,0.88,0
2012-01-01,2,Female,2797.9,2344.4,5142.3,54.41,45.59,-0.03,1.42,0
2012-02-01,2,Female,2804.3,2335.1,5139.4,54.57,45.43,0.15,1.43,0
2012-03-01,2,Female,2816.6,2374.8,5191.5,54.26,45.74,-0.51,1.84,0
2012-04-01,2,Female,2812.3,2354.7,5167.0,54.43,45.57,0.17,1.47,0
2012-05-01,2,Female,2826.6,2372.2,5198.8,54.37,45.63,0.5,2.28,0
2012-06-01,2,Female,2804.6,2370.7,5175.2,54.19,45.81,-0.33,1.24,0
2012-07-01,2,Female,2818.0,2380.4,5198.4,54.21,45.79,-0.2,1.58,0
2012-08-01,2,Female,2814.9,2386.3,5201.2,54.12,45.88,-0.11,1.52,0
2012-09-01,2,Female,2860.0,2371.2,5231.2,54.67,45.33,0.33,1.77,0
2012-10-01,2,Female,2843.2,2360.9,5204.0,54.63,45.37,0.39,1.2,0
2012-11-01,2,Female,2833.3,2378.6,5211.9,54.36,45.64,0.21,1.53,0
2012-12-01,2,Female,2822.8,2378.4,5201.2,54.27,45.73,-0.43,1.84,0
2013-01-01,2,Female,2856.6,2388.3,5244.8,54.46,45.54,0.05,1.99,0
2013-02-01,2,Female,2848.5,2408.8,5257.3,54.18,45.82,-0.39,2.29,0
2013-03-01,2,Female,2830.1,2417.3,5247.4,53.93,46.07,-0.33,1.08,0
2013-04-01,2,Female,2845.2,2420.6,5265.8,54.03,45.97,-0.4,1.91,0
2013-05-01,2,Female,2836.7,2408.7,5245.4,54.08,45.92,-0.29,0.9,0
2013-06-01,2,Female,2829.9,2424.7,5254.6,53.86,46.14,-0.33,1.53,0
2013-07-01,2,Female,2839.7,2419.9,5259.7,53.99,46.01,-0.22,1.18,0
2013-08-01,2,Female,2857.0,2406.1,5263.1,54.28,45.72,0.16,1.19,0
2013-09-01,2,Female,2853.6,2417.6,5271.2,54.14,45.86,-0.53,0.76,0
2013-10-01,2,Female,2847.1,2428.1,5275.2,53.97,46.03,-0.66,1.37,0
2013-11-01,2,Female,2833.6,2428.1,5261.7,53.85,46.15,-0.51,0.96,0
2013-12-01,2,Female,2806.4,2440.3,5246.7,53.49,46.51,-0.78,0.88,0
2014-01-01,2,Female,2815.7,2450.5,5266.2,53.47,46.53,-0.99,0.41,0
2014-02-01,2,Female,2839.5,2444.2,5283.7,53.74,46.26,-0.44,0.5,0
2014-03-01,2,Female,2856.3,2443.4,5299.7,53.9,46.1,-0.03,1.0,0
2014-04-01,2,Female,2842.5,2458.4,5300.9,53.62,46.38,-0.41,0.67,0
2014-05-01,2,Female,2863.2,2438.3,5301.5,54.01,45.99,-0.07,1.07,0
2014-06-01,2,Female,2861.4,2450.4,5311.8,53.87,46.13,0.01,1.09,0
2014-07-01,2,Female,2860.7,2456.7,5317.4,53.8,46.2,-0.19,1.1,0
2014-08-01,2,Female,2856.7,2459.5,5316.2,53.74,46.26,-0.54,1.01,0
2014-09-01,2,Female,2858.7,2463.0,5321.7,53.72,46.28,-0.42,0.96,0
2014-10-01,2,Female,2866.1,2446.4,5312.5,53.95,46.05,-0.02,0.71,0
2014-11-01,2,Female,2811.7,2480.2,5291.9,53.13,46.87,-0.72,0.57,0
2014-12-01,2,Female,2843.9,2494.1,5338.0,53.28,46.72,-0.21,1.74,0
2015-01-01,2,Female,2855.8,2489.4,5345.2,53.43,46.57,-0.04,1.5,0
2015-02-01,2,Female,2874.8,2500.4,5375.2,53.48,46.52,-0.26,1.73,0
2015-03-01,2,Female,2875.3,2497.8,5373.1,53.51,46.49,-0.39,1.39,0
2015-04-01,2,Female,2897.8,2488.8,5386.7,53.8,46.2,0.18,1.62,0
2015-05-01,2,Female,2906.9,2508.7,5415.6,53.68,46.32,-0.33,2.15,0
2015-06-01,2,Female,2917.1,2505.5,5422.6,53.8,46.2,-0.07,2.09,0
2015-07-01,2,Female,2925.8,2508.2,5434.1,53.84,46.16,0.04,2.19,0
2015-08-01,2,Female,2915.3,2536.5,5451.8,53.47,46.53,-0.27,2.55,0
2015-09-01,2,Female,2942.8,2519.6,5462.4,53.87,46.13,0.15,2.65,0
2015-10-01,2,Female,2940.5,2560.8,5501.3,53.45,46.55,-0.5,3.55,0
2015-11-01,2,Female,2969.5,2561.7,5531.2,53.69,46.31,0.56,4.52,0
2015-12-01,2,Female,2977.6,2551.7,5529.3,53.85,46.15,0.57,3.58,0
2016-01-01,2,Female,2956.8,2563.4,5520.2,53.56,46.44,0.13,3.27,0
2016-02-01,2,Female,2983.9,2558.6,5542.5,53.84,46.16,0.36,3.11,0
2016-03-01,2,Female,2975.7,2573.1,5548.8,53.63,46.37,0.12,3.27,0
2016-04-01,2,Female,2992.6,2571.3,5564.0,53.79,46.21,-0.01,3.29,0
2016-05-01,2,Female,2973.5,2576.9,5550.3,53.57,46.43,-0.11,2.49,0
2016-06-01,2,Female,2986.0,2584.1,5570.1,53.61,46.39,-0.19,2.72,0
2016-07-01,2,Female,2974.6,2606.6,5581.2,53.3,46.7,-0.54,2.71,0
2016-08-01,2,Female,2969.4,2593.1,5562.5,53.38,46.62,-0.09,2.03,0
2016-09-01,2,Female,2956.9,2612.8,5569.8,53.09,46.91,-0.78,1.96,0
2016-10-01,2,Female,2964.2,2608.0,5572.2,53.2,46.8,-0.25,1.29,0
2016-11-01,2,Female,2977.7,2611.0,5588.7,53.28,46.72,-0.41,1.04,0
2016-12-01,2,Female,2980.0,2621.7,5601.7,53.2,46.8,-0.65,1.31,0
2017-01-01,2,Female,2938.8,2683.6,5622.3,52.27,47.73,-1.29,1.85,0
2017-02-01,2,Female,2961.5,2639.2,5600.7,52.88,47.12,-0.96,1.05,0
2017-03-01,2,Female,3011.9,2628.3,5640.2,53.4,46.6,-0.23,1.65,0
2017-04-01,2,Female,2992.8,2652.8,5645.6,53.01,46.99,-0.78,1.47,0
2017-05-01,2,Female,3030.8,2652.7,5683.4,53.33,46.67,-0.24,2.4,0
2017-06-01,2,Female,3057.1,2655.4,5712.5,53.52,46.48,-0.09,2.56,0
2017-07-01,2,Female,3059.3,2660.2,5719.5,53.49,46.51,0.19,2.48,0
2017-08-01,2,Female,3091.6,2666.4,5757.9,53.69,46.31,0.31,3.51,0
2017-09-01,2,Female,3080.9,2702.7,5783.6,53.27,46.73,0.18,3.84,0
2017-10-01,2,Female,3104.3,2681.1,5785.4,53.66,46.34,0.46,3.83,0
2017-11-01,2,Female,3131.1,2679.2,5810.3,53.89,46.11,0.61,3.97,0
2017-12-01,2,Female,3137.1,2701.8,5838.9,53.73,46.27,0.53,4.24,0
2018-01-01,2,Female,3144.2,2690.3,5834.5,53.89,46.11,1.62,3.77,0
2018-02-01,2,Female,3133.2,2706.0,5839.2,53.66,46.34,0.78,4.26,0
2018-03-01,2,Female,3114.8,2743.6,5858.4,53.17,46.83,-0.23,3.87,0
2018-04-01,2,Female,3137.6,2722.3,5859.9,53.54,46.46,0.53,3.8,0
2018-05-01,2,Female,3110.8,2734.4,5845.2,53.22,46.78,-0.11,2.85,0
2018-06-01,2,Female,3128.8,2763.6,5892.4,53.1,46.9,-0.42,3.15,0
2018-07-01,2,Female,3137.0,2735.4,5872.4,53.42,46.58,-0.07,2.67,0
2018-08-01,2,Female,3174.1,2721.8,5895.9,53.84,46.16,0.15,2.4,0
2018-09-01,2,Female,3186.8,2717.9,5904.7,53.97,46.03,0.7,2.09,0
2018-10-01,2,Female,3214.4,2713.4,5927.8,54.23,45.77,0.57,2.46,0
2018-11-01,2,Female,3211.4,2734.2,5945.6,54.01,45.99,0.12,2.33,0
2018-12-01,2,Female,3222.1,2725.2,5947.2,54.18,45.82,0.45,1.85,0
2019-01-01,2,Female,3229.1,2742.5,5971.6,54.07,45.93,0.18,2.35,0
2019-02-01,2,Female,3246.6,2738.1,5984.7,54.25,45.75,0.59,2.49,0
2019-03-01,2,Female,3258.8,2732.0,5990.7,54.4,45.6,1.23,2.26,0
2019-04-01,2,Female,3270.3,2755.6,6025.9,54.27,45.73,0.73,2.83,0
2019-05-01,2,Female,3225.2,2767.2,5992.4,53.82,46.18,0.6,2.52,0
2019-06-01,2,Female,3244.2,2763.7,6008.0,54.0,46.0,0.9,1.96,0
2019-07-01,2,Female,3286.2,2748.1,6034.3,54.46,45.54,1.04,2.76,0
2019-08-01,2,Female,3282.5,2784.7,6067.2,54.1,45.9,0.26,2.9,0
2019-09-01,2,Female,3305.7,2794.2,6099.9,54.19,45.81,0.22,3.31,0
2019-10-01,2,Female,3303.7,2780.0,6083.7,54.3,45.7,0.07,2.63,0
2019-11-01,2,Female,3306.6,2789.2,6095.8,54.24,45.76,0.23,2.53,0
2019-12-01,2,Female,3336.8,2783.9,6120.7,54.52,45.48,0.34,2.92,0
2020-01-01,2,Female,3345.4,2799.7,6145.1,54.44,45.56,0.37,2.91,0
2020-02-01,2,Female,3328.1,2807.9,6136.0,54.24,45.76,-0.01,2.53,0
2020-03-01,2,Female,3322.4,2803.0,6125.4,54.24,45.76,-0.16,2.25,0
2020-04-01,2,Female,3219.8,2591.2,5811.1,55.41,44.59,1.14,-3.57,0
2020-05-01,2,Female,3170.5,2470.5,5641.0,56.2,43.8,2.38,-5.86,0
2020-06-01,2,Female,3160.5,2618.1,5778.6,54.69,45.31,0.69,-3.82,0
2020-07-01,2,Female,3194.5,2658.0,5852.5,54.58,45.42,0.12,-3.01,0
2020-08-01,2,Female,3210.5,2729.6,5940.1,54.05,45.95,-0.05,-2.09,0
2020-09-01,2,Female,3212.6,2720.1,5932.7,54.15,45.85,-0.04,-2.74,0
2020-10-01,2,Female,3210.0,2763.0,5973.0,53.74,46.26,-0.56,-1.82,0
2020-11-01,2,Female,3254.5,2766.5,6021.0,54.05,45.95,-0.19,-1.23,0
2020-12-01,2,Female,3290.2,2768.1,6058.3,54.31,45.69,-0.21,-1.02,0
2021-01-01,2,Female,3321.3,2743.2,6064.5,54.77,45.23,0.33,-1.31,0
2021-02-01,2,Female,3374.6,2743.6,6118.2,55.16,44.84,0.92,-0.29,0
2021-03-01,2,Female,3347.0,2816.0,6163.0,54.31,45.69,0.07,0.61,0
2021-04-01,2,Female,3347.6,2795.0,6142.6,54.5,45.5,-0.91,5.7,0
2021-05-01,2,Female,3411.1,2795.8,6206.9,54.96,45.04,-1.24,10.03,0
2021-06-01,2,Female,3397.6,2798.7,6196.3,54.83,45.17,0.14,7.23,0
2021-07-01,2,Female,3391.9,2806.7,6198.5,54.72,45.28,0.14,5.91,0
2021-08-01,2,Female,3389.9,2746.2,6136.1,55.24,44.76,1.19,3.3,0
2021-09-01,2,Female,3416.8,2642.8,6059.6,56.39,43.61,2.24,2.14,0
2021-10-01,2,Female,3400.5,2623.1,6023.6,56.45,43.55,2.71,0.85,0
2021-11-01,2,Female,3457.2,2798.8,6256.0,55.26,44.74,1.21,3.9,0
2021-12-01,2,Female,3483.8,2796.5,6280.3,55.47,44.53,1.16,3.66,0
2022-01-01,2,Female,3507.0,2849.4,6356.3,55.17,44.83,0.4,4.81,0
2022-02-01,2,Female,3547.8,2839.5,6387.3,55.54,44.46,0.38,4.4,0
2022-03-01,2,Female,3565.5,2829.8,6395.3,55.75,44.25,1.44,3.77,0
2022-04-01,2,Female,3604.7,2817.7,6422.4,56.13,43.87,1.63,4.56,0
2022-05-01,2,Female,3634.2,2790.3,6424.5,56.57,43.43,1.61,3.5,0
2022-06-01,2,Female,3651.0,2836.5,6487.5,56.28,43.72,1.45,4.7,0
2022-07-01,2,Female,3625.1,2868.9,6494.0,55.82,44.18,1.1,4.77,0
2022-08-01,2,Female,3692.5,2832.3,6524.9,56.59,43.41,1.35,6.34,0
2022-09-01,2,Female,3710.9,2802.8,6513.7,56.97,43.03,0.58,7.49,0
2022-10-01,2,Female,3725.5,2804.7,6530.2,57.05,42.95,0.6,8.41,0
2022-11-01,2,Female,3739.9,2845.2,6585.1,56.79,43.21,1.53,5.26,0
2022-12-01,2,Female,3772.3,2799.1,6571.5,57.4,42.6,1.93,4.64,0
2023-01-01,2,Female,3771.7,2803.5,6575.3,57.36,42.64,2.19,3.44,0
2023-02-01,2,Female,3783.5,2803.3,6586.8,57.44,42.56,1.9,3.12,0
2023-03-01,2,Female,3828.3,2826.0,6654.3,57.53,42.47,1.78,4.05,0
2023-04-01,2,Female,3854.8,2806.4,6661.1,57.87,42.13,1.74,3.72,0
2023-05-01,2,Female,3881.3,2817.2,6698.5,57.94,42.06,1.37,4.27,0
2023-06-01,2,Female,3875.3,2824.3,6699.6,57.84,42.16,1.56,3.27,0
2023-07-01,2,Female,3849.6,2834.4,6684.0,57.59,42.41,1.77,2.93,0
2023-08-01,2,Female,3843.7,2877.9,6721.6,57.18,42.82,0.59,3.02,0
2023-09-01,2,Female,3857.6,2887.2,6744.8,57.19,42.81,0.22,3.55,0
2023-10-01,2,Female,3874.8,2909.5,6784.3,57.11,42.89,0.06,3.89,0
2023-11-01,2,Female,3883.9,2917.6,6801.5,57.1,42.9,0.31,3.29,0
2023-12-01,2,Female,3820.6,2949.2,6769.8,56.44,43.56,-0.96,3.02,0
2024-01-01,2,Female,3833.8,2936.9,6770.7,56.62,43.38,-0.74,2.97,0
2024-02-01,2,Female,3872.2,2945.6,6817.9,56.8,43.2,-0.64,3.51,0
2024-03-01,2,Female,3877.3,2917.7,6795.0,57.06,42.94,-0.47,2.11,0
2024-04-01,2,Female,3869.7,2964.9,6834.6,56.62,43.38,-1.25,2.6,0
2024-05-01,2,Female,3862.5,2966.4,6828.9,56.56,43.44,-1.38,1.95,0
2024-06-01,2,Female,3885.9,2957.8,6843.7,56.78,43.22,-1.06,2.15,0
2024-07-01,2,Female,3912.9,2977.3,6890.3,56.79,43.21,-0.8,3.09,0
2024-08-01,2,Female,3949.6,2946.4,6896.0,57.27,42.73,0.09,2.59,0
2024-09-01,2,Female,3931.1,2966.9,6898.0,56.99,43.01,-0.2,2.27,0
2024-10-01,2,Female,3921.1,2978.2,6899.4,56.83,43.17,-0.28,1.7,0
2024-11-01,2,Female,3947.5,2970.0,6917.5,57.07,42.93,-0.03,1.71,0
2024-12-01,2,Female,3952.1,2962.3,6914.3,57.16,42.84,0.72,2.14,0
2025-01-01,2,Female,3971.7,2993.8,6965.5,57.02,42.98,0.4,2.88,0
2025-02-01,2,Female,3969.6,2956.9,6926.6,57.31,42.69,0.51,1.59,0
2025-03-01,2,Female,3928.5,3003.7,6932.3,56.67,43.33,-0.39,2.02,0
2025-04-01,2,Female,3981.6,3038.2,7019.9,56.72,43.28,0.1,2.71,0
2025-05-01,2,Female,4030.2,3000.5,7030.8,57.32,42.68,0.76,2.96,0
2025-06-01,2,Female,3991.6,3007.2,6998.8,57.03,42.97,0.25,2.27,0
2025-07-01,2,Female,4037.8,3005.4,7043.2,57.33,42.67,0.54,2.22,0
2025-08-01,2,Female,3998.0,3025.7,7023.7,56.92,43.08,-0.35,1.85,0
2025-09-01,2,Female,3981.1,3043.7,7024.8,56.67,43.33,-0.32,1.84,0
2025-10-01,2,Female,4005.9,3022.6,7028.5,56.99,43.01,0.16,1.87,0
2025-11-01,2,Female,3983.6,3050.8,7034.4,56.63,43.37,-0.44,1.69,0
2025-12-01,2,Female,3972.3,3073.4,7045.7,56.38,43.62,-0.78,1.9,0
2026-01-01,2,Female,4007.8,3050.7,7058.4,56.78,43.22,-0.24,1.33,0
2026-02-01,2,Female,4003.4,3072.5,7075.9,56.58,43.42,-0.73,2.16,0
2026-03-01,2,Female,4028.6,3052.9,7081.5,56.89,43.11,0.22,2.15,0
2026-04-01,2,Female,4004.8,3030.3,7035.1,56.93,43.07,0.21,0.22,0
2026-05-01,2,Female,4009.6,3070.9,7080.5,56.63,43.37,-0.69,0.71,0
2026-06-01,2,Female,4031.2,3085.8,7117.0,56.64,43.36,-0.39,1.69,1
1978-02-01,1,Male,3679.8,201.2,3881.0,94.82,5.18,,,0
1978-03-01,1,Male,3691.2,193.3,3884.5,95.02,4.98,,,0
1978-04-01,1,Male,3696.7,191.8,3888.5,95.07,4.93,,,0
1978-05-01,1,Male,3692.2,193.5,3885.7,95.02,4.98,,,0
1978-06-01,1,Male,3680.4,202.3,3882.7,94.79,5.21,,,0
1978-07-01,1,Male,3668.4,204.6,3873.0,94.72,5.28,,,0
1978-08-01,1,Male,3668.4,204.1,3872.5,94.73,5.27,,,0
1978-09-01,1,Male,3672.2,198.0,3870.1,94.89,5.11,,,0
1978-10-01,1,Male,3674.2,201.5,3875.7,94.8,5.2,,,0
1978-11-01,1,Male,3680.6,197.1,3877.7,94.92,5.08,,,0
1978-12-01,1,Male,3689.1,202.0,3891.1,94.81,5.19,,,0
1979-01-01,1,Male,3694.4,196.4,3890.8,94.95,5.05,,,0
1979-02-01,1,Male,3704.2,196.6,3900.8,94.96,5.04,0.14,0.51,0
1979-03-01,1,Male,3704.4,198.0,3902.4,94.93,5.07,-0.09,0.46,0
1979-04-01,1,Male,3712.1,198.0,3910.1,94.94,5.06,-0.13,0.55,0
1979-05-01,1,Male,3711.9,207.5,3919.4,94.71,5.29,-0.31,0.87,0
1979-06-01,1,Male,3727.9,200.0,3927.8,94.91,5.09,0.12,1.16,0
1979-07-01,1,Male,3729.7,200.5,3930.2,94.9,5.1,0.18,1.48,0
1979-08-01,1,Male,3743.8,201.1,3944.9,94.9,5.1,0.17,1.87,0
1979-09-01,1,Male,3737.8,205.1,3942.8,94.8,5.2,-0.09,1.88,0
1979-10-01,1,Male,3747.1,200.6,3947.7,94.92,5.08,0.12,1.86,0
1979-11-01,1,Male,3752.4,207.7,3960.1,94.76,5.24,-0.16,2.12,0
1979-12-01,1,Male,3753.4,208.4,3961.8,94.74,5.26,-0.07,1.82,0
1980-01-01,1,Male,3749.9,213.9,3963.8,94.6,5.4,-0.35,1.88,0
1980-02-01,1,Male,3753.6,212.7,3966.3,94.64,5.36,-0.32,1.68,0
1980-03-01,1,Male,3757.5,209.0,3966.4,94.73,5.27,-0.2,1.64,0
1980-04-01,1,Male,3766.5,208.6,3975.2,94.75,5.25,-0.19,1.66,0
1980-05-01,1,Male,3795.0,197.4,3992.5,95.05,4.95,0.34,1.87,0
1980-06-01,1,Male,3783.2,201.9,3985.1,94.93,5.07,0.02,1.46,0
1980-07-01,1,Male,3792.3,205.1,3997.4,94.87,5.13,-0.03,1.71,0
1980-08-01,1,Male,3802.7,205.4,4008.1,94.87,5.13,-0.03,1.6,0
1980-09-01,1,Male,3793.6,212.5,4006.1,94.7,5.3,-0.1,1.6,0
1980-10-01,1,Male,3802.8,209.4,4012.3,94.78,5.22,-0.14,1.63,0
1980-11-01,1,Male,3805.7,222.6,4028.3,94.48,5.52,-0.28,1.72,0
1980-12-01,1,Male,3828.3,219.4,4047.7,94.58,5.42,-0.16,2.17,0
1981-01-01,1,Male,3840.7,209.2,4049.9,94.84,5.16,0.24,2.17,0
1981-02-01,1,Male,3847.8,209.5,4057.3,94.84,5.16,0.2,2.3,0
1981-03-01,1,Male,3854.6,214.8,4069.4,94.72,5.28,-0.01,2.6,0
1981-04-01,1,Male,3862.1,209.5,4071.6,94.85,5.15,0.1,2.43,0
1981-05-01,1,Male,3854.3,218.6,4072.9,94.63,5.37,-0.42,2.02,0
1981-06-01,1,Male,3856.6,219.5,4076.1,94.61,5.39,-0.32,2.28,0
1981-07-01,1,Male,3862.9,217.0,4079.8,94.68,5.32,-0.19,2.06,0
1981-08-01,1,Male,3865.4,219.1,4084.6,94.64,5.36,-0.23,1.91,0
1981-09-01,1,Male,3866.1,217.1,4083.2,94.68,5.32,-0.02,1.92,0
1981-10-01,1,Male,3844.6,216.2,4060.8,94.68,5.32,-0.1,1.21,0
1981-11-01,1,Male,3854.4,207.4,4061.8,94.89,5.11,0.41,0.83,0
1981-12-01,1,Male,3861.8,205.0,4066.9,94.96,5.04,0.38,0.47,0
1982-01-01,1,Male,3884.3,212.9,4097.2,94.8,5.2,-0.04,1.17,0
1982-02-01,1,Male,3876.2,211.4,4087.5,94.83,5.17,-0.01,0.75,0
1982-03-01,1,Male,3872.3,209.7,4082.0,94.86,5.14,0.14,0.31,0
1982-04-01,1,Male,3857.3,229.3,4086.6,94.39,5.61,-0.46,0.37,0
1982-05-01,1,Male,3846.9,227.2,4074.1,94.42,5.58,-0.21,0.03,0
1982-06-01,1,Male,3835.9,231.0,4066.9,94.32,5.68,-0.29,-0.22,0
1982-07-01,1,Male,3834.7,230.8,4065.5,94.32,5.68,-0.36,-0.35,0
1982-08-01,1,Male,3811.8,239.2,4051.0,94.1,5.9,-0.54,-0.82,0
1982-09-01,1,Male,3814.6,234.0,4048.5,94.22,5.78,-0.46,-0.85,0
1982-10-01,1,Male,3794.7,249.7,4044.4,93.83,6.17,-0.85,-0.4,0
1982-11-01,1,Male,3763.0,244.5,4007.5,93.9,6.1,-0.99,-1.34,0
1982-12-01,1,Male,3721.6,240.7,3962.2,93.93,6.07,-1.03,-2.57,0
1983-01-01,1,Male,3716.9,240.9,3957.8,93.91,6.09,-0.89,-3.4,0
1983-02-01,1,Male,3707.2,244.7,3951.9,93.81,6.19,-1.02,-3.32,0
1983-03-01,1,Male,3677.3,248.1,3925.4,93.68,6.32,-1.18,-3.84,0
1983-04-01,1,Male,3676.0,242.1,3918.1,93.82,6.18,-0.57,-4.12,0
1983-05-01,1,Male,3683.6,241.2,3924.8,93.85,6.15,-0.57,-3.66,0
1983-06-01,1,Male,3689.1,237.4,3926.5,93.95,6.05,-0.37,-3.45,0
1983-07-01,1,Male,3684.9,236.3,3921.2,93.97,6.03,-0.35,-3.55,0
1983-08-01,1,Male,3691.0,238.3,3929.4,93.93,6.07,-0.17,-3.0,0
1983-09-01,1,Male,3726.1,228.1,3954.3,94.23,5.77,0.01,-2.33,0
1983-10-01,1,Male,3711.5,239.5,3951.0,93.94,6.06,0.11,-2.31,0
1983-11-01,1,Male,3727.0,241.7,3968.7,93.91,6.09,0.01,-0.97,0
1983-12-01,1,Male,3741.2,245.6,3986.8,93.84,6.16,-0.09,0.62,0
1984-01-01,1,Male,3740.1,250.6,3990.6,93.72,6.28,-0.19,0.83,0
1984-02-01,1,Male,3754.4,249.8,4004.2,93.76,6.24,-0.05,1.32,0
1984-03-01,1,Male,3795.4,239.8,4035.1,94.06,5.94,0.38,2.8,0
1984-04-01,1,Male,3781.7,246.2,4027.8,93.89,6.11,0.07,2.8,0
1984-05-01,1,Male,3796.1,243.6,4039.8,93.97,6.03,0.12,2.93,0
1984-06-01,1,Male,3806.3,241.7,4048.0,94.03,5.97,0.08,3.1,0
1984-07-01,1,Male,3798.5,258.1,4056.6,93.64,6.36,-0.33,3.45,0
1984-08-01,1,Male,3801.8,244.4,4046.2,93.96,6.04,0.03,2.97,0
1984-09-01,1,Male,3797.4,251.5,4048.8,93.79,6.21,-0.44,2.39,0
1984-10-01,1,Male,3801.9,248.4,4050.3,93.87,6.13,-0.07,2.51,0
1984-11-01,1,Male,3815.1,249.6,4064.7,93.86,6.14,-0.05,2.42,0
1984-12-01,1,Male,3812.5,242.4,4054.9,94.02,5.98,0.18,1.71,0
1985-01-01,1,Male,3811.4,248.0,4059.4,93.89,6.11,0.17,1.72,0
1985-02-01,1,Male,3828.9,260.5,4089.5,93.63,6.37,-0.13,2.13,0
1985-03-01,1,Male,3832.3,245.8,4078.1,93.97,6.03,-0.09,1.07,0
1985-04-01,1,Male,3836.3,253.3,4089.6,93.81,6.19,-0.08,1.53,0
1985-05-01,1,Male,3849.0,252.3,4101.3,93.85,6.15,-0.12,1.52,0
1985-06-01,1,Male,3846.5,255.0,4101.5,93.78,6.22,-0.25,1.32,0
1985-07-01,1,Male,3849.7,254.5,4104.1,93.8,6.2,0.16,1.17,0
1985-08-01,1,Male,3887.5,254.1,4141.6,93.86,6.14,-0.1,2.36,0
1985-09-01,1,Male,3912.9,259.4,4172.3,93.78,6.22,-0.01,3.05,0
1985-10-01,1,Male,3884.1,267.9,4152.0,93.55,6.45,-0.32,2.51,0
1985-11-01,1,Male,3942.8,267.0,4209.8,93.66,6.34,-0.2,3.57,0
1985-12-01,1,Male,3930.8,249.5,4180.4,94.03,5.97,0.01,3.09,0
1986-01-01,1,Male,3953.0,253.6,4206.6,93.97,6.03,0.08,3.63,0
1986-02-01,1,Male,3945.7,261.1,4206.8,93.79,6.21,0.16,2.87,0
1986-03-01,1,Male,3946.6,270.6,4217.2,93.58,6.42,-0.39,3.41,0
1986-04-01,1,Male,3937.8,292.9,4230.7,93.08,6.92,-0.73,3.45,0
1986-05-01,1,Male,3940.9,286.1,4227.0,93.23,6.77,-0.62,3.07,0
1986-06-01,1,Male,3980.0,280.9,4260.9,93.41,6.59,-0.37,3.89,0
1986-07-01,1,Male,3944.7,285.1,4229.8,93.26,6.74,-0.54,3.06,0
1986-08-01,1,Male,3954.7,280.6,4235.3,93.37,6.63,-0.49,2.26,0
1986-09-01,1,Male,3964.9,277.6,4242.4,93.46,6.54,-0.32,1.68,0
1986-10-01,1,Male,3957.0,278.0,4235.1,93.43,6.57,-0.12,2.0,0
1986-11-01,1,Male,3954.3,273.6,4227.9,93.53,6.47,-0.13,0.43,0
1986-12-01,1,Male,3953.6,290.9,4244.5,93.15,6.85,-0.88,1.53,0
1987-01-01,1,Male,3955.1,284.2,4239.3,93.3,6.7,-0.67,0.78,0
1987-02-01,1,Male,3965.5,285.6,4251.0,93.28,6.72,-0.51,1.05,0
1987-03-01,1,Male,3971.8,297.2,4269.0,93.04,6.96,-0.54,1.23,0
1987-04-01,1,Male,3977.0,293.8,4270.7,93.12,6.88,0.04,0.95,0
1987-05-01,1,Male,3978.5,291.7,4270.2,93.17,6.83,-0.06,1.02,0
1987-06-01,1,Male,3992.6,302.0,4294.6,92.97,7.03,-0.44,0.79,0
1987-07-01,1,Male,4022.4,299.2,4321.6,93.08,6.92,-0.18,2.17,0
1987-08-01,1,Male,3992.9,318.1,4311.0,92.62,7.38,-0.75,1.79,0
1987-09-01,1,Male,3989.2,304.9,4294.1,92.9,7.1,-0.56,1.22,0
1987-10-01,1,Male,3993.4,298.3,4291.7,93.05,6.95,-0.38,1.34,0
1987-11-01,1,Male,3981.0,312.3,4293.3,92.73,7.27,-0.8,1.55,0
1987-12-01,1,Male,4023.5,318.0,4341.5,92.67,7.33,-0.48,2.29,0
1988-01-01,1,Male,4055.8,319.4,4375.3,92.7,7.3,-0.6,3.21,0
1988-02-01,1,Male,4058.8,308.1,4366.8,92.95,7.05,-0.33,2.72,0
1988-03-01,1,Male,4074.5,320.1,4394.6,92.72,7.28,-0.32,2.94,0
1988-04-01,1,Male,4097.5,310.0,4407.5,92.97,7.03,-0.15,3.2,0
1988-05-01,1,Male,4087.7,308.7,4396.4,92.98,7.02,-0.19,2.95,0
1988-06-01,1,Male,4096.9,310.3,4407.2,92.96,7.04,-0.01,2.62,0
1988-07-01,1,Male,4115.9,309.3,4425.2,93.01,6.99,-0.07,2.4,0
1988-08-01,1,Male,4111.4,306.9,4418.3,93.05,6.95,0.43,2.49,0
1988-09-01,1,Male,4123.0,315.4,4438.4,92.89,7.11,-0.01,3.36,0
1988-10-01,1,Male,4141.1,307.4,4448.5,93.09,6.91,0.04,3.65,0
1988-11-01,1,Male,4142.9,327.6,4470.5,92.67,7.33,-0.06,4.13,0
1988-12-01,1,Male,4152.2,326.3,4478.5,92.71,7.29,0.04,3.15,0
1989-01-01,1,Male,4158.4,328.5,4486.9,92.68,7.32,-0.02,2.55,0
1989-02-01,1,Male,4183.6,327.0,4510.6,92.75,7.25,-0.2,3.29,0
1989-03-01,1,Male,4195.0,325.7,4520.7,92.8,7.2,0.08,2.87,0
1989-04-01,1,Male,4216.2,329.0,4545.2,92.76,7.24,-0.21,3.12,0
1989-05-01,1,Male,4225.4,339.3,4564.7,92.57,7.43,-0.41,3.83,0
1989-06-01,1,Male,4220.5,343.6,4564.1,92.47,7.53,-0.49,3.56,0
1989-07-01,1,Male,4229.4,352.5,4581.9,92.31,7.69,-0.7,3.54,0
1989-08-01,1,Male,4240.3,355.0,4595.3,92.27,7.73,-0.78,4.01,0
1989-09-01,1,Male,4224.6,366.6,4591.2,92.01,7.99,-0.88,3.44,0
1989-10-01,1,Male,4237.3,360.0,4597.3,92.17,7.83,-0.92,3.34,0
1989-11-01,1,Male,4255.9,370.3,4626.2,92.0,8.0,-0.67,3.48,0
1989-12-01,1,Male,4230.0,373.7,4603.6,91.88,8.12,-0.83,2.79,0
1990-01-01,1,Male,4247.0,370.4,4617.4,91.98,8.02,-0.7,2.91,0
1990-02-01,1,Male,4236.5,369.7,4606.2,91.97,8.03,-0.78,2.12,0
1990-03-01,1,Male,4242.0,367.5,4609.6,92.03,7.97,-0.77,1.96,0
1990-04-01,1,Male,4240.3,372.1,4612.4,91.93,8.07,-0.83,1.48,0
1990-05-01,1,Male,4251.4,377.2,4628.7,91.85,8.15,-0.72,1.4,0
1990-06-01,1,Male,4258.7,368.7,4627.4,92.03,7.97,-0.44,1.39,0
1990-07-01,1,Male,4243.2,369.3,4612.5,91.99,8.01,-0.32,0.67,0
1990-08-01,1,Male,4235.8,365.6,4601.4,92.06,7.94,-0.21,0.13,0
1990-09-01,1,Male,4226.6,367.2,4593.8,92.01,7.99,0.0,0.06,0
1990-10-01,1,Male,4201.7,371.8,4573.5,91.87,8.13,-0.3,-0.52,0
1990-11-01,1,Male,4181.0,372.0,4553.0,91.83,8.17,-0.17,-1.58,0
1990-12-01,1,Male,4178.6,373.1,4551.6,91.8,8.2,-0.08,-1.13,0
1991-01-01,1,Male,4132.1,380.1,4512.3,91.58,8.42,-0.4,-2.28,0
1991-02-01,1,Male,4117.0,398.6,4515.5,91.17,8.83,-0.8,-1.97,0
1991-03-01,1,Male,4088.1,390.5,4478.6,91.28,8.72,-0.75,-2.84,0
1991-04-01,1,Male,4055.3,406.9,4462.2,90.88,9.12,-1.05,-3.26,0
1991-05-01,1,Male,4063.2,400.8,4464.0,91.02,8.98,-0.83,-3.56,0
1991-06-01,1,Male,4032.3,402.5,4434.8,90.92,9.08,-1.11,-4.16,0
1991-07-01,1,Male,4014.8,399.3,4414.1,90.95,9.05,-1.04,-4.3,0
1991-08-01,1,Male,4015.4,404.9,4420.4,90.84,9.16,-1.22,-3.93,0
1991-09-01,1,Male,4015.5,407.7,4423.2,90.78,9.22,-1.23,-3.71,0
1991-10-01,1,Male,4021.0,389.8,4410.9,91.16,8.84,-0.71,-3.56,0
1991-11-01,1,Male,3983.4,425.9,4409.3,90.34,9.66,-1.49,-3.16,0
1991-12-01,1,Male,4001.6,404.6,4406.2,90.82,9.18,-0.98,-3.19,0
1992-01-01,1,Male,3992.1,414.3,4406.4,90.6,9.4,-0.98,-2.35,0
1992-02-01,1,Male,3972.2,445.0,4417.2,89.93,10.07,-1.24,-2.18,0
1992-03-01,1,Male,3972.8,435.7,4408.5,90.12,9.88,-1.16,-1.56,0
1992-04-01,1,Male,3970.3,438.0,4408.2,90.06,9.94,-0.82,-1.21,0
1992-05-01,1,Male,3951.6,452.3,4403.9,89.73,10.27,-1.29,-1.35,0
1992-06-01,1,Male,3949.5,454.5,4404.0,89.68,10.32,-1.24,-0.69,0
1992-07-01,1,Male,3957.2,449.8,4407.0,89.79,10.21,-1.16,-0.16,0
1992-08-01,1,Male,3958.2,459.3,4417.5,89.6,10.4,-1.24,-0.07,0
1992-09-01,1,Male,3947.6,450.1,4397.6,89.77,10.23,-1.01,-0.58,0
1992-10-01,1,Male,3945.3,454.9,4400.2,89.66,10.34,-1.5,-0.24,0
1992-11-01,1,Male,3909.4,438.2,4347.6,89.92,10.08,-0.42,-1.4,0
1992-12-01,1,Male,3925.9,447.5,4373.4,89.77,10.23,-1.05,-0.75,0
1993-01-01,1,Male,3938.3,459.7,4398.0,89.55,10.45,-1.05,-0.19,0
1993-02-01,1,Male,3935.8,422.6,4358.4,90.3,9.7,0.37,-1.33,0
1993-03-01,1,Male,3958.0,435.2,4393.2,90.09,9.91,-0.03,-0.35,0
1993-04-01,1,Male,3955.5,423.1,4378.6,90.34,9.66,0.28,-0.67,0
1993-05-01,1,Male,3954.8,427.5,4382.3,90.25,9.75,0.52,-0.49,0
1993-06-01,1,Male,3968.2,427.4,4395.6,90.28,9.72,0.6,-0.19,0
1993-07-01,1,Male,3957.2,442.4,4399.6,89.95,10.05,0.16,-0.17,0
1993-08-01,1,Male,3961.7,435.8,4397.5,90.09,9.91,0.49,-0.45,0
1993-09-01,1,Male,3960.4,452.7,4413.0,89.74,10.26,-0.03,0.35,0
1993-10-01,1,Male,3983.2,447.9,4431.1,89.89,10.11,0.23,0.7,0
1993-11-01,1,Male,3992.1,449.2,4441.3,89.89,10.11,-0.03,2.15,0
1993-12-01,1,Male,4003.0,446.7,4449.6,89.96,10.04,0.19,1.74,0
1994-01-01,1,Male,3994.4,471.5,4465.9,89.44,10.56,-0.11,1.54,0
1994-02-01,1,Male,3994.8,471.1,4465.9,89.45,10.55,-0.85,2.47,0
1994-03-01,1,Male,4002.6,475.0,4477.6,89.39,10.61,-0.7,1.92,0
1994-04-01,1,Male,4023.8,465.2,4489.0,89.64,10.36,-0.7,2.52,0
1994-05-01,1,Male,4043.8,464.4,4508.2,89.7,10.3,-0.55,2.87,0
1994-06-01,1,Male,4054.8,470.0,4524.8,89.61,10.39,-0.67,2.94,0
1994-07-01,1,Male,4069.0,490.7,4559.7,89.24,10.76,-0.71,3.64,0
1994-08-01,1,Male,4065.0,489.4,4554.3,89.25,10.75,-0.84,3.57,0
1994-09-01,1,Male,4099.6,465.0,4564.6,89.81,10.19,0.07,3.44,0
1994-10-01,1,Male,4073.6,503.0,4576.6,89.01,10.99,-0.88,3.28,0
1994-11-01,1,Male,4087.6,488.6,4576.2,89.32,10.68,-0.57,3.04,0
1994-12-01,1,Male,4098.3,506.0,4604.3,89.01,10.99,-0.95,3.48,0
1995-01-01,1,Male,4113.5,500.5,4614.0,89.15,10.85,-0.29,3.32,0
1995-02-01,1,Male,4149.8,497.0,4646.8,89.3,10.7,-0.15,4.05,0
1995-03-01,1,Male,4137.5,498.6,4636.2,89.24,10.76,-0.15,3.54,0
1995-04-01,1,Male,4154.2,502.5,4656.7,89.21,10.79,-0.43,3.73,0
1995-05-01,1,Male,4151.9,496.5,4648.4,89.32,10.68,-0.38,3.11,0
1995-06-01,1,Male,4159.5,499.6,4659.2,89.28,10.72,-0.33,2.97,0
1995-07-01,1,Male,4166.3,496.0,4662.3,89.36,10.64,0.12,2.25,0
1995-08-01,1,Male,4178.0,508.6,4686.6,89.15,10.85,-0.1,2.9,0
1995-09-01,1,Male,4186.7,502.5,4689.2,89.28,10.72,-0.53,2.73,0
1995-10-01,1,Male,4157.5,502.8,4660.3,89.21,10.79,0.2,1.83,0
1995-11-01,1,Male,4186.9,519.0,4705.9,88.97,11.03,-0.35,2.83,0
1995-12-01,1,Male,4196.7,504.0,4700.7,89.28,10.72,0.27,2.09,0
1996-01-01,1,Male,4210.5,491.4,4701.9,89.55,10.45,0.4,1.9,0
1996-02-01,1,Male,4199.6,517.6,4717.2,89.03,10.97,-0.27,1.52,0
1996-03-01,1,Male,4170.4,515.5,4685.9,89.0,11.0,-0.24,1.07,0
1996-04-01,1,Male,4196.5,517.8,4714.4,89.02,10.98,-0.19,1.24,0
1996-05-01,1,Male,4199.6,522.6,4722.2,88.93,11.07,-0.39,1.59,0
1996-06-01,1,Male,4196.0,530.7,4726.7,88.77,11.23,-0.51,1.45,0
1996-07-01,1,Male,4194.1,531.2,4725.3,88.76,11.24,-0.6,1.35,0
1996-08-01,1,Male,4182.4,539.3,4721.7,88.58,11.42,-0.57,0.75,0
1996-09-01,1,Male,4176.1,541.5,4717.7,88.52,11.48,-0.76,0.61,0
1996-10-01,1,Male,4175.6,532.6,4708.2,88.69,11.31,-0.52,1.03,0
1996-11-01,1,Male,4181.8,538.4,4720.3,88.59,11.41,-0.38,0.3,0
1996-12-01,1,Male,4185.1,540.2,4725.3,88.57,11.43,-0.71,0.52,0
1997-01-01,1,Male,4184.0,545.7,4729.7,88.46,11.54,-1.09,0.59,0
1997-02-01,1,Male,4174.8,542.4,4717.3,88.5,11.5,-0.53,0.0,0
1997-03-01,1,Male,4176.2,549.5,4725.7,88.37,11.63,-0.63,0.85,0
1997-04-01,1,Male,4163.9,555.9,4719.8,88.22,11.78,-0.8,0.12,0
1997-05-01,1,Male,4167.5,556.7,4724.2,88.22,11.78,-0.71,0.04,0
1997-06-01,1,Male,4170.7,562.0,4732.7,88.12,11.88,-0.65,0.13,0
1997-07-01,1,Male,4174.2,550.7,4724.9,88.34,11.66,-0.42,-0.01,0
1997-08-01,1,Male,4165.8,555.7,4721.4,88.23,11.77,-0.35,-0.01,0
1997-09-01,1,Male,4191.9,554.3,4746.1,88.32,11.68,-0.2,0.6,0
1997-10-01,1,Male,4193.9,561.0,4754.9,88.2,11.8,-0.49,0.99,0
1997-11-01,1,Male,4211.3,578.2,4789.5,87.93,12.07,-0.66,1.47,0
1997-12-01,1,Male,4197.6,584.0,4781.6,87.79,12.21,-0.78,1.19,0
1998-01-01,1,Male,4222.9,569.0,4791.9,88.12,11.88,-0.34,1.32,0
1998-02-01,1,Male,4213.4,579.9,4793.4,87.9,12.1,-0.6,1.61,0
1998-03-01,1,Male,4216.8,574.8,4791.6,88.0,12.0,-0.37,1.39,0
1998-04-01,1,Male,4225.8,578.3,4804.1,87.96,12.04,-0.26,1.78,0
1998-05-01,1,Male,4210.8,590.2,4801.0,87.71,12.29,-0.51,1.62,0
1998-06-01,1,Male,4217.0,585.0,4802.0,87.82,12.18,-0.3,1.46,0
1998-07-01,1,Male,4216.9,579.4,4796.2,87.92,12.08,-0.42,1.51,0
1998-08-01,1,Male,4223.9,573.2,4797.1,88.05,11.95,-0.18,1.6,0
1998-09-01,1,Male,4247.4,594.6,4842.0,87.72,12.28,-0.6,2.02,0
1998-10-01,1,Male,4241.0,596.7,4837.7,87.67,12.33,-0.53,1.74,0
1998-11-01,1,Male,4227.4,609.8,4837.2,87.39,12.61,-0.54,1.0,0
1998-12-01,1,Male,4219.0,613.5,4832.5,87.3,12.7,-0.49,1.07,0
1999-01-01,1,Male,4236.2,610.3,4846.5,87.41,12.59,-0.71,1.14,0
1999-02-01,1,Male,4249.4,606.7,4856.1,87.51,12.49,-0.39,1.31,0
1999-03-01,1,Male,4270.9,609.4,4880.3,87.51,12.49,-0.49,1.85,0
1999-04-01,1,Male,4262.1,608.8,4871.0,87.5,12.5,-0.46,1.39,0
1999-05-01,1,Male,4251.6,609.9,4861.6,87.45,12.55,-0.26,1.26,0
1999-06-01,1,Male,4272.5,623.2,4895.7,87.27,12.73,-0.55,1.95,0
1999-07-01,1,Male,4289.9,606.0,4895.9,87.62,12.38,-0.3,2.08,0
1999-08-01,1,Male,4306.6,596.3,4902.9,87.84,12.16,-0.21,2.2,0
1999-09-01,1,Male,4308.0,593.6,4901.7,87.89,12.11,0.17,1.23,0
1999-10-01,1,Male,4304.0,605.4,4909.4,87.67,12.33,0.0,1.48,0
1999-11-01,1,Male,4315.8,601.7,4917.6,87.76,12.24,0.37,1.66,0
1999-12-01,1,Male,4311.1,611.7,4922.8,87.57,12.43,0.27,1.87,0
2000-01-01,1,Male,4286.1,628.6,4914.7,87.21,12.79,-0.2,1.41,0
2000-02-01,1,Male,4319.8,624.8,4944.6,87.36,12.64,-0.15,1.82,0
2000-03-01,1,Male,4326.0,625.5,4951.5,87.37,12.63,-0.14,1.46,0
2000-04-01,1,Male,4330.5,639.6,4970.1,87.13,12.87,-0.37,2.04,0
2000-05-01,1,Male,4328.9,636.0,4964.9,87.19,12.81,-0.26,2.13,0
2000-06-01,1,Male,4361.4,617.6,4979.0,87.6,12.4,0.33,1.7,0
2000-07-01,1,Male,4369.6,645.4,5015.0,87.13,12.87,-0.49,2.43,0
2000-08-01,1,Male,4353.1,641.9,4995.1,87.15,12.85,-0.69,1.88,0
2000-09-01,1,Male,4364.8,647.3,5012.1,87.08,12.92,-0.81,2.25,0
2000-10-01,1,Male,4346.6,650.9,4997.5,86.98,13.02,-0.69,1.79,0
2000-11-01,1,Male,4337.3,643.6,4980.9,87.08,12.92,-0.68,1.29,0
2000-12-01,1,Male,4338.8,650.8,4989.7,86.96,13.04,-0.61,1.36,0
2001-01-01,1,Male,4316.0,682.2,4998.1,86.35,13.65,-0.86,1.7,0
2001-02-01,1,Male,4314.5,670.5,4985.1,86.55,13.45,-0.81,0.82,0
2001-03-01,1,Male,4305.0,665.8,4970.8,86.61,13.39,-0.76,0.39,0
2001-04-01,1,Male,4316.0,677.7,4993.7,86.43,13.57,-0.7,0.48,0
2001-05-01,1,Male,4307.6,690.1,4997.7,86.19,13.81,-1.0,0.66,0
2001-06-01,1,Male,4292.3,700.3,4992.6,85.97,14.03,-1.63,0.27,0
2001-07-01,1,Male,4287.5,725.5,5013.0,85.53,14.47,-1.6,-0.04,0
2001-08-01,1,Male,4295.1,724.4,5019.5,85.57,14.43,-1.58,0.49,0
2001-09-01,1,Male,4300.9,716.4,5017.3,85.72,14.28,-1.36,0.1,0
2001-10-01,1,Male,4310.7,713.5,5024.1,85.8,14.2,-1.18,0.53,0
2001-11-01,1,Male,4316.0,720.8,5036.9,85.69,14.31,-1.39,1.12,0
2001-12-01,1,Male,4336.0,701.9,5037.9,86.07,13.93,-0.89,0.97,0
2002-01-01,1,Male,4326.8,709.0,5035.7,85.92,14.08,-0.43,0.75,0
2002-02-01,1,Male,4337.5,733.4,5070.9,85.54,14.46,-1.01,1.72,0
2002-03-01,1,Male,4338.5,730.3,5068.8,85.59,14.41,-1.02,1.97,0
2002-04-01,1,Male,4346.2,727.2,5073.4,85.67,14.33,-0.76,1.6,0
2002-05-01,1,Male,4379.1,709.5,5088.6,86.06,13.94,-0.13,1.82,0
2002-06-01,1,Male,4357.0,748.3,5105.3,85.34,14.66,-0.63,2.26,0
2002-07-01,1,Male,4357.1,743.7,5100.8,85.42,14.58,-0.11,1.75,0
2002-08-01,1,Male,4358.4,753.3,5111.6,85.26,14.74,-0.31,1.84,0
2002-09-01,1,Male,4360.5,749.6,5110.1,85.33,14.67,-0.39,1.85,0
2002-10-01,1,Male,4354.7,756.5,5111.2,85.2,14.8,-0.6,1.73,0
2002-11-01,1,Male,4376.9,762.1,5139.0,85.17,14.83,-0.52,2.03,0
2002-12-01,1,Male,4396.8,755.7,5152.4,85.33,14.67,-0.74,2.27,0
2003-01-01,1,Male,4407.8,756.8,5164.5,85.35,14.65,-0.57,2.56,0
2003-02-01,1,Male,4422.5,760.4,5182.9,85.33,14.67,-0.21,2.21,0
2003-03-01,1,Male,4405.9,768.5,5174.4,85.15,14.85,-0.44,2.08,0
2003-04-01,1,Male,4386.4,767.2,5153.7,85.11,14.89,-0.56,1.58,0
2003-05-01,1,Male,4400.0,763.3,5163.3,85.22,14.78,-0.84,1.47,0
2003-06-01,1,Male,4392.2,760.6,5152.8,85.24,14.76,-0.1,0.93,0
2003-07-01,1,Male,4389.7,767.7,5157.5,85.11,14.89,-0.31,1.11,0
2003-08-01,1,Male,4431.1,764.2,5195.3,85.29,14.71,0.03,1.64,0
2003-09-01,1,Male,4441.3,764.3,5205.6,85.32,14.68,-0.01,1.87,0
2003-10-01,1,Male,4463.1,761.3,5224.4,85.43,14.57,0.23,2.22,0
2003-11-01,1,Male,4473.0,756.0,5229.0,85.54,14.46,0.37,1.75,0
2003-12-01,1,Male,4485.5,772.6,5258.1,85.31,14.69,-0.02,2.05,0
2004-01-01,1,Male,4496.7,768.4,5265.1,85.41,14.59,0.06,1.95,0
2004-02-01,1,Male,4492.7,772.5,5265.2,85.33,14.67,0.0,1.59,0
2004-03-01,1,Male,4508.7,759.7,5268.4,85.58,14.42,0.43,1.82,0
2004-04-01,1,Male,4503.9,767.5,5271.4,85.44,14.56,0.33,2.28,0
2004-05-01,1,Male,4507.4,778.1,5285.5,85.28,14.72,0.06,2.37,0
2004-06-01,1,Male,4511.6,777.6,5289.1,85.3,14.7,0.06,2.65,0
2004-07-01,1,Male,4511.1,775.0,5286.1,85.34,14.66,0.23,2.49,0
2004-08-01,1,Male,4506.1,763.3,5269.4,85.51,14.49,0.22,1.43,0
2004-09-01,1,Male,4516.8,792.1,5308.9,85.08,14.92,-0.24,1.98,0
2004-10-01,1,Male,4535.7,789.6,5325.3,85.17,14.83,-0.26,1.93,0
2004-11-01,1,Male,4545.9,800.6,5346.6,85.03,14.97,-0.51,2.25,0
2004-12-01,1,Male,4555.0,792.3,5347.3,85.18,14.82,-0.13,1.7,0
2005-01-01,1,Male,4578.7,800.7,5379.4,85.12,14.88,-0.29,2.17,0
2005-02-01,1,Male,4601.4,788.7,5390.1,85.37,14.63,0.04,2.37,0
2005-03-01,1,Male,4611.5,800.1,5411.5,85.22,14.78,-0.36,2.72,0
2005-04-01,1,Male,4637.0,802.1,5439.1,85.25,14.75,-0.19,3.18,0
2005-05-01,1,Male,4631.5,795.1,5426.6,85.35,14.65,0.07,2.67,0
2005-06-01,1,Male,4655.0,795.3,5450.2,85.41,14.59,0.11,3.05,0
2005-07-01,1,Male,4645.9,803.9,5449.8,85.25,14.75,-0.09,3.1,0
2005-08-01,1,Male,4677.9,797.3,5475.2,85.44,14.56,-0.07,3.91,0
2005-09-01,1,Male,4656.9,809.8,5466.7,85.19,14.81,0.11,2.97,0
2005-10-01,1,Male,4648.8,809.8,5458.6,85.16,14.84,-0.01,2.5,0
2005-11-01,1,Male,4678.5,786.5,5465.1,85.61,14.39,0.58,2.22,0
2005-12-01,1,Male,4666.3,805.0,5471.3,85.29,14.71,0.11,2.32,0
2006-01-01,1,Male,4681.2,786.8,5468.0,85.61,14.39,0.49,1.65,0
2006-02-01,1,Male,4673.8,823.0,5496.8,85.03,14.97,-0.34,1.98,0
2006-03-01,1,Male,4688.3,833.7,5522.0,84.9,15.1,-0.32,2.04,0
2006-04-01,1,Male,4686.5,835.9,5522.3,84.86,15.14,-0.39,1.53,0
2006-05-01,1,Male,4706.8,813.7,5520.4,85.26,14.74,-0.09,1.73,0
2006-06-01,1,Male,4708.9,838.3,5547.2,84.89,15.11,-0.52,1.78,0
2006-07-01,1,Male,4725.6,847.2,5572.8,84.8,15.2,-0.45,2.26,0
2006-08-01,1,Male,4737.3,845.7,5583.0,84.85,15.15,-0.59,1.97,0
2006-09-01,1,Male,4755.8,847.5,5603.3,84.88,15.12,-0.31,2.5,0
2006-10-01,1,Male,4726.5,871.4,5597.9,84.43,15.57,-0.73,2.55,0
2006-11-01,1,Male,4746.0,866.2,5612.2,84.57,15.43,-1.04,2.69,0
2006-12-01,1,Male,4769.3,878.1,5647.4,84.45,15.55,-0.84,3.22,0
2007-01-01,1,Male,4792.2,851.7,5643.9,84.91,15.09,-0.7,3.22,0
2007-02-01,1,Male,4805.0,855.2,5660.2,84.89,15.11,-0.14,2.97,0
2007-03-01,1,Male,4833.9,852.9,5686.8,85.0,15.0,0.1,2.99,0
2007-04-01,1,Male,4842.6,860.6,5703.1,84.91,15.09,0.05,3.27,0
2007-05-01,1,Male,4870.8,848.6,5719.4,85.16,14.84,-0.1,3.6,0
2007-06-01,1,Male,4877.7,865.2,5742.9,84.93,15.07,0.04,3.53,0
2007-07-01,1,Male,4889.9,855.1,5745.0,85.12,14.88,0.32,3.09,0
2007-08-01,1,Male,4893.4,869.3,5762.6,84.92,15.08,0.07,3.22,0
2007-09-01,1,Male,4899.2,871.0,5770.2,84.91,15.09,0.03,2.98,0
2007-10-01,1,Male,4909.3,844.0,5753.2,85.33,14.67,0.9,2.77,0
2007-11-01,1,Male,4914.3,877.2,5791.5,84.85,15.15,0.28,3.2,0
2007-12-01,1,Male,4910.9,885.2,5796.1,84.73,15.27,0.28,2.63,0
2008-01-01,1,Male,4919.0,906.1,5825.1,84.45,15.55,-0.46,3.21,0
2008-02-01,1,Male,4945.5,898.9,5844.4,84.62,15.38,-0.27,3.25,0
2008-03-01,1,Male,4940.2,905.5,5845.6,84.51,15.49,-0.49,2.79,0
2008-04-01,1,Male,4956.9,896.0,5852.9,84.69,15.31,-0.22,2.63,0
2008-05-01,1,Male,4953.2,896.8,5850.0,84.67,15.33,-0.49,2.28,0
2008-06-01,1,Male,4998.9,892.1,5891.0,84.86,15.14,-0.07,2.58,0
2008-07-01,1,Male,5029.7,856.3,5886.0,85.45,14.55,0.33,2.45,0
2008-08-01,1,Male,5051.0,858.1,5909.1,85.48,14.52,0.56,2.54,0
2008-09-01,1,Male,5024.6,886.0,5910.5,85.01,14.99,0.1,2.43,0
2008-10-01,1,Male,5027.6,884.2,5911.8,85.04,14.96,-0.29,2.76,0
2008-11-01,1,Male,5016.7,883.4,5900.1,85.03,14.97,0.18,1.88,0
2008-12-01,1,Male,5002.1,890.7,5892.8,84.88,15.12,0.15,1.67,0
2009-01-01,1,Male,4988.1,886.3,5874.4,84.91,15.09,0.46,0.85,0
2009-02-01,1,Male,4955.2,918.6,5873.9,84.36,15.64,-0.26,0.5,0
2009-03-01,1,Male,4909.9,944.5,5854.4,83.87,16.13,-0.64,0.15,0
2009-04-01,1,Male,4946.3,918.7,5865.0,84.34,15.66,-0.35,0.21,0
2009-05-01,1,Male,4902.9,939.8,5842.6,83.92,16.08,-0.75,-0.13,0
2009-06-01,1,Male,4907.2,932.6,5839.8,84.03,15.97,-0.83,-0.87,0
2009-07-01,1,Male,4902.1,963.0,5865.1,83.58,16.42,-1.87,-0.36,0
2009-08-01,1,Male,4913.7,965.5,5879.2,83.58,16.42,-1.9,-0.51,0
2009-09-01,1,Male,4921.6,972.7,5894.3,83.5,16.5,-1.51,-0.27,0
2009-10-01,1,Male,4911.5,980.6,5892.1,83.36,16.64,-1.68,-0.33,0
2009-11-01,1,Male,4924.3,978.5,5902.8,83.42,16.58,-1.61,0.05,0
2009-12-01,1,Male,4938.3,995.7,5934.0,83.22,16.78,-1.66,0.7,0
2010-01-01,1,Male,4954.5,1018.6,5973.1,82.95,17.05,-1.96,1.68,0
2010-02-01,1,Male,4966.8,1001.8,5968.6,83.21,16.79,-1.15,1.61,0
2010-03-01,1,Male,4957.9,998.6,5956.5,83.23,16.77,-0.64,1.74,0
2010-04-01,1,Male,4990.5,986.1,5976.6,83.5,16.5,-0.84,1.9,0
2010-05-01,1,Male,4996.1,973.1,5969.2,83.7,16.3,-0.22,2.17,0
2010-06-01,1,Male,5005.3,996.2,6001.5,83.4,16.6,-0.63,2.77,0
2010-07-01,1,Male,5018.3,992.7,6010.9,83.49,16.51,-0.09,2.49,0
2010-08-01,1,Male,5037.9,1007.0,6044.9,83.34,16.66,-0.24,2.82,0
2010-09-01,1,Male,5080.8,980.2,6061.0,83.83,16.17,0.33,2.83,0
2010-10-01,1,Male,5068.5,998.3,6066.8,83.54,16.46,0.18,2.97,0
2010-11-01,1,Male,5095.2,1005.7,6100.9,83.52,16.48,0.1,3.36,0
2010-12-01,1,Male,5103.6,1003.0,6106.6,83.58,16.42,0.36,2.91,0
2011-01-01,1,Male,5105.5,1026.4,6131.9,83.26,16.74,0.31,2.66,0
2011-02-01,1,Male,5139.1,970.3,6109.4,84.12,15.88,0.91,2.36,0
2011-03-01,1,Male,5139.4,978.3,6117.7,84.01,15.99,0.78,2.71,0
2011-04-01,1,Male,5120.6,969.5,6090.2,84.08,15.92,0.58,1.9,0
2011-05-01,1,Male,5097.9,992.0,6089.9,83.71,16.29,0.01,2.02,0
2011-06-01,1,Male,5120.3,973.6,6093.9,84.02,15.98,0.62,1.54,0
2011-07-01,1,Male,5099.5,992.8,6092.3,83.7,16.3,0.21,1.35,0
2011-08-01,1,Male,5106.8,988.5,6095.3,83.78,16.22,0.44,0.83,0
2011-09-01,1,Male,5102.0,1003.9,6105.9,83.56,16.44,-0.27,0.74,0
2011-10-01,1,Male,5127.2,979.6,6106.8,83.96,16.04,0.42,0.66,0
2011-11-01,1,Male,5102.9,1016.8,6119.7,83.39,16.61,-0.13,0.31,0
2011-12-01,1,Male,5123.1,1001.4,6124.5,83.65,16.35,0.07,0.29,0
2012-01-01,1,Male,5167.7,998.6,6166.4,83.8,16.2,0.54,0.56,0
2012-02-01,1,Male,5145.3,987.3,6132.6,83.9,16.1,-0.22,0.38,0
2012-03-01,1,Male,5150.3,991.7,6141.9,83.85,16.15,-0.16,0.4,0
2012-04-01,1,Male,5133.2,1021.8,6155.0,83.4,16.6,-0.68,1.06,0
2012-05-01,1,Male,5160.4,1004.9,6165.3,83.7,16.3,-0.01,1.24,0
2012-06-01,1,Male,5154.5,1008.9,6163.4,83.63,16.37,-0.39,1.14,0
2012-07-01,1,Male,5148.6,1001.5,6150.2,83.72,16.28,0.02,0.95,0
2012-08-01,1,Male,5163.5,996.1,6159.6,83.83,16.17,0.05,1.05,0
2012-09-01,1,Male,5163.1,995.7,6158.7,83.83,16.17,0.27,0.86,0
2012-10-01,1,Male,5195.1,991.9,6187.0,83.97,16.03,0.01,1.31,0
2012-11-01,1,Male,5182.4,990.9,6173.3,83.95,16.05,0.56,0.88,0
2012-12-01,1,Male,5182.1,1013.5,6195.6,83.64,16.36,-0.01,1.16,0
2013-01-01,1,Male,5213.3,1012.0,6225.3,83.74,16.26,-0.06,0.96,0
2013-02-01,1,Male,5162.4,1049.0,6211.4,83.11,16.89,-0.79,1.29,0
2013-03-01,1,Male,5163.3,1024.4,6187.7,83.44,16.56,-0.41,0.74,0
2013-04-01,1,Male,5178.2,1023.3,6201.5,83.5,16.5,0.1,0.76,0
2013-05-01,1,Male,5167.3,1044.9,6212.2,83.18,16.82,-0.52,0.76,0
2013-06-01,1,Male,5163.2,1052.4,6215.6,83.07,16.93,-0.56,0.85,0
2013-07-01,1,Male,5152.2,1045.5,6197.6,83.13,16.87,-0.59,0.77,0
2013-08-01,1,Male,5140.3,1056.3,6196.5,82.95,17.05,-0.88,0.6,0
2013-09-01,1,Male,5149.3,1053.6,6202.9,83.01,16.99,-0.82,0.72,0
2013-10-01,1,Male,5118.1,1077.3,6195.4,82.61,17.39,-1.36,0.14,0
2013-11-01,1,Male,5120.8,1066.7,6187.6,82.76,17.24,-1.19,0.23,0
2013-12-01,1,Male,5102.9,1069.6,6172.5,82.67,17.33,-0.97,-0.37,0
2014-01-01,1,Male,5121.4,1065.7,6187.1,82.78,17.22,-0.96,-0.61,0
2014-02-01,1,Male,5117.6,1077.5,6195.1,82.61,17.39,-0.5,-0.26,0
2014-03-01,1,Male,5133.0,1099.6,6232.5,82.36,17.64,-1.08,0.73,0
2014-04-01,1,Male,5164.8,1072.3,6237.0,82.81,17.19,-0.69,0.57,0
2014-05-01,1,Male,5158.3,1053.1,6211.4,83.05,16.95,-0.13,-0.01,0
2014-06-01,1,Male,5138.5,1078.4,6217.0,82.65,17.35,-0.42,0.02,0
2014-07-01,1,Male,5170.0,1057.9,6227.9,83.01,16.99,-0.12,0.49,0
2014-08-01,1,Male,5158.9,1073.7,6232.6,82.77,17.23,-0.18,0.58,0
2014-09-01,1,Male,5153.2,1072.3,6225.5,82.78,17.22,-0.23,0.36,0
2014-10-01,1,Male,5147.7,1082.2,6229.8,82.63,17.37,0.02,0.56,0
2014-11-01,1,Male,5172.6,1077.6,6250.2,82.76,17.24,0.0,1.01,0
2014-12-01,1,Male,5186.2,1074.6,6260.8,82.84,17.16,0.17,1.43,0
2015-01-01,1,Male,5174.1,1089.1,6263.2,82.61,17.39,-0.17,1.23,0
2015-02-01,1,Male,5193.0,1105.4,6298.5,82.45,17.55,-0.16,1.67,0
2015-03-01,1,Male,5226.1,1094.4,6320.5,82.69,17.31,0.33,1.41,0
2015-04-01,1,Male,5187.2,1118.3,6305.5,82.26,17.74,-0.55,1.1,0
2015-05-01,1,Male,5200.5,1117.5,6318.0,82.31,17.69,-0.74,1.72,0
2015-06-01,1,Male,5190.0,1114.9,6304.9,82.32,17.68,-0.33,1.41,0
2015-07-01,1,Male,5206.3,1120.2,6326.4,82.29,17.71,-0.72,1.58,0
2015-08-01,1,Male,5201.8,1111.1,6312.9,82.4,17.6,-0.37,1.29,0
2015-09-01,1,Male,5200.7,1120.8,6321.5,82.27,17.73,-0.51,1.54,0
2015-10-01,1,Male,5235.5,1124.1,6359.6,82.32,17.68,-0.31,2.08,0
2015-11-01,1,Male,5223.4,1139.0,6362.4,82.1,17.9,-0.66,1.8,0
2015-12-01,1,Male,5244.6,1133.9,6378.6,82.22,17.78,-0.62,1.88,0
2016-01-01,1,Male,5233.2,1159.2,6392.5,81.87,18.13,-0.74,2.06,0
2016-02-01,1,Male,5227.1,1156.7,6383.8,81.88,18.12,-0.57,1.35,0
2016-03-01,1,Male,5213.8,1179.1,6393.0,81.56,18.44,-1.13,1.15,0
2016-04-01,1,Male,5182.2,1202.1,6384.2,81.17,18.83,-1.09,1.25,0
2016-05-01,1,Male,5196.0,1195.5,6391.5,81.3,18.7,-1.01,1.16,0
2016-06-01,1,Male,5221.8,1171.1,6392.9,81.68,18.32,-0.64,1.4,0
2016-07-01,1,Male,5200.6,1214.2,6414.8,81.07,18.93,-1.22,1.4,0
2016-08-01,1,Male,5195.7,1197.7,6393.4,81.27,18.73,-1.13,1.27,0
2016-09-01,1,Male,5149.9,1222.7,6372.6,80.81,19.19,-1.46,0.81,0
2016-10-01,1,Male,5181.8,1207.1,6388.9,81.11,18.89,-1.21,0.46,0
2016-11-01,1,Male,5208.7,1190.0,6398.6,81.4,18.6,-0.7,0.57,0
2016-12-01,1,Male,5226.0,1190.1,6416.1,81.45,18.55,-0.77,0.59,0
2017-01-01,1,Male,5216.7,1200.3,6417.0,81.3,18.7,-0.57,0.38,0
2017-02-01,1,Male,5217.8,1196.7,6414.5,81.34,18.66,-0.54,0.48,0
2017-03-01,1,Male,5240.0,1195.5,6435.5,81.42,18.58,-0.14,0.67,0
2017-04-01,1,Male,5266.6,1220.7,6487.3,81.18,18.82,0.01,1.61,0
2017-05-01,1,Male,5292.9,1188.5,6481.4,81.66,18.34,0.36,1.41,0
2017-06-01,1,Male,5328.8,1156.1,6484.8,82.17,17.83,0.49,1.44,0
2017-07-01,1,Male,5311.2,1202.2,6513.4,81.54,18.46,0.47,1.54,0
2017-08-01,1,Male,5323.2,1200.8,6524.0,81.59,18.41,0.32,2.04,0
2017-09-01,1,Male,5348.3,1189.8,6538.1,81.8,18.2,0.99,2.6,0
2017-10-01,1,Male,5342.2,1197.7,6540.0,81.69,18.31,0.58,2.36,0
2017-11-01,1,Male,5355.5,1202.5,6558.0,81.66,18.34,0.26,2.49,0
2017-12-01,1,Male,5354.1,1205.0,6559.1,81.63,18.37,0.18,2.23,0
2018-01-01,1,Male,5338.7,1264.2,6602.9,80.85,19.15,-0.45,2.9,0
2018-02-01,1,Male,5363.0,1219.7,6582.7,81.47,18.53,0.13,2.62,0
2018-03-01,1,Male,5358.1,1225.9,6584.0,81.38,18.62,-0.04,2.31,0
2018-04-01,1,Male,5377.3,1223.3,6600.7,81.47,18.53,0.29,1.75,0
2018-05-01,1,Male,5380.6,1226.5,6607.1,81.44,18.56,-0.22,1.94,0
2018-06-01,1,Male,5398.2,1231.5,6629.7,81.42,18.58,-0.75,2.23,0
2018-07-01,1,Male,5415.8,1234.7,6650.5,81.43,18.57,-0.11,2.11,0
2018-08-01,1,Male,5446.5,1243.3,6689.8,81.41,18.59,-0.18,2.54,0
2018-09-01,1,Male,5460.8,1236.0,6696.8,81.54,18.46,-0.26,2.43,0
2018-10-01,1,Male,5467.7,1229.2,6697.0,81.64,18.36,-0.05,2.4,0
2018-11-01,1,Male,5454.3,1244.6,6698.9,81.42,18.58,-0.24,2.15,0
2018-12-01,1,Male,5439.4,1283.6,6722.9,80.91,19.09,-0.72,2.5,0
2019-01-01,1,Male,5498.3,1244.7,6743.1,81.54,18.46,0.69,2.12,0
2019-02-01,1,Male,5484.5,1255.9,6740.5,81.37,18.63,-0.1,2.4,0
2019-03-01,1,Male,5514.0,1244.2,6758.1,81.59,18.41,0.21,2.64,0
2019-04-01,1,Male,5492.0,1268.0,6760.0,81.24,18.76,-0.23,2.41,0
2019-05-01,1,Male,5516.5,1283.0,6799.5,81.13,18.87,-0.31,2.91,0
2019-06-01,1,Male,5519.6,1277.1,6796.7,81.21,18.79,-0.21,2.52,0
2019-07-01,1,Male,5519.7,1283.2,6802.9,81.14,18.86,-0.29,2.29,0
2019-08-01,1,Male,5518.4,1297.2,6815.6,80.97,19.03,-0.44,1.88,0
2019-09-01,1,Male,5528.2,1274.8,6803.0,81.26,18.74,-0.28,1.59,0
2019-10-01,1,Male,5508.5,1261.5,6770.0,81.37,18.63,-0.27,1.09,0
2019-11-01,1,Male,5496.4,1282.0,6778.4,81.09,18.91,-0.33,1.19,0
2019-12-01,1,Male,5474.0,1329.3,6803.3,80.46,19.54,-0.45,1.2,0
2020-01-01,1,Male,5508.6,1277.3,6786.0,81.18,18.82,-0.36,0.64,0
2020-02-01,1,Male,5506.9,1287.7,6794.6,81.05,18.95,-0.32,0.8,0
2020-03-01,1,Male,5506.8,1293.5,6800.3,80.98,19.02,-0.61,0.62,0
2020-04-01,1,Male,5380.7,1155.3,6536.0,82.32,17.68,1.08,-3.31,0
2020-05-01,1,Male,5309.7,1101.0,6410.7,82.83,17.17,1.7,-5.72,0
2020-06-01,1,Male,5291.9,1209.5,6501.3,81.4,18.6,0.19,-4.35,0
2020-07-01,1,Male,5314.9,1249.1,6564.0,80.97,19.03,-0.17,-3.51,0
2020-08-01,1,Male,5332.4,1279.4,6611.9,80.65,19.35,-0.32,-2.99,0
2020-09-01,1,Male,5296.6,1290.4,6587.0,80.41,19.59,-0.85,-3.17,0
2020-10-01,1,Male,5380.8,1304.2,6685.0,80.49,19.51,-0.88,-1.26,0
2020-11-01,1,Male,5406.0,1314.9,6720.9,80.44,19.56,-0.65,-0.85,0
2020-12-01,1,Male,5414.8,1324.5,6739.3,80.35,19.65,-0.11,-0.94,0
2021-01-01,1,Male,5448.1,1328.5,6776.7,80.4,19.6,-0.78,-0.14,0
2021-02-01,1,Male,5453.7,1321.5,6775.2,80.5,19.5,-0.55,-0.29,0
2021-03-01,1,Male,5449.4,1340.7,6790.1,80.26,19.74,-0.72,-0.15,0
2021-04-01,1,Male,5473.9,1331.8,6805.7,80.43,19.57,-1.89,4.13,0
2021-05-01,1,Male,5491.0,1340.9,6831.9,80.37,19.63,-2.46,6.57,0
2021-06-01,1,Male,5540.0,1323.1,6863.1,80.72,19.28,-0.68,5.57,0
2021-07-01,1,Male,5552.9,1333.5,6886.4,80.64,19.36,-0.33,4.91,0
2021-08-01,1,Male,5514.6,1301.5,6816.1,80.91,19.09,0.26,3.09,0
2021-09-01,1,Male,5517.6,1249.8,6767.4,81.53,18.47,1.12,2.74,0
2021-10-01,1,Male,5498.6,1255.6,6754.2,81.41,18.59,0.92,1.04,0
2021-11-01,1,Male,5563.7,1323.9,6887.7,80.78,19.22,0.34,2.48,0
2021-12-01,1,Male,5601.7,1344.7,6946.4,80.64,19.36,0.29,3.07,0
2022-01-01,1,Male,5619.3,1316.5,6935.8,81.02,18.98,0.62,2.35,0
2022-02-01,1,Male,5673.7,1305.7,6979.4,81.29,18.71,0.79,3.01,0
2022-03-01,1,Male,5673.5,1319.6,6993.2,81.13,18.87,0.87,2.99,0
2022-04-01,1,Male,5736.4,1291.7,7028.1,81.62,18.38,1.19,3.27,0
2022-05-01,1,Male,5755.3,1309.1,7064.4,81.47,18.53,1.1,3.4,0
2022-06-01,1,Male,5783.8,1311.8,7095.6,81.51,18.49,0.79,3.39,0
2022-07-01,1,Male,5762.0,1337.5,7099.5,81.16,18.84,0.52,3.09,0
2022-08-01,1,Male,5806.1,1334.4,7140.5,81.31,18.69,0.4,4.76,0
2022-09-01,1,Male,5815.7,1344.1,7159.7,81.23,18.77,-0.3,5.8,0
2022-10-01,1,Male,5846.5,1335.8,7182.3,81.4,18.6,-0.01,6.34,0
2022-11-01,1,Male,5852.1,1343.8,7195.8,81.33,18.67,0.55,4.47,0
2022-12-01,1,Male,5874.9,1331.8,7206.7,81.52,18.48,0.88,3.75,0
2023-01-01,1,Male,5862.6,1363.2,7225.8,81.13,18.87,0.11,4.18,0
2023-02-01,1,Male,5908.8,1344.2,7252.9,81.47,18.53,0.18,3.92,0
2023-03-01,1,Male,5951.1,1324.5,7275.6,81.8,18.2,0.67,4.04,0
2023-04-01,1,Male,5900.3,1368.2,7268.4,81.18,18.82,-0.44,3.42,0
2023-05-01,1,Male,5936.8,1383.5,7320.2,81.1,18.9,-0.37,3.62,0
2023-06-01,1,Male,5960.3,1368.7,7329.1,81.32,18.68,-0.19,3.29,0
2023-07-01,1,Male,5955.5,1388.5,7344.0,81.09,18.91,-0.07,3.44,0
2023-08-01,1,Male,5985.2,1393.9,7379.0,81.11,18.89,-0.2,3.34,0
2023-09-01,1,Male,5926.0,1424.0,7350.0,80.63,19.37,-0.6,2.66,0
2023-10-01,1,Male,5922.4,1444.3,7366.6,80.39,19.61,-1.01,2.57,0
2023-11-01,1,Male,5956.2,1442.3,7398.4,80.51,19.49,-0.82,2.82,0
2023-12-01,1,Male,5929.1,1448.1,7377.2,80.37,19.63,-1.15,2.37,0
2024-01-01,1,Male,5919.0,1455.8,7374.9,80.26,19.74,-0.87,2.06,0
2024-02-01,1,Male,5956.2,1478.5,7434.6,80.11,19.89,-1.36,2.5,0
2024-03-01,1,Male,5969.5,1466.6,7436.1,80.28,19.72,-1.52,2.21,0
2024-04-01,1,Male,5956.9,1475.8,7432.7,80.14,19.86,-1.04,2.26,0
2024-05-01,1,Male,5996.4,1473.3,7469.7,80.28,19.72,-0.82,2.04,0
2024-06-01,1,Male,6006.2,1470.9,7477.1,80.33,19.67,-0.99,2.02,0
2024-07-01,1,Male,6027.1,1458.4,7485.5,80.52,19.48,-0.57,1.93,0
2024-08-01,1,Male,5996.2,1516.5,7512.6,79.81,20.19,-1.3,1.81,0
2024-09-01,1,Male,6047.0,1500.7,7547.8,80.12,19.88,-0.51,2.69,0
2024-10-01,1,Male,6044.6,1499.9,7544.5,80.12,19.88,-0.27,2.41,0
2024-11-01,1,Male,6071.5,1474.3,7545.8,80.46,19.54,-0.05,1.99,0
2024-12-01,1,Male,6043.8,1552.7,7596.5,79.56,20.44,-0.81,2.97,0
2025-01-01,1,Male,6048.6,1529.9,7578.5,79.81,20.19,-0.45,2.76,0
2025-02-01,1,Male,6012.7,1530.0,7542.7,79.72,20.28,-0.39,1.45,0
2025-03-01,1,Male,6049.8,1518.2,7568.0,79.94,20.06,-0.34,1.77,0
2025-04-01,1,Male,6061.5,1523.0,7584.5,79.92,20.08,-0.22,2.04,0
2025-05-01,1,Male,6059.4,1507.9,7567.3,80.07,19.93,-0.21,1.31,0
2025-06-01,1,Male,6042.7,1529.8,7572.5,79.8,20.2,-0.53,1.28,0
2025-07-01,1,Male,6065.7,1502.9,7568.6,80.14,19.86,-0.38,1.11,0
2025-08-01,1,Male,6058.5,1516.5,7575.0,79.98,20.02,0.17,0.83,0
2025-09-01,1,Male,6079.3,1504.6,7583.9,80.16,19.84,0.04,0.48,0
2025-10-01,1,Male,6102.0,1511.8,7613.8,80.14,19.86,0.02,0.92,0
2025-11-01,1,Male,6052.6,1517.2,7569.8,79.96,20.04,-0.5,0.32,0
2025-12-01,1,Male,6112.9,1503.3,7616.2,80.26,19.74,0.7,0.26,0
2026-01-01,1,Male,6143.3,1496.6,7639.9,80.41,19.59,0.6,0.81,0
2026-02-01,1,Male,6094.1,1551.2,7645.3,79.71,20.29,-0.01,1.36,0
2026-03-01,1,Male,6129.0,1531.1,7660.1,80.01,19.99,0.07,1.22,0
2026-04-01,1,Male,6132.2,1535.7,7667.8,79.97,20.03,0.05,1.1,0
2026-05-01,1,Male,6134.6,1531.8,7666.5,80.02,19.98,-0.05,1.31,0
2026-06-01,1,Male,6142.3,1564.0,7706.3,79.7,20.3,-0.1,1.77,1
1978-02-01,3,Persons,5079.3,918.1,5997.4,84.69,15.31,,,0
1978-03-01,3,Persons,5095.1,907.8,6002.9,84.88,15.12,,,0
1978-04-01,3,Persons,5119.5,911.2,6030.7,84.89,15.11,,,0
1978-05-01,3,Persons,5118.7,914.3,6033.1,84.84,15.16,,,0
1978-06-01,3,Persons,5104.1,929.7,6033.8,84.59,15.41,,,0
1978-07-01,3,Persons,5096.6,933.9,6030.4,84.51,15.49,,,0
1978-08-01,3,Persons,5098.1,938.1,6036.3,84.46,15.54,,,0
1978-09-01,3,Persons,5107.0,923.8,6030.8,84.68,15.32,,,0
1978-10-01,3,Persons,5107.8,928.0,6035.8,84.62,15.38,,,0
1978-11-01,3,Persons,5103.7,924.4,6028.1,84.66,15.34,,,0
1978-12-01,3,Persons,5112.6,940.5,6053.1,84.46,15.54,,,0
1979-01-01,3,Persons,5120.4,930.6,6050.9,84.62,15.38,,,0
1979-02-01,3,Persons,5129.4,934.1,6063.4,84.6,15.4,-0.09,1.1,0
1979-03-01,3,Persons,5124.1,931.4,6055.5,84.62,15.38,-0.26,0.88,0
1979-04-01,3,Persons,5121.2,943.4,6064.6,84.44,15.56,-0.45,0.56,0
1979-05-01,3,Persons,5118.5,951.7,6070.2,84.32,15.68,-0.52,0.62,0
1979-06-01,3,Persons,5153.1,946.3,6099.3,84.49,15.51,-0.1,1.09,0
1979-07-01,3,Persons,5148.4,949.0,6097.4,84.44,15.56,-0.07,1.11,0
1979-08-01,3,Persons,5166.8,947.9,6114.8,84.5,15.5,0.04,1.3,0
1979-09-01,3,Persons,5161.6,955.1,6116.8,84.38,15.62,-0.3,1.43,0
1979-10-01,3,Persons,5186.1,966.0,6152.1,84.3,15.7,-0.32,1.93,0
1979-11-01,3,Persons,5207.6,972.8,6180.4,84.26,15.74,-0.4,2.53,0
1979-12-01,3,Persons,5211.3,972.6,6183.9,84.27,15.73,-0.19,2.16,0
1980-01-01,3,Persons,5216.4,987.4,6203.8,84.08,15.92,-0.54,2.53,0
1980-02-01,3,Persons,5242.5,979.3,6221.8,84.26,15.74,-0.34,2.61,0
1980-03-01,3,Persons,5252.8,980.0,6232.8,84.28,15.72,-0.34,2.93,0
1980-04-01,3,Persons,5261.0,985.6,6246.6,84.22,15.78,-0.22,3.0,0
1980-05-01,3,Persons,5303.5,964.4,6267.9,84.61,15.39,0.29,3.26,0
1980-06-01,3,Persons,5282.9,992.5,6275.4,84.18,15.82,-0.31,2.89,0
1980-07-01,3,Persons,5294.6,1012.0,6306.6,83.95,16.05,-0.49,3.43,0
1980-08-01,3,Persons,5306.9,1008.6,6315.6,84.03,15.97,-0.47,3.28,0
1980-09-01,3,Persons,5295.7,1022.0,6317.6,83.82,16.18,-0.56,3.28,0
1980-10-01,3,Persons,5296.4,1010.5,6306.9,83.98,16.02,-0.32,2.52,0
1980-11-01,3,Persons,5298.0,1030.5,6328.5,83.72,16.28,-0.54,2.4,0
1980-12-01,3,Persons,5326.9,1024.5,6351.4,83.87,16.13,-0.4,2.71,0
1981-01-01,3,Persons,5340.7,1016.6,6357.3,84.01,15.99,-0.07,2.48,0
1981-02-01,3,Persons,5349.1,1023.7,6372.8,83.94,16.06,-0.32,2.43,0
1981-03-01,3,Persons,5340.1,1036.4,6376.5,83.75,16.25,-0.53,2.31,0
1981-04-01,3,Persons,5379.3,1024.7,6404.0,84.0,16.0,-0.22,2.52,0
1981-05-01,3,Persons,5363.4,1041.6,6405.1,83.74,16.26,-0.87,2.19,0
1981-06-01,3,Persons,5380.6,1040.2,6420.8,83.8,16.2,-0.38,2.32,0
1981-07-01,3,Persons,5383.3,1035.1,6418.4,83.87,16.13,-0.08,1.77,0
1981-08-01,3,Persons,5393.3,1041.1,6434.4,83.82,16.18,-0.21,1.88,0
1981-09-01,3,Persons,5411.0,1048.2,6459.2,83.77,16.23,-0.05,2.24,0
1981-10-01,3,Persons,5390.4,1039.4,6429.8,83.83,16.17,-0.15,1.95,0
1981-11-01,3,Persons,5386.6,1030.3,6416.9,83.94,16.06,0.22,1.4,0
1981-12-01,3,Persons,5413.9,1016.2,6430.0,84.2,15.8,0.33,1.24,0
1982-01-01,3,Persons,5435.1,1034.0,6469.1,84.02,15.98,0.01,1.76,0
1982-02-01,3,Persons,5417.7,1032.7,6450.3,83.99,16.01,0.05,1.22,0
1982-03-01,3,Persons,5403.2,1039.9,6443.1,83.86,16.14,0.11,1.04,0
1982-04-01,3,Persons,5403.1,1052.7,6455.7,83.69,16.31,-0.31,0.81,0
1982-05-01,3,Persons,5385.9,1046.9,6432.8,83.73,16.27,-0.01,0.43,0
1982-06-01,3,Persons,5374.1,1046.7,6420.8,83.7,16.3,-0.1,0.0,0
1982-07-01,3,Persons,5359.1,1060.8,6419.9,83.48,16.52,-0.39,0.02,0
1982-08-01,3,Persons,5340.5,1075.9,6416.4,83.23,16.77,-0.59,-0.28,0
1982-09-01,3,Persons,5333.1,1067.6,6400.7,83.32,16.68,-0.45,-0.91,0
1982-10-01,3,Persons,5301.8,1101.1,6402.9,82.8,17.2,-1.03,-0.42,0
1982-11-01,3,Persons,5268.2,1077.4,6345.6,83.02,16.98,-0.92,-1.11,0
1982-12-01,3,Persons,5198.1,1097.4,6295.6,82.57,17.43,-1.63,-2.09,0
1983-01-01,3,Persons,5200.8,1095.8,6296.6,82.6,17.4,-1.42,-2.67,0
1983-02-01,3,Persons,5184.4,1104.9,6289.4,82.43,17.57,-1.56,-2.5,0
1983-03-01,3,Persons,5160.4,1095.3,6255.7,82.49,17.51,-1.37,-2.91,0
1983-04-01,3,Persons,5167.2,1065.7,6232.9,82.9,17.1,-0.79,-3.45,0
1983-05-01,3,Persons,5187.9,1075.9,6263.8,82.82,17.18,-0.91,-2.63,0
1983-06-01,3,Persons,5191.0,1080.2,6271.2,82.78,17.22,-0.92,-2.33,0
1983-07-01,3,Persons,5202.6,1074.1,6276.7,82.89,17.11,-0.59,-2.23,0
1983-08-01,3,Persons,5202.1,1080.9,6283.0,82.8,17.2,-0.43,-2.08,0
1983-09-01,3,Persons,5262.0,1054.7,6316.7,83.3,16.7,-0.02,-1.31,0
1983-10-01,3,Persons,5242.4,1074.9,6317.3,82.98,17.02,0.18,-1.34,0
1983-11-01,3,Persons,5262.9,1091.3,6354.2,82.83,17.17,-0.19,0.14,0
1983-12-01,3,Persons,5274.3,1104.6,6379.0,82.68,17.32,0.11,1.32,0
1984-01-01,3,Persons,5275.5,1104.5,6380.0,82.69,17.31,0.09,1.32,0
1984-02-01,3,Persons,5282.4,1109.7,6392.0,82.64,17.36,0.21,1.63,0
1984-03-01,3,Persons,5327.8,1119.8,6447.6,82.63,17.37,0.14,3.07,0
1984-04-01,3,Persons,5319.4,1134.8,6454.1,82.42,17.58,-0.48,3.55,0
1984-05-01,3,Persons,5339.4,1140.1,6479.5,82.41,17.59,-0.41,3.44,0
1984-06-01,3,Persons,5363.7,1137.9,6501.6,82.5,17.5,-0.28,3.67,0
1984-07-01,3,Persons,5358.5,1152.1,6510.6,82.3,17.7,-0.59,3.73,0
1984-08-01,3,Persons,5373.0,1135.0,6508.0,82.56,17.44,-0.24,3.58,0
1984-09-01,3,Persons,5365.9,1172.0,6538.0,82.07,17.93,-1.23,3.5,0
1984-10-01,3,Persons,5372.6,1162.1,6534.7,82.22,17.78,-0.76,3.44,0
1984-11-01,3,Persons,5399.0,1151.0,6550.0,82.43,17.57,-0.4,3.08,0
1984-12-01,3,Persons,5408.7,1145.0,6553.8,82.53,17.47,-0.15,2.74,0
1985-01-01,3,Persons,5407.0,1154.4,6561.4,82.41,17.59,-0.28,2.84,0
1985-02-01,3,Persons,5439.8,1186.3,6626.1,82.1,17.9,-0.54,3.66,0
1985-03-01,3,Persons,5444.0,1157.0,6600.9,82.47,17.53,-0.16,2.38,0
1985-04-01,3,Persons,5434.9,1176.3,6611.2,82.21,17.79,-0.21,2.43,0
1985-05-01,3,Persons,5456.9,1189.3,6646.2,82.1,17.9,-0.31,2.57,0
1985-06-01,3,Persons,5467.0,1193.1,6660.1,82.09,17.91,-0.41,2.44,0
1985-07-01,3,Persons,5482.6,1202.8,6685.4,82.01,17.99,-0.29,2.69,0
1985-08-01,3,Persons,5521.0,1206.5,6727.4,82.07,17.93,-0.49,3.37,0
1985-09-01,3,Persons,5551.7,1220.0,6771.7,81.98,18.02,-0.09,3.58,0
1985-10-01,3,Persons,5524.2,1232.0,6756.2,81.76,18.24,-0.46,3.39,0
1985-11-01,3,Persons,5597.3,1257.9,6855.2,81.65,18.35,-0.78,4.66,0
1985-12-01,3,Persons,5591.5,1231.1,6822.6,81.96,18.04,-0.57,4.1,0
1986-01-01,3,Persons,5629.1,1240.2,6869.3,81.95,18.05,-0.46,4.69,0
1986-02-01,3,Persons,5654.8,1237.4,6892.2,82.05,17.95,-0.05,4.02,0
1986-03-01,3,Persons,5638.8,1263.8,6902.6,81.69,18.31,-0.78,4.57,0
1986-04-01,3,Persons,5652.9,1318.5,6971.4,81.09,18.91,-1.12,5.45,0
1986-05-01,3,Persons,5654.5,1310.6,6965.0,81.18,18.82,-0.92,4.8,0
1986-06-01,3,Persons,5687.1,1318.2,7005.4,81.18,18.82,-0.91,5.18,0
1986-07-01,3,Persons,5651.7,1335.9,6987.6,80.88,19.12,-1.13,4.52,0
1986-08-01,3,Persons,5669.2,1300.1,6969.2,81.35,18.65,-0.72,3.59,0
1986-09-01,3,Persons,5673.7,1320.5,6994.3,81.12,18.88,-0.86,3.29,0
1986-10-01,3,Persons,5687.4,1331.4,7018.8,81.03,18.97,-0.73,3.89,0
1986-11-01,3,Persons,5677.2,1330.8,7008.0,81.01,18.99,-0.64,2.23,0
1986-12-01,3,Persons,5662.9,1361.7,7024.6,80.62,19.38,-1.34,2.96,0
1987-01-01,3,Persons,5670.6,1354.3,7024.9,80.72,19.28,-1.23,2.27,0
1987-02-01,3,Persons,5688.7,1367.9,7056.6,80.62,19.38,-1.43,2.39,0
1987-03-01,3,Persons,5696.1,1374.0,7070.1,80.57,19.43,-1.12,2.43,0
1987-04-01,3,Persons,5711.0,1373.6,7084.6,80.61,19.39,-0.48,1.62,0
1987-05-01,3,Persons,5709.1,1380.7,7089.8,80.53,19.47,-0.65,1.79,0
1987-06-01,3,Persons,5729.7,1395.7,7125.4,80.41,19.59,-0.77,1.71,0
1987-07-01,3,Persons,5776.4,1394.8,7171.2,80.55,19.45,-0.33,2.63,0
1987-08-01,3,Persons,5732.0,1417.6,7149.7,80.17,19.83,-1.18,2.59,0
1987-09-01,3,Persons,5733.5,1404.1,7137.5,80.33,19.67,-0.79,2.05,0
1987-10-01,3,Persons,5766.1,1401.1,7167.1,80.45,19.55,-0.58,2.11,0
1987-11-01,3,Persons,5728.8,1428.3,7157.1,80.04,19.96,-0.97,2.13,0
1987-12-01,3,Persons,5803.9,1430.9,7234.9,80.22,19.78,-0.4,2.99,0
1988-01-01,3,Persons,5851.0,1445.5,7296.5,80.19,19.81,-0.53,3.87,0
1988-02-01,3,Persons,5857.5,1424.6,7282.0,80.44,19.56,-0.18,3.19,0
1988-03-01,3,Persons,5878.9,1450.7,7329.6,80.21,19.79,-0.36,3.67,0
1988-04-01,3,Persons,5906.7,1453.2,7359.9,80.26,19.74,-0.35,3.89,0
1988-05-01,3,Persons,5893.6,1449.4,7343.0,80.26,19.74,-0.27,3.57,0
1988-06-01,3,Persons,5899.7,1460.9,7360.6,80.15,19.85,-0.26,3.3,0
1988-07-01,3,Persons,5921.0,1457.0,7378.1,80.25,19.75,-0.3,2.88,0
1988-08-01,3,Persons,5940.1,1468.5,7408.5,80.18,19.82,0.01,3.62,0
1988-09-01,3,Persons,5965.6,1485.6,7451.2,80.06,19.94,-0.27,4.39,0
1988-10-01,3,Persons,6011.5,1454.9,7466.4,80.51,19.49,0.06,4.18,0
1988-11-01,3,Persons,6000.3,1487.3,7487.7,80.14,19.86,0.1,4.62,0
1988-12-01,3,Persons,6009.6,1511.9,7521.5,79.9,20.1,-0.32,3.96,0
1989-01-01,3,Persons,6028.9,1526.0,7554.9,79.8,20.2,-0.39,3.54,0
1989-02-01,3,Persons,6063.1,1542.2,7605.3,79.72,20.28,-0.72,4.44,0
1989-03-01,3,Persons,6084.6,1539.5,7624.1,79.81,20.19,-0.4,4.02,0
1989-04-01,3,Persons,6117.1,1538.6,7655.7,79.9,20.1,-0.36,4.02,0
1989-05-01,3,Persons,6134.4,1576.7,7711.2,79.55,20.45,-0.71,5.01,0
1989-06-01,3,Persons,6145.0,1565.7,7710.7,79.69,20.31,-0.46,4.76,0
1989-07-01,3,Persons,6145.3,1590.2,7735.5,79.44,20.56,-0.81,4.84,0
1989-08-01,3,Persons,6167.3,1607.4,7774.7,79.33,20.67,-0.85,4.94,0
1989-09-01,3,Persons,6153.6,1630.0,7783.6,79.06,20.94,-1.0,4.46,0
1989-10-01,3,Persons,6174.7,1617.3,7792.0,79.24,20.76,-1.27,4.36,0
1989-11-01,3,Persons,6214.4,1630.2,7844.6,79.22,20.78,-0.92,4.77,0
1989-12-01,3,Persons,6189.1,1640.8,7829.9,79.04,20.96,-0.86,4.1,0
1990-01-01,3,Persons,6208.9,1633.1,7842.0,79.18,20.82,-0.62,3.8,0
1990-02-01,3,Persons,6201.9,1644.6,7846.6,79.04,20.96,-0.68,3.17,0
1990-03-01,3,Persons,6212.6,1648.9,7861.5,79.03,20.97,-0.78,3.11,0
1990-04-01,3,Persons,6202.0,1664.0,7866.1,78.85,21.15,-1.05,2.75,0
1990-05-01,3,Persons,6233.0,1666.4,7899.4,78.91,21.09,-0.64,2.44,0
1990-06-01,3,Persons,6233.1,1667.1,7900.2,78.9,21.1,-0.79,2.46,0
1990-07-01,3,Persons,6230.5,1667.6,7898.1,78.89,21.11,-0.55,2.1,0
1990-08-01,3,Persons,6214.5,1654.7,7869.2,78.97,21.03,-0.36,1.22,0
1990-09-01,3,Persons,6196.0,1648.1,7844.1,78.99,21.01,-0.07,0.78,0
1990-10-01,3,Persons,6151.8,1677.9,7829.7,78.57,21.43,-0.67,0.48,0
1990-11-01,3,Persons,6133.2,1676.7,7809.9,78.53,21.47,-0.69,-0.44,0
1990-12-01,3,Persons,6130.6,1682.5,7813.1,78.47,21.53,-0.57,-0.22,0
1991-01-01,3,Persons,6080.3,1663.9,7744.2,78.51,21.49,-0.67,-1.25,0
1991-02-01,3,Persons,6043.5,1714.5,7758.1,77.9,22.1,-1.14,-1.13,0
1991-03-01,3,Persons,5997.7,1704.0,7701.7,77.88,22.12,-1.15,-2.03,0
1991-04-01,3,Persons,5975.5,1720.5,7695.9,77.64,22.36,-1.21,-2.16,0
1991-05-01,3,Persons,5980.7,1713.2,7693.9,77.73,22.27,-1.18,-2.6,0
1991-06-01,3,Persons,5945.9,1712.8,7658.7,77.64,22.36,-1.26,-3.06,0
1991-07-01,3,Persons,5926.8,1703.7,7630.4,77.67,22.33,-1.22,-3.39,0
1991-08-01,3,Persons,5928.6,1707.1,7635.7,77.64,22.36,-1.33,-2.97,0
1991-09-01,3,Persons,5934.3,1710.8,7645.2,77.62,22.38,-1.37,-2.54,0
1991-10-01,3,Persons,5939.6,1676.7,7616.2,77.99,22.01,-0.58,-2.73,0
1991-11-01,3,Persons,5858.8,1738.3,7597.1,77.12,22.88,-1.41,-2.72,0
1991-12-01,3,Persons,5897.7,1719.3,7617.0,77.43,22.57,-1.04,-2.51,0
1992-01-01,3,Persons,5894.1,1736.7,7630.8,77.24,22.76,-1.27,-1.46,0
1992-02-01,3,Persons,5883.9,1766.3,7650.2,76.91,23.09,-0.99,-1.39,0
1992-03-01,3,Persons,5868.6,1762.6,7631.1,76.9,23.1,-0.98,-0.92,0
1992-04-01,3,Persons,5851.1,1773.3,7624.5,76.74,23.26,-0.9,-0.93,0
1992-05-01,3,Persons,5843.5,1777.4,7620.9,76.68,23.32,-1.05,-0.95,0
1992-06-01,3,Persons,5828.8,1804.8,7633.6,76.36,23.64,-1.28,-0.33,0
1992-07-01,3,Persons,5842.6,1808.6,7651.2,76.36,23.64,-1.31,0.27,0
1992-08-01,3,Persons,5838.1,1833.0,7671.1,76.11,23.89,-1.53,0.46,0
1992-09-01,3,Persons,5821.4,1813.8,7635.1,76.24,23.76,-1.38,-0.13,0
1992-10-01,3,Persons,5813.1,1831.3,7644.4,76.04,23.96,-1.95,0.37,0
1992-11-01,3,Persons,5779.2,1790.1,7569.3,76.35,23.65,-0.77,-0.37,0
1992-12-01,3,Persons,5811.2,1788.4,7599.7,76.47,23.53,-0.96,-0.23,0
1993-01-01,3,Persons,5849.1,1801.6,7650.8,76.45,23.55,-0.79,0.26,0
1993-02-01,3,Persons,5821.3,1760.7,7582.0,76.78,23.22,-0.13,-0.89,0
1993-03-01,3,Persons,5860.5,1771.1,7631.5,76.79,23.21,-0.11,0.0,0
1993-04-01,3,Persons,5857.9,1754.4,7612.3,76.95,23.05,0.21,-0.16,0
1993-05-01,3,Persons,5853.4,1759.8,7613.2,76.89,23.11,0.21,-0.1,0
1993-06-01,3,Persons,5878.4,1747.8,7626.2,77.08,22.92,0.72,-0.1,0
1993-07-01,3,Persons,5853.4,1774.7,7628.1,76.73,23.27,0.37,-0.3,0
1993-08-01,3,Persons,5868.2,1783.6,7651.7,76.69,23.31,0.58,-0.25,0
1993-09-01,3,Persons,5862.0,1808.2,7670.3,76.43,23.57,0.19,0.46,0
1993-10-01,3,Persons,5902.2,1817.0,7719.2,76.46,23.54,0.42,0.98,0
1993-11-01,3,Persons,5908.8,1820.9,7729.7,76.44,23.56,0.09,2.12,0
1993-12-01,3,Persons,5927.7,1817.8,7745.5,76.53,23.47,0.06,1.92,0
1994-01-01,3,Persons,5919.4,1846.9,7766.2,76.22,23.78,-0.23,1.51,0
1994-02-01,3,Persons,5938.5,1851.3,7789.7,76.23,23.77,-0.55,2.74,0
1994-03-01,3,Persons,5949.7,1859.1,7808.8,76.19,23.81,-0.6,2.32,0
1994-04-01,3,Persons,5950.9,1860.8,7811.7,76.18,23.82,-0.77,2.62,0
1994-05-01,3,Persons,5981.9,1871.4,7853.3,76.17,23.83,-0.72,3.15,0
1994-06-01,3,Persons,6016.3,1859.1,7875.4,76.39,23.61,-0.69,3.27,0
1994-07-01,3,Persons,6024.3,1924.0,7948.3,75.79,24.21,-0.94,4.2,0
1994-08-01,3,Persons,6027.2,1905.4,7932.6,75.98,24.02,-0.71,3.67,0
1994-09-01,3,Persons,6084.1,1897.2,7981.4,76.23,23.77,-0.2,4.06,0
1994-10-01,3,Persons,6045.3,1933.1,7978.4,75.77,24.23,-0.69,3.36,0
1994-11-01,3,Persons,6073.2,1916.9,7990.1,76.01,23.99,-0.43,3.37,0
1994-12-01,3,Persons,6070.4,1963.8,8034.2,75.56,24.44,-0.97,3.73,0
1995-01-01,3,Persons,6085.7,1964.6,8050.3,75.6,24.4,-0.62,3.66,0
1995-02-01,3,Persons,6141.6,1957.3,8098.9,75.83,24.17,-0.4,3.97,0
1995-03-01,3,Persons,6123.0,1979.3,8102.3,75.57,24.43,-0.62,3.76,0
1995-04-01,3,Persons,6179.7,1980.3,8160.0,75.73,24.27,-0.45,4.46,0
1995-05-01,3,Persons,6191.6,1974.5,8166.1,75.82,24.18,-0.35,3.98,0
1995-06-01,3,Persons,6212.0,1989.1,8201.1,75.75,24.25,-0.64,4.13,0
1995-07-01,3,Persons,6205.6,2002.1,8207.7,75.61,24.39,-0.18,3.26,0
1995-08-01,3,Persons,6236.8,2000.0,8236.8,75.72,24.28,-0.26,3.83,0
1995-09-01,3,Persons,6241.2,1983.2,8224.4,75.89,24.11,-0.34,3.05,0
1995-10-01,3,Persons,6214.7,1999.5,8214.2,75.66,24.34,-0.11,2.96,0
1995-11-01,3,Persons,6252.8,2035.3,8288.1,75.44,24.56,-0.57,3.73,0
1995-12-01,3,Persons,6254.2,2035.3,8289.5,75.45,24.55,-0.11,3.18,0
1996-01-01,3,Persons,6284.4,2007.1,8291.5,75.79,24.21,0.19,3.0,0
1996-02-01,3,Persons,6255.2,2037.6,8292.8,75.43,24.57,-0.4,2.39,0
1996-03-01,3,Persons,6234.6,2031.7,8266.3,75.42,24.58,-0.15,2.02,0
1996-04-01,3,Persons,6262.2,2034.0,8296.2,75.48,24.52,-0.25,1.67,0
1996-05-01,3,Persons,6262.6,2038.9,8301.5,75.44,24.56,-0.38,1.66,0
1996-06-01,3,Persons,6256.1,2049.2,8305.3,75.33,24.67,-0.42,1.27,0
1996-07-01,3,Persons,6269.4,2038.0,8307.4,75.47,24.53,-0.14,1.22,0
1996-08-01,3,Persons,6247.9,2054.7,8302.6,75.25,24.75,-0.47,0.8,0
1996-09-01,3,Persons,6250.6,2045.1,8295.7,75.35,24.65,-0.54,0.87,0
1996-10-01,3,Persons,6251.5,2050.2,8301.8,75.3,24.7,-0.36,1.07,0
1996-11-01,3,Persons,6246.8,2053.9,8300.7,75.26,24.74,-0.18,0.15,0
1996-12-01,3,Persons,6258.8,2065.5,8324.3,75.19,24.81,-0.26,0.42,0
1997-01-01,3,Persons,6242.4,2090.9,8333.3,74.91,25.09,-0.88,0.5,0
1997-02-01,3,Persons,6238.7,2096.2,8334.9,74.85,25.15,-0.58,0.51,0
1997-03-01,3,Persons,6234.8,2103.2,8338.0,74.78,25.22,-0.64,0.87,0
1997-04-01,3,Persons,6226.6,2104.4,8330.9,74.74,25.26,-0.74,0.42,0
1997-05-01,3,Persons,6235.5,2099.4,8334.9,74.81,25.19,-0.63,0.4,0
1997-06-01,3,Persons,6220.8,2115.4,8336.2,74.62,25.38,-0.71,0.37,0
1997-07-01,3,Persons,6240.9,2106.1,8347.0,74.77,25.23,-0.7,0.48,0
1997-08-01,3,Persons,6222.5,2111.1,8333.6,74.67,25.33,-0.58,0.37,0
1997-09-01,3,Persons,6266.3,2129.6,8395.9,74.64,25.36,-0.71,1.21,0
1997-10-01,3,Persons,6256.8,2132.2,8388.9,74.58,25.42,-0.72,1.05,0
1997-11-01,3,Persons,6288.8,2158.4,8447.3,74.45,25.55,-0.81,1.77,0
1997-12-01,3,Persons,6270.8,2162.0,8432.8,74.36,25.64,-0.83,1.3,0
1998-01-01,3,Persons,6292.0,2147.0,8439.1,74.56,25.44,-0.35,1.27,0
1998-02-01,3,Persons,6289.3,2164.0,8453.2,74.4,25.6,-0.45,1.42,0
1998-03-01,3,Persons,6295.3,2161.0,8456.3,74.45,25.55,-0.33,1.42,0
1998-04-01,3,Persons,6313.2,2175.5,8488.7,74.37,25.63,-0.37,1.89,0
1998-05-01,3,Persons,6281.1,2205.6,8486.7,74.01,25.99,-0.8,1.82,0
1998-06-01,3,Persons,6303.9,2202.8,8506.6,74.11,25.89,-0.51,2.04,0
1998-07-01,3,Persons,6329.8,2189.1,8518.9,74.3,25.7,-0.47,2.06,0
1998-08-01,3,Persons,6336.7,2194.5,8531.2,74.28,25.72,-0.39,2.37,0
1998-09-01,3,Persons,6357.0,2218.0,8575.0,74.13,25.87,-0.51,2.13,0
1998-10-01,3,Persons,6351.7,2233.7,8585.5,73.98,26.02,-0.6,2.34,0
1998-11-01,3,Persons,6328.9,2235.8,8564.7,73.9,26.1,-0.55,1.39,0
1998-12-01,3,Persons,6347.5,2238.5,8586.0,73.93,26.07,-0.43,1.82,0
1999-01-01,3,Persons,6364.6,2222.0,8586.5,74.12,25.88,-0.44,1.75,0
1999-02-01,3,Persons,6361.7,2232.6,8594.2,74.02,25.98,-0.38,1.67,0
1999-03-01,3,Persons,6379.7,2241.3,8621.0,74.0,26.0,-0.45,1.95,0
1999-04-01,3,Persons,6381.0,2241.8,8622.8,74.0,26.0,-0.37,1.58,0
1999-05-01,3,Persons,6361.4,2249.4,8610.7,73.88,26.12,-0.13,1.46,0
1999-06-01,3,Persons,6404.6,2257.4,8662.0,73.94,26.06,-0.17,1.83,0
1999-07-01,3,Persons,6423.9,2256.2,8680.0,74.01,25.99,-0.29,1.89,0
1999-08-01,3,Persons,6438.0,2250.2,8688.1,74.1,25.9,-0.18,1.84,0
1999-09-01,3,Persons,6444.8,2256.9,8701.6,74.06,25.94,-0.07,1.48,0
1999-10-01,3,Persons,6468.3,2273.2,8741.5,74.0,26.0,0.02,1.82,0
1999-11-01,3,Persons,6473.4,2278.0,8751.4,73.97,26.03,0.07,2.18,0
1999-12-01,3,Persons,6488.7,2297.1,8785.8,73.85,26.15,-0.08,2.33,0
2000-01-01,3,Persons,6456.3,2283.5,8739.8,73.87,26.13,-0.25,1.78,0
2000-02-01,3,Persons,6475.8,2313.2,8789.0,73.68,26.32,-0.34,2.27,0
2000-03-01,3,Persons,6521.5,2315.6,8837.1,73.8,26.2,-0.2,2.51,0
2000-04-01,3,Persons,6534.8,2339.1,8874.0,73.64,26.36,-0.36,2.91,0
2000-05-01,3,Persons,6525.3,2344.6,8869.9,73.57,26.43,-0.31,3.01,0
2000-06-01,3,Persons,6589.2,2320.9,8910.2,73.95,26.05,0.01,2.87,0
2000-07-01,3,Persons,6624.5,2367.5,8992.0,73.67,26.33,-0.34,3.59,0
2000-08-01,3,Persons,6604.2,2384.8,8989.0,73.47,26.53,-0.63,3.46,0
2000-09-01,3,Persons,6628.9,2356.7,8985.6,73.77,26.23,-0.29,3.26,0
2000-10-01,3,Persons,6588.6,2371.8,8960.5,73.53,26.47,-0.47,2.5,0
2000-11-01,3,Persons,6573.5,2329.3,8902.9,73.84,26.16,-0.13,1.73,0
2000-12-01,3,Persons,6568.0,2376.4,8944.4,73.43,26.57,-0.42,1.81,0
2001-01-01,3,Persons,6547.6,2410.3,8957.9,73.09,26.91,-0.78,2.5,0
2001-02-01,3,Persons,6556.3,2397.8,8954.1,73.22,26.78,-0.46,1.88,0
2001-03-01,3,Persons,6576.8,2387.2,8964.0,73.37,26.63,-0.43,1.44,0
2001-04-01,3,Persons,6558.1,2456.8,9014.9,72.75,27.25,-0.89,1.59,0
2001-05-01,3,Persons,6553.2,2454.7,9007.9,72.75,27.25,-0.82,1.56,0
2001-06-01,3,Persons,6520.3,2484.5,9004.8,72.41,27.59,-1.54,1.06,0
2001-07-01,3,Persons,6492.5,2532.0,9024.5,71.94,28.06,-1.73,0.36,0
2001-08-01,3,Persons,6510.9,2536.1,9047.0,71.97,28.03,-1.5,0.64,0
2001-09-01,3,Persons,6506.8,2519.8,9026.6,72.08,27.92,-1.69,0.46,0
2001-10-01,3,Persons,6526.8,2519.2,9046.0,72.15,27.85,-1.38,0.95,0
2001-11-01,3,Persons,6529.9,2548.8,9078.7,71.93,28.07,-1.91,1.97,0
2001-12-01,3,Persons,6538.6,2526.3,9065.0,72.13,27.87,-1.3,1.35,0
2002-01-01,3,Persons,6537.1,2546.1,9083.2,71.97,28.03,-1.12,1.4,0
2002-02-01,3,Persons,6542.3,2584.6,9126.9,71.68,28.32,-1.54,1.93,0
2002-03-01,3,Persons,6566.4,2565.9,9132.4,71.9,28.1,-1.47,1.88,0
2002-04-01,3,Persons,6544.7,2574.9,9119.6,71.77,28.23,-0.98,1.16,0
2002-05-01,3,Persons,6589.9,2545.1,9135.0,72.14,27.86,-0.61,1.41,0
2002-06-01,3,Persons,6544.8,2616.3,9161.1,71.44,28.56,-0.97,1.74,0
2002-07-01,3,Persons,6572.9,2594.2,9167.1,71.7,28.3,-0.24,1.58,0
2002-08-01,3,Persons,6614.3,2609.9,9224.2,71.71,28.29,-0.26,1.96,0
2002-09-01,3,Persons,6591.1,2634.6,9225.6,71.44,28.56,-0.64,2.21,0
2002-10-01,3,Persons,6593.4,2641.3,9234.7,71.4,28.6,-0.75,2.09,0
2002-11-01,3,Persons,6625.0,2658.7,9283.7,71.36,28.64,-0.57,2.26,0
2002-12-01,3,Persons,6665.8,2661.9,9327.6,71.46,28.54,-0.67,2.9,0
2003-01-01,3,Persons,6686.5,2692.2,9378.7,71.3,28.7,-0.67,3.25,0
2003-02-01,3,Persons,6710.4,2695.7,9406.0,71.34,28.66,-0.34,3.06,0
2003-03-01,3,Persons,6665.6,2694.3,9359.9,71.21,28.79,-0.69,2.49,0
2003-04-01,3,Persons,6657.0,2701.0,9358.0,71.14,28.86,-0.63,2.61,0
2003-05-01,3,Persons,6679.4,2695.9,9375.4,71.24,28.76,-0.9,2.63,0
2003-06-01,3,Persons,6638.2,2714.0,9352.2,70.98,29.02,-0.46,2.09,0
2003-07-01,3,Persons,6664.2,2678.9,9343.2,71.33,28.67,-0.37,1.92,0
2003-08-01,3,Persons,6706.2,2694.1,9400.3,71.34,28.66,-0.37,1.91,0
2003-09-01,3,Persons,6718.2,2690.1,9408.3,71.41,28.59,-0.03,1.98,0
2003-10-01,3,Persons,6750.4,2681.7,9432.1,71.57,28.43,0.17,2.14,0
2003-11-01,3,Persons,6763.9,2664.2,9428.1,71.74,28.26,0.38,1.55,0
2003-12-01,3,Persons,6775.9,2684.2,9460.1,71.63,28.37,0.17,1.42,0
2004-01-01,3,Persons,6804.0,2656.5,9460.5,71.92,28.08,0.62,0.87,0
2004-02-01,3,Persons,6779.0,2686.5,9465.5,71.62,28.38,0.28,0.63,0
2004-03-01,3,Persons,6819.2,2679.9,9499.1,71.79,28.21,0.58,1.49,0
2004-04-01,3,Persons,6814.5,2694.4,9508.9,71.66,28.34,0.52,1.61,0
2004-05-01,3,Persons,6814.4,2710.1,9524.5,71.55,28.45,0.31,1.59,0
2004-06-01,3,Persons,6832.1,2697.5,9529.6,71.69,28.31,0.71,1.9,0
2004-07-01,3,Persons,6838.6,2699.3,9537.9,71.7,28.3,0.37,2.08,0
2004-08-01,3,Persons,6847.1,2688.1,9535.2,71.81,28.19,0.47,1.43,0
2004-09-01,3,Persons,6860.5,2730.9,9591.4,71.53,28.47,0.12,1.95,0
2004-10-01,3,Persons,6910.7,2734.9,9645.6,71.65,28.35,0.08,2.26,0
2004-11-01,3,Persons,6928.2,2755.4,9683.6,71.55,28.45,-0.19,2.71,0
2004-12-01,3,Persons,6937.0,2755.5,9692.5,71.57,28.43,-0.06,2.46,0
2005-01-01,3,Persons,6969.0,2776.2,9745.2,71.51,28.49,-0.41,3.01,0
2005-02-01,3,Persons,7013.3,2761.7,9775.0,71.75,28.25,0.13,3.27,0
2005-03-01,3,Persons,7015.1,2801.3,9816.4,71.46,28.54,-0.33,3.34,0
2005-04-01,3,Persons,7062.4,2792.9,9855.3,71.66,28.34,0.0,3.64,0
2005-05-01,3,Persons,7033.3,2805.7,9839.0,71.48,28.52,-0.07,3.3,0
2005-06-01,3,Persons,7087.4,2798.1,9885.5,71.7,28.3,0.01,3.73,0
2005-07-01,3,Persons,7078.5,2821.7,9900.2,71.5,28.5,-0.2,3.8,0
2005-08-01,3,Persons,7096.6,2847.8,9944.4,71.36,28.64,-0.45,4.29,0
2005-09-01,3,Persons,7082.8,2845.3,9928.2,71.34,28.66,-0.19,3.51,0
2005-10-01,3,Persons,7063.9,2868.9,9932.8,71.12,28.88,-0.53,2.98,0
2005-11-01,3,Persons,7107.3,2834.7,9942.1,71.49,28.51,-0.06,2.67,0
2005-12-01,3,Persons,7099.4,2858.0,9957.4,71.3,28.7,-0.27,2.73,0
2006-01-01,3,Persons,7136.7,2821.4,9958.1,71.67,28.33,0.16,2.18,0
2006-02-01,3,Persons,7137.6,2855.4,9993.0,71.43,28.57,-0.32,2.23,0
2006-03-01,3,Persons,7139.6,2894.8,10034.3,71.15,28.85,-0.31,2.22,0
2006-04-01,3,Persons,7159.3,2882.3,10041.6,71.3,28.7,-0.36,1.89,0
2006-05-01,3,Persons,7183.0,2886.2,10069.2,71.34,28.66,-0.14,2.34,0
2006-06-01,3,Persons,7208.9,2900.3,10109.2,71.31,28.69,-0.39,2.26,0
2006-07-01,3,Persons,7245.8,2915.3,10161.0,71.31,28.69,-0.19,2.63,0
2006-08-01,3,Persons,7269.6,2909.8,10179.4,71.42,28.58,0.06,2.36,0
2006-09-01,3,Persons,7307.7,2915.5,10223.2,71.48,28.52,0.14,2.97,0
2006-10-01,3,Persons,7271.1,2924.6,10195.7,71.32,28.68,0.2,2.65,0
2006-11-01,3,Persons,7301.6,2928.1,10229.7,71.38,28.62,-0.11,2.89,0
2006-12-01,3,Persons,7342.1,2940.2,10282.3,71.4,28.6,0.1,3.26,0
2007-01-01,3,Persons,7361.0,2918.9,10279.9,71.61,28.39,-0.06,3.23,0
2007-02-01,3,Persons,7381.8,2926.3,10308.1,71.61,28.39,0.18,3.15,0
2007-03-01,3,Persons,7419.2,2917.8,10337.0,71.77,28.23,0.62,3.02,0
2007-04-01,3,Persons,7417.2,2949.0,10366.2,71.55,28.45,0.25,3.23,0
2007-05-01,3,Persons,7475.6,2926.1,10401.7,71.87,28.13,0.53,3.3,0
2007-06-01,3,Persons,7464.7,2959.5,10424.2,71.61,28.39,0.3,3.12,0
2007-07-01,3,Persons,7484.4,2962.4,10446.8,71.64,28.36,0.33,2.81,0
2007-08-01,3,Persons,7512.8,2971.8,10484.6,71.66,28.34,0.24,3.0,0
2007-09-01,3,Persons,7498.1,3015.6,10513.7,71.32,28.68,-0.16,2.84,0
2007-10-01,3,Persons,7561.9,2942.2,10504.1,71.99,28.01,0.67,3.03,0
2007-11-01,3,Persons,7566.2,2995.3,10561.5,71.64,28.36,0.26,3.24,0
2007-12-01,3,Persons,7582.5,2999.7,10582.2,71.65,28.35,0.25,2.92,0
2008-01-01,3,Persons,7572.9,3036.3,10609.2,71.38,28.62,-0.23,3.2,0
2008-02-01,3,Persons,7634.6,3014.7,10649.3,71.69,28.31,0.08,3.31,0
2008-03-01,3,Persons,7624.2,3045.7,10669.9,71.45,28.55,-0.32,3.22,0
2008-04-01,3,Persons,7636.5,3072.1,10708.6,71.31,28.69,-0.24,3.3,0
2008-05-01,3,Persons,7633.4,3046.7,10680.1,71.47,28.53,-0.4,2.68,0
2008-06-01,3,Persons,7673.3,3060.0,10733.3,71.49,28.51,-0.12,2.97,0
2008-07-01,3,Persons,7747.5,3003.8,10751.3,72.06,27.94,0.42,2.91,0
2008-08-01,3,Persons,7762.6,3030.9,10793.5,71.92,28.08,0.26,2.95,0
2008-09-01,3,Persons,7721.3,3056.5,10777.8,71.64,28.36,0.32,2.51,0
2008-10-01,3,Persons,7702.8,3084.6,10787.5,71.41,28.59,-0.58,2.7,0
2008-11-01,3,Persons,7705.2,3075.7,10780.9,71.47,28.53,-0.17,2.08,0
2008-12-01,3,Persons,7665.3,3123.9,10789.1,71.05,28.95,-0.6,1.96,0
2009-01-01,3,Persons,7722.1,3068.9,10790.9,71.56,28.44,0.18,1.71,0
2009-02-01,3,Persons,7663.4,3141.5,10805.0,70.93,29.07,-0.76,1.46,0
2009-03-01,3,Persons,7619.7,3151.0,10770.7,70.75,29.25,-0.7,0.94,0
2009-04-01,3,Persons,7666.2,3128.2,10794.4,71.02,28.98,-0.29,0.8,0
2009-05-01,3,Persons,7616.6,3156.1,10772.7,70.7,29.3,-0.77,0.87,0
2009-06-01,3,Persons,7597.4,3157.8,10755.2,70.64,29.36,-0.85,0.2,0
2009-07-01,3,Persons,7596.7,3202.6,10799.3,70.34,29.66,-1.72,0.45,0
2009-08-01,3,Persons,7571.2,3218.2,10789.4,70.17,29.83,-1.75,-0.04,0
2009-09-01,3,Persons,7578.5,3231.7,10810.1,70.11,29.89,-1.53,0.3,0
2009-10-01,3,Persons,7582.4,3238.2,10820.6,70.07,29.93,-1.34,0.31,0
2009-11-01,3,Persons,7608.0,3242.7,10850.7,70.12,29.88,-1.35,0.65,0
2009-12-01,3,Persons,7616.8,3270.6,10887.4,69.96,30.04,-1.09,0.91,0
2010-01-01,3,Persons,7639.8,3297.3,10937.1,69.85,30.15,-1.71,1.35,0
2010-02-01,3,Persons,7622.8,3298.0,10920.8,69.8,30.2,-1.13,1.07,0
2010-03-01,3,Persons,7636.0,3289.7,10925.7,69.89,30.11,-0.86,1.44,0
2010-04-01,3,Persons,7677.9,3259.6,10937.5,70.2,29.8,-0.82,1.33,0
2010-05-01,3,Persons,7694.5,3244.4,10938.9,70.34,29.66,-0.36,1.54,0
2010-06-01,3,Persons,7712.7,3280.1,10992.8,70.16,29.84,-0.48,2.21,0
2010-07-01,3,Persons,7712.9,3306.1,11019.0,70.0,30.0,-0.34,2.03,0
2010-08-01,3,Persons,7776.6,3284.3,11060.9,70.31,29.69,0.14,2.52,0
2010-09-01,3,Persons,7814.2,3273.1,11087.3,70.48,29.52,0.37,2.56,0
2010-10-01,3,Persons,7792.9,3311.5,11104.5,70.18,29.82,0.11,2.62,0
2010-11-01,3,Persons,7857.8,3305.4,11163.1,70.39,29.61,0.27,2.88,0
2010-12-01,3,Persons,7855.4,3313.9,11169.3,70.33,29.67,0.37,2.59,0
2011-01-01,3,Persons,7865.7,3336.3,11202.0,70.22,29.78,0.37,2.42,0
2011-02-01,3,Persons,7896.3,3280.0,11176.3,70.65,29.35,0.85,2.34,0
2011-03-01,3,Persons,7931.4,3283.7,11215.1,70.72,29.28,0.83,2.65,0
2011-04-01,3,Persons,7883.9,3298.6,11182.5,70.5,29.5,0.3,2.24,0
2011-05-01,3,Persons,7836.2,3336.5,11172.7,70.14,29.86,-0.2,2.14,0
2011-06-01,3,Persons,7907.4,3298.3,11205.7,70.57,29.43,0.41,1.94,0
2011-07-01,3,Persons,7884.1,3325.6,11209.7,70.33,29.67,0.33,1.73,0
2011-08-01,3,Persons,7885.2,3333.5,11218.7,70.29,29.71,-0.02,1.43,0
2011-09-01,3,Persons,7895.3,3350.7,11246.0,70.21,29.79,-0.27,1.43,0
2011-10-01,3,Persons,7916.5,3332.8,11249.3,70.37,29.63,0.19,1.3,0
2011-11-01,3,Persons,7882.5,3370.3,11252.8,70.05,29.95,-0.34,0.8,0
2011-12-01,3,Persons,7916.6,3315.3,11231.8,70.48,29.52,0.15,0.56,0
2012-01-01,3,Persons,7965.6,3343.0,11308.7,70.44,29.56,0.22,0.95,0
2012-02-01,3,Persons,7949.6,3322.4,11272.0,70.53,29.47,-0.12,0.86,0
2012-03-01,3,Persons,7966.9,3366.5,11333.4,70.3,29.7,-0.42,1.05,0
2012-04-01,3,Persons,7945.5,3376.5,11322.0,70.18,29.82,-0.32,1.25,0
2012-05-01,3,Persons,7987.0,3377.1,11364.1,70.28,29.72,0.14,1.71,0
2012-06-01,3,Persons,7959.0,3379.6,11338.6,70.19,29.81,-0.38,1.19,0
2012-07-01,3,Persons,7966.6,3381.9,11348.6,70.2,29.8,-0.13,1.24,0
2012-08-01,3,Persons,7978.4,3382.4,11360.8,70.23,29.77,-0.06,1.27,0
2012-09-01,3,Persons,8023.1,3366.9,11390.0,70.44,29.56,0.23,1.28,0
2012-10-01,3,Persons,8038.3,3352.7,11391.0,70.57,29.43,0.2,1.26,0
2012-11-01,3,Persons,8015.7,3369.5,11385.1,70.4,29.6,0.35,1.18,0
2012-12-01,3,Persons,8004.9,3391.9,11396.8,70.24,29.76,-0.24,1.47,0
2013-01-01,3,Persons,8069.8,3400.2,11470.1,70.36,29.64,-0.08,1.43,0
2013-02-01,3,Persons,8010.9,3457.8,11468.7,69.85,30.15,-0.68,1.75,0
2013-03-01,3,Persons,7993.4,3441.7,11435.1,69.9,30.1,-0.4,0.9,0
2013-04-01,3,Persons,8023.4,3443.9,11467.3,69.97,30.03,-0.21,1.28,0
2013-05-01,3,Persons,8004.0,3453.7,11457.6,69.86,30.14,-0.42,0.82,0
2013-06-01,3,Persons,7993.1,3477.1,11470.2,69.69,30.31,-0.5,1.16,0
2013-07-01,3,Persons,7991.9,3465.4,11457.3,69.75,30.25,-0.45,0.96,0
2013-08-01,3,Persons,7997.3,3462.3,11459.6,69.79,30.21,-0.44,0.87,0
2013-09-01,3,Persons,8002.9,3471.2,11474.1,69.75,30.25,-0.69,0.74,0
2013-10-01,3,Persons,7965.2,3505.4,11470.6,69.44,30.56,-1.13,0.7,0
2013-11-01,3,Persons,7954.5,3494.8,11449.3,69.48,30.52,-0.92,0.56,0
2013-12-01,3,Persons,7909.3,3509.8,11419.2,69.26,30.74,-0.98,0.2,0
2014-01-01,3,Persons,7937.2,3516.2,11453.3,69.3,30.7,-1.06,-0.15,0
2014-02-01,3,Persons,7957.1,3521.7,11478.9,69.32,30.68,-0.53,0.09,0
2014-03-01,3,Persons,7989.3,3542.9,11532.2,69.28,30.72,-0.62,0.85,0
2014-04-01,3,Persons,8007.2,3530.7,11537.9,69.4,30.6,-0.57,0.62,0
2014-05-01,3,Persons,8021.5,3491.3,11512.9,69.67,30.33,-0.19,0.48,0
2014-06-01,3,Persons,7999.9,3528.9,11528.8,69.39,30.61,-0.3,0.51,0
2014-07-01,3,Persons,8030.7,3514.6,11545.3,69.56,30.44,-0.19,0.77,0
2014-08-01,3,Persons,8015.6,3533.2,11548.8,69.41,30.59,-0.38,0.78,0
2014-09-01,3,Persons,8011.9,3535.2,11547.1,69.38,30.62,-0.37,0.64,0
2014-10-01,3,Persons,8013.8,3528.6,11542.4,69.43,30.57,-0.01,0.63,0
2014-11-01,3,Persons,7984.3,3557.7,11542.1,69.18,30.82,-0.3,0.81,0
2014-12-01,3,Persons,8030.1,3568.7,11598.8,69.23,30.77,-0.03,1.57,0
2015-01-01,3,Persons,8029.9,3578.5,11608.4,69.17,30.83,-0.13,1.35,0
2015-02-01,3,Persons,8067.9,3605.8,11673.7,69.11,30.89,-0.21,1.7,0
2015-03-01,3,Persons,8101.4,3592.2,11693.6,69.28,30.72,0.0,1.4,0
2015-04-01,3,Persons,8085.0,3607.1,11692.2,69.15,30.85,-0.25,1.34,0
2015-05-01,3,Persons,8107.3,3626.3,11733.6,69.1,30.9,-0.57,1.92,0
2015-06-01,3,Persons,8107.1,3620.4,11727.5,69.13,30.87,-0.26,1.72,0
2015-07-01,3,Persons,8132.1,3628.4,11760.5,69.15,30.85,-0.41,1.86,0
2015-08-01,3,Persons,8117.1,3647.5,11764.7,69.0,31.0,-0.41,1.87,0
2015-09-01,3,Persons,8143.5,3640.4,11783.9,69.11,30.89,-0.27,2.05,0
2015-10-01,3,Persons,8175.9,3684.9,11860.9,68.93,31.07,-0.5,2.76,0
2015-11-01,3,Persons,8192.9,3700.7,11893.6,68.88,31.12,-0.3,3.05,0
2015-12-01,3,Persons,8222.2,3685.6,11907.8,69.05,30.95,-0.18,2.66,0
2016-01-01,3,Persons,8190.0,3722.6,11912.6,68.75,31.25,-0.42,2.62,0
2016-02-01,3,Persons,8211.1,3715.2,11926.3,68.85,31.15,-0.26,2.16,0
2016-03-01,3,Persons,8189.5,3752.3,11941.8,68.58,31.42,-0.7,2.12,0
2016-04-01,3,Persons,8174.8,3773.4,11948.2,68.42,31.58,-0.73,2.19,0
2016-05-01,3,Persons,8169.5,3772.4,11941.8,68.41,31.59,-0.69,1.77,0
2016-06-01,3,Persons,8207.8,3755.2,11963.0,68.61,31.39,-0.52,2.01,0
2016-07-01,3,Persons,8175.2,3820.8,11996.0,68.15,31.85,-1.0,2.0,0
2016-08-01,3,Persons,8165.1,3790.8,11955.9,68.29,31.71,-0.71,1.63,0
2016-09-01,3,Persons,8106.8,3835.6,11942.3,67.88,32.12,-1.23,1.34,0
2016-10-01,3,Persons,8146.0,3815.1,11961.1,68.1,31.9,-0.83,0.85,0
2016-11-01,3,Persons,8186.4,3801.0,11987.3,68.29,31.71,-0.59,0.79,0
2016-12-01,3,Persons,8206.0,3811.8,12017.8,68.28,31.72,-0.77,0.92,0
2017-01-01,3,Persons,8155.4,3883.8,12039.3,67.74,32.26,-1.01,1.06,0
2017-02-01,3,Persons,8179.3,3835.9,12015.2,68.07,31.93,-0.78,0.74,0
2017-03-01,3,Persons,8251.9,3823.8,12075.7,68.33,31.67,-0.25,1.12,0
2017-04-01,3,Persons,8259.4,3873.5,12133.0,68.07,31.93,-0.35,1.55,0
2017-05-01,3,Persons,8323.7,3841.2,12164.9,68.42,31.58,0.01,1.87,0
2017-06-01,3,Persons,8385.9,3811.5,12197.3,68.75,31.25,0.14,1.96,0
2017-07-01,3,Persons,8370.4,3862.4,12232.9,68.43,31.57,0.28,1.97,0
2017-08-01,3,Persons,8414.7,3867.2,12281.9,68.51,31.49,0.22,2.73,0
2017-09-01,3,Persons,8429.1,3892.5,12321.7,68.41,31.59,0.53,3.18,0
2017-10-01,3,Persons,8446.6,3878.8,12325.3,68.53,31.47,0.43,3.05,0
2017-11-01,3,Persons,8486.6,3881.7,12368.3,68.62,31.38,0.33,3.18,0
2017-12-01,3,Persons,8491.3,3906.8,12398.1,68.49,31.51,0.21,3.16,0
2018-01-01,3,Persons,8483.0,3954.5,12437.5,68.2,31.8,0.46,3.31,0
2018-02-01,3,Persons,8496.2,3925.7,12421.9,68.4,31.6,0.33,3.38,0
2018-03-01,3,Persons,8472.9,3969.5,12442.4,68.1,31.9,-0.23,3.04,0
2018-04-01,3,Persons,8514.9,3945.6,12460.6,68.34,31.66,0.27,2.7,0
2018-05-01,3,Persons,8491.4,3960.9,12452.3,68.19,31.81,-0.23,2.36,0
2018-06-01,3,Persons,8527.1,3995.1,12522.1,68.1,31.9,-0.65,2.66,0
2018-07-01,3,Persons,8552.8,3970.1,12522.9,68.3,31.7,-0.13,2.37,0
2018-08-01,3,Persons,8620.6,3965.1,12585.8,68.5,31.5,-0.01,2.47,0
2018-09-01,3,Persons,8647.5,3954.0,12601.5,68.62,31.38,0.21,2.27,0
2018-10-01,3,Persons,8682.2,3942.6,12624.8,68.77,31.23,0.24,2.43,0
2018-11-01,3,Persons,8665.8,3978.7,12644.5,68.53,31.47,-0.09,2.23,0
2018-12-01,3,Persons,8661.5,4008.7,12670.2,68.36,31.64,-0.13,2.19,0
2019-01-01,3,Persons,8727.4,3987.2,12714.7,68.64,31.36,0.44,2.23,0
2019-02-01,3,Persons,8731.1,3994.1,12725.2,68.61,31.39,0.21,2.44,0
2019-03-01,3,Persons,8772.7,3976.1,12748.9,68.81,31.19,0.71,2.46,0
2019-04-01,3,Persons,8762.3,4023.6,12785.9,68.53,31.47,0.19,2.61,0
2019-05-01,3,Persons,8741.8,4050.2,12791.9,68.34,31.66,0.15,2.73,0
2019-06-01,3,Persons,8763.9,4040.8,12804.7,68.44,31.56,0.34,2.26,0
2019-07-01,3,Persons,8806.0,4031.3,12837.3,68.6,31.4,0.3,2.51,0
2019-08-01,3,Persons,8800.9,4081.9,12882.8,68.32,31.68,-0.18,2.36,0
2019-09-01,3,Persons,8833.9,4069.0,12902.9,68.46,31.54,-0.16,2.39,0
2019-10-01,3,Persons,8812.2,4041.5,12853.7,68.56,31.44,-0.21,1.81,0
2019-11-01,3,Persons,8803.0,4071.2,12874.2,68.38,31.62,-0.15,1.82,0
2019-12-01,3,Persons,8810.8,4113.2,12924.0,68.17,31.83,-0.19,2.0,0
2020-01-01,3,Persons,8854.0,4077.0,12931.1,68.47,31.53,-0.17,1.7,0
2020-02-01,3,Persons,8835.0,4095.6,12930.7,68.33,31.67,-0.28,1.61,0
2020-03-01,3,Persons,8829.2,4096.5,12925.7,68.31,31.69,-0.5,1.39,0
2020-04-01,3,Persons,8600.5,3746.6,12347.1,69.66,30.34,1.13,-3.43,0
2020-05-01,3,Persons,8480.2,3571.5,12051.7,70.37,29.63,2.03,-5.79,0
2020-06-01,3,Persons,8452.3,3827.6,12279.9,68.83,31.17,0.39,-4.1,0
2020-07-01,3,Persons,8509.4,3907.0,12416.4,68.53,31.47,-0.07,-3.28,0
2020-08-01,3,Persons,8543.0,4009.0,12552.0,68.06,31.94,-0.26,-2.57,0
2020-09-01,3,Persons,8509.2,4010.5,12519.7,67.97,32.03,-0.49,-2.97,0
2020-10-01,3,Persons,8590.8,4067.2,12658.0,67.87,32.13,-0.69,-1.52,0
2020-11-01,3,Persons,8660.5,4081.4,12741.9,67.97,32.03,-0.41,-1.03,0
2020-12-01,3,Persons,8705.0,4092.6,12797.6,68.02,31.98,-0.15,-0.98,0
2021-01-01,3,Persons,8769.4,4071.8,12841.2,68.29,31.71,-0.18,-0.7,0
2021-02-01,3,Persons,8828.3,4065.1,12893.4,68.47,31.53,0.14,-0.29,0
2021-03-01,3,Persons,8796.4,4156.7,12953.1,67.91,32.09,-0.4,0.21,0
2021-04-01,3,Persons,8821.5,4126.8,12948.3,68.13,31.87,-1.53,4.87,0
2021-05-01,3,Persons,8902.1,4136.8,13038.8,68.27,31.73,-2.1,8.19,0
2021-06-01,3,Persons,8937.6,4121.8,13059.4,68.44,31.56,-0.39,6.35,0
2021-07-01,3,Persons,8944.8,4140.2,13085.0,68.36,31.64,-0.17,5.38,0
2021-08-01,3,Persons,8904.5,4047.7,12952.2,68.75,31.25,0.69,3.19,0
2021-09-01,3,Persons,8934.4,3892.5,12826.9,69.65,30.35,1.68,2.45,0
2021-10-01,3,Persons,8899.1,3878.6,12777.8,69.65,30.35,1.78,0.95,0
2021-11-01,3,Persons,9020.9,4122.7,13143.7,68.63,31.37,0.66,3.15,0
2021-12-01,3,Persons,9085.5,4141.2,13226.7,68.69,31.31,0.67,3.35,0
2022-01-01,3,Persons,9126.2,4165.9,13292.1,68.66,31.34,0.37,3.51,0
2022-02-01,3,Persons,9221.5,4145.2,13366.6,68.99,31.01,0.52,3.67,0
2022-03-01,3,Persons,9239.0,4149.4,13388.5,69.01,30.99,1.1,3.36,0
2022-04-01,3,Persons,9341.1,4109.4,13450.5,69.45,30.55,1.32,3.88,0
2022-05-01,3,Persons,9389.5,4099.4,13488.8,69.61,30.39,1.34,3.45,0
2022-06-01,3,Persons,9434.9,4148.2,13583.1,69.46,30.54,1.02,4.01,0
2022-07-01,3,Persons,9387.1,4206.3,13593.4,69.06,30.94,0.7,3.89,0
2022-08-01,3,Persons,9498.6,4166.7,13665.3,69.51,30.49,0.76,5.51,0
2022-09-01,3,Persons,9526.6,4146.8,13673.4,69.67,30.33,0.02,6.6,0
2022-10-01,3,Persons,9571.9,4140.5,13712.4,69.8,30.2,0.15,7.31,0
2022-11-01,3,Persons,9592.0,4189.0,13780.9,69.6,30.4,0.97,4.85,0
2022-12-01,3,Persons,9647.2,4130.9,13778.1,70.02,29.98,1.33,4.17,0
2023-01-01,3,Persons,9634.3,4166.7,13801.0,69.81,30.19,1.15,3.83,0
2023-02-01,3,Persons,9692.3,4147.4,13839.7,70.03,29.97,1.04,3.54,0
2023-03-01,3,Persons,9779.4,4150.5,13929.9,70.2,29.8,1.19,4.04,0
2023-04-01,3,Persons,9755.1,4174.5,13929.6,70.03,29.97,0.58,3.56,0
2023-05-01,3,Persons,9818.1,4200.7,14018.8,70.04,29.96,0.43,3.93,0
2023-06-01,3,Persons,9835.6,4193.0,14028.7,70.11,29.89,0.65,3.28,0
2023-07-01,3,Persons,9805.1,4222.9,14028.0,69.9,30.1,0.84,3.2,0
2023-08-01,3,Persons,9828.9,4271.8,14100.7,69.71,30.29,0.2,3.19,0
2023-09-01,3,Persons,9783.6,4311.2,14094.8,69.41,30.59,-0.26,3.08,0
2023-10-01,3,Persons,9797.2,4353.8,14150.9,69.23,30.77,-0.57,3.2,0
2023-11-01,3,Persons,9840.0,4359.9,14199.9,69.3,30.7,-0.3,3.04,0
2023-12-01,3,Persons,9749.6,4397.3,14147.0,68.92,31.08,-1.1,2.68,0
2024-01-01,3,Persons,9752.9,4392.7,14145.6,68.95,31.05,-0.86,2.5,0
2024-02-01,3,Persons,9828.4,4424.1,14252.5,68.96,31.04,-1.07,2.98,0
2024-03-01,3,Persons,9846.8,4384.3,14231.1,69.19,30.81,-1.01,2.16,0
2024-04-01,3,Persons,9826.6,4440.7,14267.3,68.88,31.12,-1.15,2.42,0
2024-05-01,3,Persons,9858.9,4439.7,14298.6,68.95,31.05,-1.09,2.0,0
2024-06-01,3,Persons,9892.1,4428.7,14320.8,69.07,30.93,-1.04,2.08,0
2024-07-01,3,Persons,9940.0,4435.7,14375.8,69.14,30.86,-0.76,2.48,0
2024-08-01,3,Persons,9945.8,4462.9,14408.7,69.03,30.97,-0.68,2.18,0
2024-09-01,3,Persons,9978.2,4467.6,14445.7,69.07,30.93,-0.34,2.49,0
2024-10-01,3,Persons,9965.7,4478.2,14443.9,69.0,31.0,-0.23,2.07,0
2024-11-01,3,Persons,10018.9,4444.3,14463.3,69.27,30.73,-0.03,1.85,0
2024-12-01,3,Persons,9995.9,4515.0,14510.9,68.89,31.11,-0.03,2.57,0
2025-01-01,3,Persons,10020.3,4523.7,14544.0,68.9,31.1,-0.05,2.82,0
2025-02-01,3,Persons,9982.3,4486.9,14469.2,68.99,31.01,0.03,1.52,0
2025-03-01,3,Persons,9978.3,4522.0,14500.3,68.81,31.19,-0.38,1.89,0
2025-04-01,3,Persons,10043.1,4561.2,14604.3,68.77,31.23,-0.11,2.36,0
2025-05-01,3,Persons,10089.6,4508.4,14598.0,69.12,30.88,0.17,2.09,0
2025-06-01,3,Persons,10034.3,4536.9,14571.3,68.86,31.14,-0.21,1.75,0
2025-07-01,3,Persons,10103.5,4508.3,14611.8,69.15,30.85,0.01,1.64,0
2025-08-01,3,Persons,10056.5,4542.3,14598.7,68.89,31.11,-0.14,1.32,0
2025-09-01,3,Persons,10060.3,4548.4,14608.7,68.87,31.13,-0.2,1.13,0
2025-10-01,3,Persons,10107.9,4534.5,14642.3,69.03,30.97,0.03,1.37,0
2025-11-01,3,Persons,10036.2,4568.0,14604.2,68.72,31.28,-0.55,0.97,0
2025-12-01,3,Persons,10085.2,4576.7,14661.9,68.78,31.22,-0.11,1.04,0
2026-01-01,3,Persons,10151.1,4547.3,14698.3,69.06,30.94,0.16,1.06,0
2026-02-01,3,Persons,10097.5,4623.7,14721.2,68.59,31.41,-0.4,1.74,0
2026-03-01,3,Persons,10157.5,4584.0,14741.6,68.9,31.1,0.09,1.66,0
2026-04-01,3,Persons,10137.0,4565.9,14703.0,68.95,31.05,0.18,0.68,0
2026-05-01,3,Persons,10144.2,4602.7,14746.9,68.79,31.21,-0.33,1.02,0
2026-06-01,3,Persons,10173.5,4649.8,14823.3,68.63,31.37,-0.23,1.73,1
