date,region_code,region_name,employed_thousands,unemployment_rate_pct,unemployment_rate_mom_change_ppt,unemployment_rate_yoy_change_ppt,employed_yoy_change_pct,is_latest_month
1978-02-01,8,Australian Capital Territory,94.3,5.79,,,,0
1978-03-01,8,Australian Capital Territory,94.8,6.01,0.22,,,0
1978-04-01,8,Australian Capital Territory,95.1,6.17,0.162,,,0
1978-05-01,8,Australian Capital Territory,95.5,6.36,0.189,,,0
1978-06-01,8,Australian Capital Territory,95.8,6.56,0.199,,,0
1978-07-01,8,Australian Capital Territory,96.1,6.79,0.229,,,0
1978-08-01,8,Australian Capital Territory,96.1,7.04,0.256,,,0
1978-09-01,8,Australian Capital Territory,96.0,7.32,0.276,,,0
1978-10-01,8,Australian Capital Territory,95.8,7.58,0.265,,,0
1978-11-01,8,Australian Capital Territory,95.4,7.81,0.231,,,0
1978-12-01,8,Australian Capital Territory,94.8,7.99,0.175,,,0
1979-01-01,8,Australian Capital Territory,94.1,8.09,0.097,,,0
1979-02-01,8,Australian Capital Territory,93.5,8.09,0.001,2.301,-0.88,0
1979-03-01,8,Australian Capital Territory,93.0,8.0,-0.092,1.989,-1.84,0
1979-04-01,8,Australian Capital Territory,92.9,7.82,-0.175,1.652,-2.39,0
1979-05-01,8,Australian Capital Territory,93.0,7.59,-0.235,1.228,-2.57,0
1979-06-01,8,Australian Capital Territory,93.5,7.32,-0.262,0.767,-2.47,0
1979-07-01,8,Australian Capital Territory,94.0,7.06,-0.26,0.278,-2.11,0
1979-08-01,8,Australian Capital Territory,94.7,6.83,-0.235,-0.213,-1.51,0
1979-09-01,8,Australian Capital Territory,95.3,6.63,-0.194,-0.683,-0.8,0
1979-10-01,8,Australian Capital Territory,95.8,6.48,-0.152,-1.099,-0.01,0
1979-11-01,8,Australian Capital Territory,96.3,6.36,-0.122,-1.452,0.96,0
1979-12-01,8,Australian Capital Territory,96.9,6.26,-0.099,-1.727,2.19,0
1980-01-01,8,Australian Capital Territory,97.6,6.18,-0.081,-1.905,3.64,0
1980-02-01,8,Australian Capital Territory,98.2,6.12,-0.059,-1.966,5.04,0
1980-03-01,8,Australian Capital Territory,98.8,6.08,-0.044,-1.918,6.18,0
1980-04-01,8,Australian Capital Territory,99.2,6.04,-0.034,-1.777,6.78,0
1980-05-01,8,Australian Capital Territory,99.4,6.02,-0.026,-1.568,6.8,0
1980-06-01,8,Australian Capital Territory,99.4,5.99,-0.029,-1.335,6.38,0
1980-07-01,8,Australian Capital Territory,99.4,5.95,-0.036,-1.111,5.69,0
1980-08-01,8,Australian Capital Territory,99.3,5.91,-0.044,-0.92,4.91,0
1980-09-01,8,Australian Capital Territory,99.3,5.86,-0.05,-0.777,4.26,0
1980-10-01,8,Australian Capital Territory,99.4,5.81,-0.047,-0.671,3.77,0
1980-11-01,8,Australian Capital Territory,99.5,5.78,-0.03,-0.58,3.31,0
1980-12-01,8,Australian Capital Territory,99.7,5.77,-0.009,-0.49,2.86,0
1981-01-01,8,Australian Capital Territory,100.0,5.78,0.013,-0.396,2.46,0
1981-02-01,8,Australian Capital Territory,100.4,5.82,0.038,-0.298,2.21,0
1981-03-01,8,Australian Capital Territory,100.9,5.89,0.064,-0.19,2.1,0
1981-04-01,8,Australian Capital Territory,101.3,5.96,0.074,-0.082,2.16,0
1981-05-01,8,Australian Capital Territory,101.7,6.02,0.064,0.008,2.32,0
1981-06-01,8,Australian Capital Territory,102.0,6.06,0.034,0.071,2.57,0
1981-07-01,8,Australian Capital Territory,102.3,6.06,-0.001,0.106,2.92,0
1981-08-01,8,Australian Capital Territory,102.7,6.02,-0.036,0.114,3.36,0
1981-09-01,8,Australian Capital Territory,103.2,5.96,-0.059,0.105,3.86,0
1981-10-01,8,Australian Capital Territory,103.7,5.91,-0.055,0.096,4.3,0
1981-11-01,8,Australian Capital Territory,104.0,5.88,-0.025,0.102,4.52,0
1981-12-01,8,Australian Capital Territory,104.0,5.91,0.025,0.135,4.31,0
1982-01-01,8,Australian Capital Territory,103.6,6.0,0.089,0.211,3.58,0
1982-02-01,8,Australian Capital Territory,102.9,6.15,0.152,0.325,2.46,0
1982-03-01,8,Australian Capital Territory,102.0,6.35,0.206,0.466,1.17,0
1982-04-01,8,Australian Capital Territory,101.2,6.6,0.245,0.638,-0.08,0
1982-05-01,8,Australian Capital Territory,100.6,6.86,0.256,0.831,-1.08,0
1982-06-01,8,Australian Capital Territory,100.1,7.1,0.247,1.043,-1.82,0
1982-07-01,8,Australian Capital Territory,99.9,7.33,0.225,1.27,-2.36,0
1982-08-01,8,Australian Capital Territory,99.8,7.52,0.194,1.5,-2.78,0
1982-09-01,8,Australian Capital Territory,99.9,7.68,0.161,1.72,-3.16,0
1982-10-01,8,Australian Capital Territory,100.2,7.8,0.121,1.897,-3.34,0
1982-11-01,8,Australian Capital Territory,100.7,7.88,0.077,1.999,-3.16,0
1982-12-01,8,Australian Capital Territory,101.4,7.92,0.037,2.011,-2.51,0
1983-01-01,8,Australian Capital Territory,102.1,7.92,0.005,1.927,-1.44,0
1983-02-01,8,Australian Capital Territory,102.8,7.9,-0.024,1.751,-0.1,0
1983-03-01,8,Australian Capital Territory,103.5,7.84,-0.059,1.486,1.41,0
1983-04-01,8,Australian Capital Territory,104.3,7.74,-0.098,1.144,3.01,0
1983-05-01,8,Australian Capital Territory,105.1,7.61,-0.129,0.758,4.53,0
1983-06-01,8,Australian Capital Territory,106.0,7.47,-0.145,0.366,5.91,0
1983-07-01,8,Australian Capital Territory,106.9,7.32,-0.147,-0.006,7.07,0
1983-08-01,8,Australian Capital Territory,107.8,7.18,-0.142,-0.342,7.96,0
1983-09-01,8,Australian Capital Territory,108.5,7.05,-0.133,-0.636,8.62,0
1983-10-01,8,Australian Capital Territory,109.2,6.92,-0.124,-0.881,8.94,0
1983-11-01,8,Australian Capital Territory,109.7,6.8,-0.123,-1.081,8.97,0
1983-12-01,8,Australian Capital Territory,110.2,6.67,-0.127,-1.245,8.77,0
1984-01-01,8,Australian Capital Territory,110.7,6.54,-0.137,-1.387,8.49,0
1984-02-01,8,Australian Capital Territory,111.2,6.38,-0.157,-1.52,8.26,0
1984-03-01,8,Australian Capital Territory,111.8,6.2,-0.182,-1.643,8.07,0
1984-04-01,8,Australian Capital Territory,112.5,5.99,-0.203,-1.748,7.84,0
1984-05-01,8,Australian Capital Territory,113.1,5.78,-0.214,-1.833,7.61,0
1984-06-01,8,Australian Capital Territory,113.8,5.57,-0.209,-1.897,7.33,0
1984-07-01,8,Australian Capital Territory,114.4,5.38,-0.194,-1.944,7.0,0
1984-08-01,8,Australian Capital Territory,114.9,5.2,-0.173,-1.975,6.66,0
1984-09-01,8,Australian Capital Territory,115.4,5.05,-0.154,-1.997,6.33,0
1984-10-01,8,Australian Capital Territory,115.9,4.91,-0.138,-2.011,6.16,0
1984-11-01,8,Australian Capital Territory,116.6,4.79,-0.122,-2.01,6.21,0
1984-12-01,8,Australian Capital Territory,117.3,4.69,-0.097,-1.979,6.43,0
1985-01-01,8,Australian Capital Territory,118.1,4.63,-0.067,-1.909,6.68,0
1985-02-01,8,Australian Capital Territory,118.7,4.6,-0.03,-1.783,6.73,0
1985-03-01,8,Australian Capital Territory,119.1,4.61,0.012,-1.589,6.46,0
1985-04-01,8,Australian Capital Territory,119.2,4.66,0.051,-1.336,5.98,0
1985-05-01,8,Australian Capital Territory,119.3,4.74,0.084,-1.038,5.43,0
1985-06-01,8,Australian Capital Territory,119.5,4.85,0.109,-0.72,5.03,0
1985-07-01,8,Australian Capital Territory,120.1,4.96,0.113,-0.413,4.94,0
1985-08-01,8,Australian Capital Territory,120.8,5.07,0.107,-0.133,5.13,0
1985-09-01,8,Australian Capital Territory,121.7,5.16,0.089,0.109,5.46,0
1985-10-01,8,Australian Capital Territory,122.6,5.22,0.059,0.307,5.75,0
1985-11-01,8,Australian Capital Territory,123.4,5.24,0.024,0.453,5.88,0
1985-12-01,8,Australian Capital Territory,124.2,5.23,-0.016,0.533,5.85,0
1986-01-01,8,Australian Capital Territory,125.0,5.17,-0.058,0.542,5.83,0
1986-02-01,8,Australian Capital Territory,125.9,5.08,-0.093,0.48,6.01,0
1986-03-01,8,Australian Capital Territory,126.8,4.96,-0.117,0.351,6.54,0
1986-04-01,8,Australian Capital Territory,127.8,4.84,-0.121,0.179,7.21,0
1986-05-01,8,Australian Capital Territory,128.5,4.73,-0.103,-0.008,7.72,0
1986-06-01,8,Australian Capital Territory,128.9,4.67,-0.069,-0.186,7.84,0
1986-07-01,8,Australian Capital Territory,129.0,4.65,-0.012,-0.31,7.43,0
1986-08-01,8,Australian Capital Territory,128.6,4.72,0.061,-0.356,6.46,0
1986-09-01,8,Australian Capital Territory,127.8,4.85,0.136,-0.308,5.03,0
1986-10-01,8,Australian Capital Territory,126.8,5.05,0.201,-0.166,3.42,0
1986-11-01,8,Australian Capital Territory,125.7,5.3,0.249,0.059,1.82,0
1986-12-01,8,Australian Capital Territory,124.8,5.57,0.266,0.341,0.48,0
1987-01-01,8,Australian Capital Territory,124.4,5.81,0.247,0.646,-0.47,0
1987-02-01,8,Australian Capital Territory,124.6,6.01,0.194,0.933,-0.99,0
1987-03-01,8,Australian Capital Territory,125.4,6.13,0.124,1.175,-1.13,0
1987-04-01,8,Australian Capital Territory,126.6,6.18,0.049,1.344,-0.94,0
1987-05-01,8,Australian Capital Territory,127.9,6.16,-0.024,1.423,-0.47,0
1987-06-01,8,Australian Capital Territory,129.1,6.07,-0.086,1.406,0.17,0
1987-07-01,8,Australian Capital Territory,130.3,5.93,-0.141,1.276,1.0,0
1987-08-01,8,Australian Capital Territory,131.3,5.75,-0.177,1.037,2.12,0
1987-09-01,8,Australian Capital Territory,132.4,5.56,-0.198,0.704,3.62,0
1987-10-01,8,Australian Capital Territory,133.6,5.36,-0.195,0.307,5.41,0
1987-11-01,8,Australian Capital Territory,134.9,5.18,-0.176,-0.118,7.39,0
1987-12-01,8,Australian Capital Territory,136.4,5.04,-0.146,-0.53,9.28,0
1988-01-01,8,Australian Capital Territory,137.8,4.93,-0.105,-0.882,10.71,0
1988-02-01,8,Australian Capital Territory,138.8,4.88,-0.055,-1.132,11.38,0
1988-03-01,8,Australian Capital Territory,139.4,4.87,-0.005,-1.261,11.15,0
1988-04-01,8,Australian Capital Territory,139.5,4.91,0.037,-1.273,10.21,0
1988-05-01,8,Australian Capital Territory,139.2,4.97,0.064,-1.184,8.81,0
1988-06-01,8,Australian Capital Territory,138.5,5.05,0.078,-1.02,7.28,0
1988-07-01,8,Australian Capital Territory,137.9,5.13,0.076,-0.803,5.83,0
1988-08-01,8,Australian Capital Territory,137.4,5.18,0.053,-0.572,4.61,0
1988-09-01,8,Australian Capital Territory,137.3,5.21,0.026,-0.349,3.64,0
1988-10-01,8,Australian Capital Territory,137.4,5.21,0.007,-0.147,2.82,0
1988-11-01,8,Australian Capital Territory,137.6,5.21,-0.002,0.027,1.96,0
1988-12-01,8,Australian Capital Territory,137.8,5.21,-0.002,0.172,1.02,0
1989-01-01,8,Australian Capital Territory,138.0,5.21,-0.002,0.274,0.19,0
1989-02-01,8,Australian Capital Territory,138.3,5.2,-0.004,0.326,-0.34,0
1989-03-01,8,Australian Capital Territory,138.8,5.2,-0.004,0.327,-0.42,0
1989-04-01,8,Australian Capital Territory,139.4,5.19,-0.006,0.284,-0.1,0
1989-05-01,8,Australian Capital Territory,140.0,5.19,-0.008,0.212,0.63,0
1989-06-01,8,Australian Capital Territory,140.8,5.18,-0.008,0.126,1.63,0
1989-07-01,8,Australian Capital Territory,141.5,5.17,-0.006,0.043,2.63,0
1989-08-01,8,Australian Capital Territory,142.1,5.17,-0.002,-0.011,3.4,0
1989-09-01,8,Australian Capital Territory,142.6,5.17,0.0,-0.037,3.86,0
1989-10-01,8,Australian Capital Territory,142.9,5.17,0.0,-0.043,4.03,0
1989-11-01,8,Australian Capital Territory,143.1,5.17,-0.002,-0.044,3.99,0
1989-12-01,8,Australian Capital Territory,143.0,5.16,-0.005,-0.047,3.82,0
1990-01-01,8,Australian Capital Territory,142.9,5.16,-0.002,-0.047,3.54,0
1990-02-01,8,Australian Capital Territory,142.8,5.16,0.003,-0.04,3.24,0
1990-03-01,8,Australian Capital Territory,142.9,5.17,0.009,-0.027,2.98,0
1990-04-01,8,Australian Capital Territory,143.2,5.2,0.025,0.003,2.76,0
1990-05-01,8,Australian Capital Territory,143.5,5.24,0.046,0.058,2.49,0
1990-06-01,8,Australian Capital Territory,143.8,5.32,0.074,0.14,2.17,0
1990-07-01,8,Australian Capital Territory,144.0,5.42,0.101,0.247,1.81,0
1990-08-01,8,Australian Capital Territory,144.1,5.54,0.122,0.371,1.45,0
1990-09-01,8,Australian Capital Territory,144.2,5.68,0.137,0.507,1.12,0
1990-10-01,8,Australian Capital Territory,144.2,5.82,0.14,0.646,0.93,0
1990-11-01,8,Australian Capital Territory,144.6,5.94,0.126,0.775,1.04,0
1990-12-01,8,Australian Capital Territory,145.1,6.05,0.105,0.884,1.45,0
1991-01-01,8,Australian Capital Territory,145.7,6.13,0.082,0.968,1.96,0
1991-02-01,8,Australian Capital Territory,146.2,6.19,0.065,1.031,2.33,0
1991-03-01,8,Australian Capital Territory,146.4,6.25,0.057,1.078,2.43,0
1991-04-01,8,Australian Capital Territory,146.5,6.3,0.052,1.105,2.28,0
1991-05-01,8,Australian Capital Territory,146.3,6.36,0.055,1.114,1.93,0
1991-06-01,8,Australian Capital Territory,146.0,6.42,0.063,1.104,1.51,0
1991-07-01,8,Australian Capital Territory,145.7,6.5,0.075,1.078,1.14,0
1991-08-01,8,Australian Capital Territory,145.4,6.58,0.088,1.045,0.85,0
1991-09-01,8,Australian Capital Territory,145.1,6.68,0.098,1.005,0.66,0
1991-10-01,8,Australian Capital Territory,145.0,6.78,0.1,0.966,0.5,0
1991-11-01,8,Australian Capital Territory,144.9,6.88,0.099,0.939,0.21,0
1991-12-01,8,Australian Capital Territory,144.8,6.98,0.095,0.93,-0.19,0
1992-01-01,8,Australian Capital Territory,144.9,7.07,0.091,0.939,-0.57,0
1992-02-01,8,Australian Capital Territory,144.9,7.15,0.086,0.96,-0.85,0
1992-03-01,8,Australian Capital Territory,144.9,7.23,0.08,0.983,-1.03,0
1992-04-01,8,Australian Capital Territory,144.8,7.3,0.067,0.998,-1.1,0
1992-05-01,8,Australian Capital Territory,144.9,7.34,0.04,0.983,-0.99,0
1992-06-01,8,Australian Capital Territory,145.1,7.35,0.007,0.927,-0.62,0
1992-07-01,8,Australian Capital Territory,145.7,7.32,-0.031,0.82,-0.02,0
1992-08-01,8,Australian Capital Territory,146.6,7.25,-0.067,0.665,0.82,0
1992-09-01,8,Australian Capital Territory,147.7,7.16,-0.087,0.481,1.77,0
1992-10-01,8,Australian Capital Territory,148.9,7.07,-0.091,0.289,2.7,0
1992-11-01,8,Australian Capital Territory,150.0,6.99,-0.081,0.11,3.53,0
1992-12-01,8,Australian Capital Territory,151.0,6.93,-0.058,-0.044,4.26,0
1993-01-01,8,Australian Capital Territory,151.8,6.91,-0.026,-0.16,4.8,0
1993-02-01,8,Australian Capital Territory,152.4,6.92,0.01,-0.237,5.16,0
1993-03-01,8,Australian Capital Territory,152.7,6.96,0.04,-0.277,5.4,0
1993-04-01,8,Australian Capital Territory,152.9,7.02,0.065,-0.279,5.53,0
1993-05-01,8,Australian Capital Territory,152.8,7.1,0.079,-0.24,5.51,0
1993-06-01,8,Australian Capital Territory,152.8,7.18,0.076,-0.171,5.29,0
1993-07-01,8,Australian Capital Territory,152.8,7.23,0.055,-0.085,4.9,0
1993-08-01,8,Australian Capital Territory,153.0,7.26,0.024,0.006,4.36,0
1993-09-01,8,Australian Capital Territory,153.2,7.24,-0.014,0.079,3.77,0
1993-10-01,8,Australian Capital Territory,153.7,7.19,-0.054,0.116,3.23,0
1993-11-01,8,Australian Capital Territory,154.1,7.1,-0.085,0.111,2.75,0
1993-12-01,8,Australian Capital Territory,154.4,7.01,-0.097,0.072,2.28,0
1994-01-01,8,Australian Capital Territory,154.6,6.91,-0.096,0.002,1.84,0
1994-02-01,8,Australian Capital Territory,154.7,6.82,-0.087,-0.094,1.54,0
1994-03-01,8,Australian Capital Territory,154.9,6.75,-0.069,-0.203,1.41,0
1994-04-01,8,Australian Capital Territory,155.1,6.71,-0.045,-0.313,1.45,0
1994-05-01,8,Australian Capital Territory,155.4,6.69,-0.016,-0.408,1.65,0
1994-06-01,8,Australian Capital Territory,155.7,6.71,0.013,-0.471,1.9,0
1994-07-01,8,Australian Capital Territory,156.0,6.74,0.036,-0.49,2.09,0
1994-08-01,8,Australian Capital Territory,156.2,6.8,0.056,-0.458,2.12,0
1994-09-01,8,Australian Capital Territory,156.2,6.86,0.065,-0.379,1.95,0
1994-10-01,8,Australian Capital Territory,156.1,6.93,0.068,-0.257,1.55,0
1994-11-01,8,Australian Capital Territory,155.7,6.99,0.062,-0.11,1.06,0
1994-12-01,8,Australian Capital Territory,155.5,7.03,0.04,0.027,0.66,0
1995-01-01,8,Australian Capital Territory,155.3,7.04,0.008,0.131,0.45,0
1995-02-01,8,Australian Capital Territory,155.4,7.01,-0.027,0.191,0.43,0
1995-03-01,8,Australian Capital Territory,155.8,6.96,-0.053,0.207,0.6,0
1995-04-01,8,Australian Capital Territory,156.5,6.89,-0.071,0.181,0.95,0
1995-05-01,8,Australian Capital Territory,157.5,6.81,-0.077,0.12,1.37,0
1995-06-01,8,Australian Capital Territory,158.5,6.75,-0.064,0.042,1.8,0
1995-07-01,8,Australian Capital Territory,159.3,6.72,-0.032,-0.026,2.14,0
1995-08-01,8,Australian Capital Territory,160.0,6.72,0.005,-0.076,2.46,0
1995-09-01,8,Australian Capital Territory,160.6,6.76,0.042,-0.099,2.79,0
1995-10-01,8,Australian Capital Territory,161.0,6.85,0.083,-0.083,3.15,0
1995-11-01,8,Australian Capital Territory,161.2,6.97,0.125,-0.02,3.48,0
1995-12-01,8,Australian Capital Territory,161.1,7.14,0.168,0.107,3.63,0
1996-01-01,8,Australian Capital Territory,160.7,7.34,0.198,0.297,3.5,0
1996-02-01,8,Australian Capital Territory,160.2,7.55,0.216,0.54,3.08,0
1996-03-01,8,Australian Capital Territory,159.5,7.77,0.22,0.813,2.34,0
1996-04-01,8,Australian Capital Territory,158.6,7.98,0.209,1.093,1.33,0
1996-05-01,8,Australian Capital Territory,157.8,8.17,0.183,1.353,0.22,0
1996-06-01,8,Australian Capital Territory,157.2,8.31,0.144,1.561,-0.8,0
1996-07-01,8,Australian Capital Territory,156.7,8.41,0.099,1.692,-1.65,0
1996-08-01,8,Australian Capital Territory,156.3,8.46,0.055,1.741,-2.36,0
1996-09-01,8,Australian Capital Territory,155.9,8.47,0.01,1.709,-2.94,0
1996-10-01,8,Australian Capital Territory,155.7,8.44,-0.034,1.592,-3.3,0
1996-11-01,8,Australian Capital Territory,155.6,8.36,-0.074,1.392,-3.45,0
1996-12-01,8,Australian Capital Territory,155.8,8.25,-0.112,1.113,-3.26,0
1997-01-01,8,Australian Capital Territory,156.3,8.12,-0.134,0.78,-2.75,0
1997-02-01,8,Australian Capital Territory,156.9,7.98,-0.136,0.428,-2.03,0
1997-03-01,8,Australian Capital Territory,157.6,7.86,-0.121,0.087,-1.19,0
1997-04-01,8,Australian Capital Territory,158.1,7.77,-0.095,-0.217,-0.35,0
1997-05-01,8,Australian Capital Territory,158.3,7.71,-0.058,-0.458,0.29,0
1997-06-01,8,Australian Capital Territory,158.3,7.68,-0.024,-0.626,0.7,0
1997-07-01,8,Australian Capital Territory,158.2,7.68,-0.002,-0.727,0.98,0
1997-08-01,8,Australian Capital Territory,158.1,7.68,0.004,-0.778,1.17,0
1997-09-01,8,Australian Capital Territory,157.9,7.68,-0.004,-0.792,1.31,0
1997-10-01,8,Australian Capital Territory,157.9,7.66,-0.025,-0.783,1.44,0
1997-11-01,8,Australian Capital Territory,158.0,7.6,-0.056,-0.764,1.56,0
1997-12-01,8,Australian Capital Territory,158.3,7.51,-0.086,-0.738,1.57,0
1998-01-01,8,Australian Capital Territory,158.6,7.4,-0.113,-0.717,1.44,0
1998-02-01,8,Australian Capital Territory,159.0,7.27,-0.134,-0.714,1.29,0
1998-03-01,8,Australian Capital Territory,159.4,7.12,-0.146,-0.739,1.19,0
1998-04-01,8,Australian Capital Territory,159.9,6.97,-0.147,-0.791,1.13,0
1998-05-01,8,Australian Capital Territory,160.1,6.84,-0.137,-0.871,1.16,0
1998-06-01,8,Australian Capital Territory,160.2,6.71,-0.124,-0.97,1.21,0
1998-07-01,8,Australian Capital Territory,160.2,6.6,-0.108,-1.077,1.24,0
1998-08-01,8,Australian Capital Territory,160.1,6.51,-0.097,-1.177,1.29,0
1998-09-01,8,Australian Capital Territory,160.1,6.41,-0.097,-1.27,1.41,0
1998-10-01,8,Australian Capital Territory,160.3,6.31,-0.102,-1.347,1.5,0
1998-11-01,8,Australian Capital Territory,160.5,6.2,-0.112,-1.403,1.57,0
1998-12-01,8,Australian Capital Territory,160.9,6.07,-0.124,-1.441,1.68,0
1999-01-01,8,Australian Capital Territory,161.4,5.94,-0.13,-1.458,1.78,0
1999-02-01,8,Australian Capital Territory,161.8,5.81,-0.129,-1.453,1.81,0
1999-03-01,8,Australian Capital Territory,162.3,5.69,-0.12,-1.427,1.79,0
1999-04-01,8,Australian Capital Territory,162.8,5.59,-0.107,-1.386,1.84,0
1999-05-01,8,Australian Capital Territory,163.5,5.5,-0.092,-1.341,2.07,0
1999-06-01,8,Australian Capital Territory,164.2,5.42,-0.078,-1.296,2.48,0
1999-07-01,8,Australian Capital Territory,165.0,5.35,-0.068,-1.255,3.01,0
1999-08-01,8,Australian Capital Territory,165.8,5.29,-0.059,-1.218,3.52,0
1999-09-01,8,Australian Capital Territory,166.5,5.24,-0.051,-1.172,3.94,0
1999-10-01,8,Australian Capital Territory,167.1,5.19,-0.054,-1.124,4.29,0
1999-11-01,8,Australian Capital Territory,167.8,5.12,-0.065,-1.077,4.55,0
1999-12-01,8,Australian Capital Territory,168.4,5.04,-0.081,-1.034,4.67,0
2000-01-01,8,Australian Capital Territory,169.0,4.94,-0.099,-1.003,4.7,0
2000-02-01,8,Australian Capital Territory,169.4,4.83,-0.114,-0.988,4.67,0
2000-03-01,8,Australian Capital Territory,169.8,4.7,-0.129,-0.997,4.6,0
2000-04-01,8,Australian Capital Territory,170.1,4.56,-0.138,-1.029,4.51,0
2000-05-01,8,Australian Capital Territory,170.6,4.42,-0.14,-1.077,4.39,0
2000-06-01,8,Australian Capital Territory,171.3,4.29,-0.132,-1.13,4.34,0
2000-07-01,8,Australian Capital Territory,172.2,4.18,-0.111,-1.174,4.38,0
2000-08-01,8,Australian Capital Territory,173.1,4.1,-0.077,-1.192,4.45,0
2000-09-01,8,Australian Capital Territory,173.7,4.08,-0.023,-1.163,4.37,0
2000-10-01,8,Australian Capital Territory,173.9,4.12,0.043,-1.066,4.06,0
2000-11-01,8,Australian Capital Territory,173.7,4.23,0.109,-0.892,3.54,0
2000-12-01,8,Australian Capital Territory,173.3,4.39,0.161,-0.65,2.89,0
2001-01-01,8,Australian Capital Territory,172.8,4.58,0.189,-0.362,2.28,0
2001-02-01,8,Australian Capital Territory,172.6,4.77,0.188,-0.06,1.87,0
2001-03-01,8,Australian Capital Territory,172.5,4.93,0.162,0.231,1.6,0
2001-04-01,8,Australian Capital Territory,172.5,5.16,0.231,0.6,1.4,0
2001-05-01,8,Australian Capital Territory,172.6,5.21,0.056,0.796,1.18,0
2001-06-01,8,Australian Capital Territory,172.7,5.21,-0.008,0.92,0.77,0
2001-07-01,8,Australian Capital Territory,172.6,5.14,-0.071,0.961,0.21,0
2001-08-01,8,Australian Capital Territory,172.6,5.01,-0.122,0.916,-0.34,0
2001-09-01,8,Australian Capital Territory,172.6,4.86,-0.158,0.781,-0.68,0
2001-10-01,8,Australian Capital Territory,172.6,4.68,-0.173,0.565,-0.74,0
2001-11-01,8,Australian Capital Territory,172.8,4.52,-0.161,0.296,-0.56,0
2001-12-01,8,Australian Capital Territory,172.9,4.4,-0.127,0.008,-0.21,0
2002-01-01,8,Australian Capital Territory,173.1,4.32,-0.076,-0.258,0.17,0
2002-02-01,8,Australian Capital Territory,173.4,4.3,-0.025,-0.47,0.49,0
2002-03-01,8,Australian Capital Territory,173.9,4.31,0.015,-0.617,0.81,0
2002-04-01,8,Australian Capital Territory,174.5,4.35,0.038,-0.81,1.16,0
2002-05-01,8,Australian Capital Territory,175.3,4.4,0.047,-0.819,1.54,0
2002-06-01,8,Australian Capital Territory,176.1,4.44,0.045,-0.767,2.01,0
2002-07-01,8,Australian Capital Territory,176.9,4.47,0.035,-0.661,2.5,0
2002-08-01,8,Australian Capital Territory,177.5,4.5,0.024,-0.516,2.88,0
2002-09-01,8,Australian Capital Territory,178.0,4.51,0.011,-0.348,3.14,0
2002-10-01,8,Australian Capital Territory,178.3,4.51,-0.002,-0.177,3.26,0
2002-11-01,8,Australian Capital Territory,178.4,4.49,-0.014,-0.03,3.27,0
2002-12-01,8,Australian Capital Territory,178.4,4.47,-0.023,0.074,3.19,0
2003-01-01,8,Australian Capital Territory,178.4,4.44,-0.031,0.12,3.05,0
2003-02-01,8,Australian Capital Territory,178.3,4.41,-0.033,0.111,2.8,0
2003-03-01,8,Australian Capital Territory,178.0,4.38,-0.03,0.066,2.34,0
2003-04-01,8,Australian Capital Territory,177.5,4.35,-0.028,0.001,1.72,0
2003-05-01,8,Australian Capital Territory,177.1,4.32,-0.032,-0.079,1.0,0
2003-06-01,8,Australian Capital Territory,176.7,4.28,-0.04,-0.164,0.3,0
2003-07-01,8,Australian Capital Territory,176.5,4.22,-0.052,-0.251,-0.23,0
2003-08-01,8,Australian Capital Territory,176.6,4.16,-0.064,-0.338,-0.52,0
2003-09-01,8,Australian Capital Territory,176.9,4.08,-0.077,-0.426,-0.62,0
2003-10-01,8,Australian Capital Territory,177.3,4.0,-0.088,-0.511,-0.56,0
2003-11-01,8,Australian Capital Territory,177.7,3.9,-0.093,-0.591,-0.39,0
2003-12-01,8,Australian Capital Territory,178.1,3.81,-0.089,-0.657,-0.18,0
2004-01-01,8,Australian Capital Territory,178.5,3.73,-0.079,-0.705,0.07,0
2004-02-01,8,Australian Capital Territory,179.0,3.67,-0.064,-0.736,0.4,0
2004-03-01,8,Australian Capital Territory,179.4,3.63,-0.045,-0.751,0.82,0
2004-04-01,8,Australian Capital Territory,179.7,3.6,-0.021,-0.744,1.26,0
2004-05-01,8,Australian Capital Territory,179.9,3.61,0.006,-0.706,1.6,0
2004-06-01,8,Australian Capital Territory,179.9,3.63,0.023,-0.642,1.84,0
2004-07-01,8,Australian Capital Territory,179.9,3.66,0.029,-0.561,1.92,0
2004-08-01,8,Australian Capital Territory,180.0,3.68,0.018,-0.479,1.94,0
2004-09-01,8,Australian Capital Territory,180.5,3.68,-0.004,-0.406,2.07,0
2004-10-01,8,Australian Capital Territory,181.4,3.65,-0.03,-0.349,2.35,0
2004-11-01,8,Australian Capital Territory,182.6,3.59,-0.057,-0.313,2.74,0
2004-12-01,8,Australian Capital Territory,183.7,3.51,-0.079,-0.302,3.15,0
2005-01-01,8,Australian Capital Territory,184.6,3.42,-0.089,-0.313,3.38,0
2005-02-01,8,Australian Capital Territory,185.0,3.33,-0.089,-0.338,3.38,0
2005-03-01,8,Australian Capital Territory,185.2,3.25,-0.082,-0.375,3.22,0
2005-04-01,8,Australian Capital Territory,185.2,3.19,-0.065,-0.419,3.03,0
2005-05-01,8,Australian Capital Territory,185.2,3.14,-0.042,-0.467,2.96,0
2005-06-01,8,Australian Capital Territory,185.3,3.13,-0.016,-0.506,3.0,0
2005-07-01,8,Australian Capital Territory,185.4,3.14,0.01,-0.525,3.06,0
2005-08-01,8,Australian Capital Territory,185.5,3.17,0.031,-0.513,3.04,0
2005-09-01,8,Australian Capital Territory,185.5,3.21,0.042,-0.467,2.75,0
2005-10-01,8,Australian Capital Territory,185.4,3.25,0.044,-0.393,2.2,0
2005-11-01,8,Australian Capital Territory,185.3,3.29,0.037,-0.298,1.48,0
2005-12-01,8,Australian Capital Territory,185.3,3.31,0.019,-0.2,0.84,0
2006-01-01,8,Australian Capital Territory,185.5,3.31,-0.006,-0.117,0.5,0
2006-02-01,8,Australian Capital Territory,186.0,3.27,-0.033,-0.06,0.54,0
2006-03-01,8,Australian Capital Territory,186.8,3.22,-0.054,-0.032,0.9,0
2006-04-01,8,Australian Capital Territory,188.0,3.15,-0.065,-0.033,1.52,0
2006-05-01,8,Australian Capital Territory,189.5,3.08,-0.07,-0.06,2.31,0
2006-06-01,8,Australian Capital Territory,191.2,3.02,-0.064,-0.109,3.17,0
2006-07-01,8,Australian Capital Territory,192.8,2.97,-0.051,-0.17,3.99,0
2006-08-01,8,Australian Capital Territory,194.1,2.94,-0.031,-0.232,4.63,0
2006-09-01,8,Australian Capital Territory,194.9,2.93,-0.008,-0.282,5.07,0
2006-10-01,8,Australian Capital Territory,195.3,2.94,0.013,-0.314,5.32,0
2006-11-01,8,Australian Capital Territory,195.2,2.97,0.026,-0.324,5.36,0
2006-12-01,8,Australian Capital Territory,194.9,3.0,0.029,-0.315,5.22,0
2007-01-01,8,Australian Capital Territory,194.6,3.02,0.023,-0.286,4.89,0
2007-02-01,8,Australian Capital Territory,194.4,3.03,0.008,-0.245,4.49,0
2007-03-01,8,Australian Capital Territory,194.4,3.02,-0.013,-0.203,4.06,0
2007-04-01,8,Australian Capital Territory,194.7,2.98,-0.035,-0.174,3.58,0
2007-05-01,8,Australian Capital Territory,195.2,2.92,-0.057,-0.161,3.0,0
2007-06-01,8,Australian Capital Territory,195.6,2.86,-0.067,-0.164,2.3,0
2007-07-01,8,Australian Capital Territory,195.8,2.79,-0.065,-0.177,1.55,0
2007-08-01,8,Australian Capital Territory,195.7,2.73,-0.058,-0.204,0.84,0
2007-09-01,8,Australian Capital Territory,195.5,2.68,-0.05,-0.246,0.29,0
2007-10-01,8,Australian Capital Territory,195.2,2.64,-0.04,-0.299,-0.03,0
2007-11-01,8,Australian Capital Territory,195.1,2.61,-0.03,-0.355,-0.05,0
2007-12-01,8,Australian Capital Territory,195.3,2.59,-0.018,-0.402,0.18,0
2008-01-01,8,Australian Capital Territory,195.7,2.59,-0.009,-0.434,0.59,0
2008-02-01,8,Australian Capital Territory,196.4,2.58,-0.001,-0.443,1.06,0
2008-03-01,8,Australian Capital Territory,197.2,2.59,0.006,-0.425,1.43,0
2008-04-01,8,Australian Capital Territory,198.0,2.6,0.005,-0.385,1.66,0
2008-05-01,8,Australian Capital Territory,198.7,2.6,0.003,-0.325,1.78,0
2008-06-01,8,Australian Capital Territory,199.3,2.6,-0.001,-0.259,1.89,0
2008-07-01,8,Australian Capital Territory,199.8,2.59,-0.006,-0.199,2.08,0
2008-08-01,8,Australian Capital Territory,200.3,2.59,-0.002,-0.143,2.33,0
2008-09-01,8,Australian Capital Territory,200.6,2.6,0.01,-0.083,2.61,0
2008-10-01,8,Australian Capital Territory,200.7,2.63,0.029,-0.014,2.82,0
2008-11-01,8,Australian Capital Territory,200.7,2.68,0.051,0.067,2.88,0
2008-12-01,8,Australian Capital Territory,200.6,2.76,0.076,0.161,2.74,0
2009-01-01,8,Australian Capital Territory,200.4,2.86,0.101,0.272,2.38,0
2009-02-01,8,Australian Capital Territory,200.0,2.98,0.122,0.395,1.81,0
2009-03-01,8,Australian Capital Territory,199.5,3.11,0.133,0.522,1.16,0
2009-04-01,8,Australian Capital Territory,199.0,3.25,0.137,0.654,0.54,0
2009-05-01,8,Australian Capital Territory,198.7,3.39,0.136,0.788,0.0,0
2009-06-01,8,Australian Capital Territory,198.4,3.51,0.128,0.917,-0.43,0
2009-07-01,8,Australian Capital Territory,198.4,3.62,0.109,1.031,-0.71,0
2009-08-01,8,Australian Capital Territory,198.7,3.7,0.081,1.114,-0.8,0
2009-09-01,8,Australian Capital Territory,199.1,3.75,0.049,1.153,-0.71,0
2009-10-01,8,Australian Capital Territory,199.9,3.77,0.021,1.145,-0.39,0
2009-11-01,8,Australian Capital Territory,201.0,3.77,-0.003,1.091,0.11,0
2009-12-01,8,Australian Capital Territory,202.1,3.75,-0.026,0.989,0.76,0
2010-01-01,8,Australian Capital Territory,203.4,3.7,-0.045,0.842,1.49,0
2010-02-01,8,Australian Capital Territory,204.4,3.64,-0.056,0.664,2.2,0
2010-03-01,8,Australian Capital Territory,205.0,3.58,-0.061,0.471,2.77,0
2010-04-01,8,Australian Capital Territory,205.3,3.52,-0.062,0.271,3.13,0
2010-05-01,8,Australian Capital Territory,205.3,3.46,-0.062,0.074,3.36,0
2010-06-01,8,Australian Capital Territory,205.4,3.4,-0.062,-0.116,3.52,0
2010-07-01,8,Australian Capital Territory,205.8,3.34,-0.057,-0.282,3.69,0
2010-08-01,8,Australian Capital Territory,206.4,3.3,-0.04,-0.402,3.9,0
2010-09-01,8,Australian Capital Territory,207.2,3.29,-0.012,-0.463,4.04,0
2010-10-01,8,Australian Capital Territory,207.9,3.31,0.023,-0.461,3.98,0
2010-11-01,8,Australian Capital Territory,208.3,3.37,0.061,-0.397,3.66,0
2010-12-01,8,Australian Capital Territory,208.5,3.47,0.095,-0.276,3.13,0
2011-01-01,8,Australian Capital Territory,208.4,3.59,0.117,-0.114,2.46,0
2011-02-01,8,Australian Capital Territory,208.0,3.71,0.125,0.068,1.8,0
2011-03-01,8,Australian Capital Territory,207.6,3.83,0.118,0.247,1.28,0
2011-04-01,8,Australian Capital Territory,207.2,3.93,0.098,0.406,0.95,0
2011-05-01,8,Australian Capital Territory,206.9,3.99,0.066,0.534,0.77,0
2011-06-01,8,Australian Capital Territory,206.7,4.02,0.025,0.62,0.63,0
2011-07-01,8,Australian Capital Territory,206.7,4.0,-0.022,0.655,0.44,0
2011-08-01,8,Australian Capital Territory,206.8,3.93,-0.064,0.631,0.18,0
2011-09-01,8,Australian Capital Territory,207.2,3.84,-0.09,0.553,-0.02,0
2011-10-01,8,Australian Capital Territory,207.7,3.74,-0.101,0.429,-0.09,0
2011-11-01,8,Australian Capital Territory,208.3,3.64,-0.098,0.269,-0.01,0
2011-12-01,8,Australian Capital Territory,209.0,3.56,-0.084,0.09,0.25,0
2012-01-01,8,Australian Capital Territory,209.7,3.5,-0.057,-0.084,0.64,0
2012-02-01,8,Australian Capital Territory,210.4,3.48,-0.026,-0.236,1.12,0
2012-03-01,8,Australian Capital Territory,211.0,3.48,0.006,-0.347,1.62,0
2012-04-01,8,Australian Capital Territory,211.6,3.52,0.037,-0.407,2.09,0
2012-05-01,8,Australian Capital Territory,212.1,3.58,0.062,-0.412,2.5,0
2012-06-01,8,Australian Capital Territory,212.5,3.66,0.083,-0.353,2.81,0
2012-07-01,8,Australian Capital Territory,212.9,3.77,0.102,-0.23,3.0,0
2012-08-01,8,Australian Capital Territory,213.1,3.88,0.117,-0.049,3.03,0
2012-09-01,8,Australian Capital Territory,213.1,4.01,0.124,0.165,2.88,0
2012-10-01,8,Australian Capital Territory,213.0,4.13,0.121,0.387,2.55,0
2012-11-01,8,Australian Capital Territory,212.8,4.23,0.106,0.591,2.14,0
2012-12-01,8,Australian Capital Territory,212.5,4.32,0.084,0.759,1.66,0
2013-01-01,8,Australian Capital Territory,212.2,4.37,0.056,0.873,1.21,0
2013-02-01,8,Australian Capital Territory,212.2,4.4,0.025,0.923,0.86,0
2013-03-01,8,Australian Capital Territory,212.2,4.39,-0.007,0.91,0.59,0
2013-04-01,8,Australian Capital Territory,212.4,4.36,-0.036,0.837,0.39,0
2013-05-01,8,Australian Capital Territory,212.6,4.3,-0.061,0.714,0.24,0
2013-06-01,8,Australian Capital Territory,212.8,4.21,-0.081,0.55,0.11,0
2013-07-01,8,Australian Capital Territory,212.7,4.13,-0.084,0.364,-0.08,0
2013-08-01,8,Australian Capital Territory,212.4,4.06,-0.075,0.172,-0.32,0
2013-09-01,8,Australian Capital Territory,212.0,3.99,-0.063,-0.014,-0.54,0
2013-10-01,8,Australian Capital Territory,211.6,3.94,-0.052,-0.188,-0.64,0
2013-11-01,8,Australian Capital Territory,211.5,3.9,-0.042,-0.336,-0.58,0
2013-12-01,8,Australian Capital Territory,211.7,3.87,-0.025,-0.445,-0.37,0
2014-01-01,8,Australian Capital Territory,212.0,3.87,-0.003,-0.504,-0.11,0
2014-02-01,8,Australian Capital Territory,212.4,3.89,0.024,-0.504,0.13,0
2014-03-01,8,Australian Capital Territory,212.9,3.95,0.055,-0.443,0.29,0
2014-04-01,8,Australian Capital Territory,213.0,4.03,0.084,-0.323,0.29,0
2014-05-01,8,Australian Capital Territory,212.8,4.14,0.108,-0.154,0.08,0
2014-06-01,8,Australian Capital Territory,212.2,4.27,0.124,0.051,-0.25,0
2014-07-01,8,Australian Capital Territory,211.6,4.39,0.127,0.262,-0.53,0
2014-08-01,8,Australian Capital Territory,210.9,4.5,0.113,0.45,-0.68,0
2014-09-01,8,Australian Capital Territory,210.4,4.59,0.086,0.598,-0.74,0
2014-10-01,8,Australian Capital Territory,210.0,4.64,0.051,0.702,-0.77,0
2014-11-01,8,Australian Capital Territory,209.9,4.66,0.014,0.757,-0.79,0
2014-12-01,8,Australian Capital Territory,210.1,4.64,-0.017,0.765,-0.76,0
2015-01-01,8,Australian Capital Territory,210.5,4.6,-0.037,0.73,-0.7,0
2015-02-01,8,Australian Capital Territory,211.1,4.56,-0.04,0.666,-0.63,0
2015-03-01,8,Australian Capital Territory,211.7,4.53,-0.026,0.585,-0.55,0
2015-04-01,8,Australian Capital Territory,212.2,4.54,0.001,0.502,-0.39,0
2015-05-01,8,Australian Capital Territory,212.4,4.57,0.037,0.431,-0.16,0
2015-06-01,8,Australian Capital Territory,212.4,4.65,0.073,0.381,0.08,0
2015-07-01,8,Australian Capital Territory,212.2,4.74,0.098,0.351,0.28,0
2015-08-01,8,Australian Capital Territory,212.0,4.84,0.095,0.334,0.52,0
2015-09-01,8,Australian Capital Territory,212.3,4.9,0.066,0.314,0.89,0
2015-10-01,8,Australian Capital Territory,212.8,4.93,0.022,0.285,1.35,0
2015-11-01,8,Australian Capital Territory,213.6,4.9,-0.029,0.242,1.78,0
2015-12-01,8,Australian Capital Territory,214.3,4.82,-0.08,0.18,2.03,0
2016-01-01,8,Australian Capital Territory,215.0,4.69,-0.125,0.092,2.12,0
2016-02-01,8,Australian Capital Territory,215.6,4.53,-0.163,-0.031,2.11,0
2016-03-01,8,Australian Capital Territory,216.1,4.34,-0.189,-0.193,2.1,0
2016-04-01,8,Australian Capital Territory,216.8,4.14,-0.197,-0.391,2.17,0
2016-05-01,8,Australian Capital Territory,217.4,3.96,-0.183,-0.612,2.36,0
2016-06-01,8,Australian Capital Territory,218.1,3.81,-0.15,-0.835,2.67,0
2016-07-01,8,Australian Capital Territory,218.5,3.7,-0.107,-1.039,2.99,0
2016-08-01,8,Australian Capital Territory,218.8,3.64,-0.062,-1.197,3.2,0
2016-09-01,8,Australian Capital Territory,219.1,3.62,-0.02,-1.282,3.24,0
2016-10-01,8,Australian Capital Territory,219.5,3.64,0.015,-1.289,3.13,0
2016-11-01,8,Australian Capital Territory,220.0,3.68,0.043,-1.217,2.99,0
2016-12-01,8,Australian Capital Territory,220.6,3.74,0.06,-1.077,2.92,0
2017-01-01,8,Australian Capital Territory,221.2,3.81,0.069,-0.883,2.92,0
2017-02-01,8,Australian Capital Territory,221.8,3.88,0.07,-0.651,2.9,0
2017-03-01,8,Australian Capital Territory,222.3,3.94,0.066,-0.397,2.85,0
2017-04-01,8,Australian Capital Territory,222.7,4.0,0.06,-0.14,2.75,0
2017-05-01,8,Australian Capital Territory,223.4,4.06,0.052,0.095,2.72,0
2017-06-01,8,Australian Capital Territory,224.3,4.1,0.043,0.288,2.87,0
2017-07-01,8,Australian Capital Territory,225.5,4.13,0.033,0.427,3.22,0
2017-08-01,8,Australian Capital Territory,227.0,4.15,0.02,0.509,3.75,0
2017-09-01,8,Australian Capital Territory,228.7,4.16,0.004,0.533,4.36,0
2017-10-01,8,Australian Capital Territory,230.3,4.15,-0.01,0.509,4.93,0
2017-11-01,8,Australian Capital Territory,231.6,4.13,-0.021,0.445,5.28,0
2017-12-01,8,Australian Capital Territory,232.2,4.1,-0.025,0.359,5.25,0
2018-01-01,8,Australian Capital Territory,232.1,4.07,-0.031,0.259,4.92,0
2018-02-01,8,Australian Capital Territory,231.7,4.03,-0.039,0.15,4.46,0
2018-03-01,8,Australian Capital Territory,231.1,3.98,-0.048,0.036,3.97,0
2018-04-01,8,Australian Capital Territory,230.6,3.92,-0.058,-0.081,3.54,0
2018-05-01,8,Australian Capital Territory,230.4,3.86,-0.065,-0.198,3.14,0
2018-06-01,8,Australian Capital Territory,230.5,3.79,-0.072,-0.313,2.73,0
2018-07-01,8,Australian Capital Territory,230.7,3.72,-0.071,-0.416,2.3,0
2018-08-01,8,Australian Capital Territory,231.1,3.66,-0.059,-0.494,1.77,0
2018-09-01,8,Australian Capital Territory,231.3,3.62,-0.041,-0.539,1.12,0
2018-10-01,8,Australian Capital Territory,231.4,3.59,-0.023,-0.552,0.46,0
2018-11-01,8,Australian Capital Territory,231.5,3.59,-0.008,-0.54,-0.01,0
2018-12-01,8,Australian Capital Territory,231.9,3.58,0.0,-0.515,-0.14,0
2019-01-01,8,Australian Capital Territory,232.3,3.59,0.003,-0.481,0.07,0
2019-02-01,8,Australian Capital Territory,232.9,3.59,0.002,-0.439,0.52,0
2019-03-01,8,Australian Capital Territory,233.8,3.59,-0.002,-0.392,1.14,0
2019-04-01,8,Australian Capital Territory,234.8,3.58,-0.013,-0.348,1.83,0
2019-05-01,8,Australian Capital Territory,236.1,3.55,-0.028,-0.31,2.47,0
2019-06-01,8,Australian Capital Territory,237.4,3.5,-0.044,-0.282,3.03,0
2019-07-01,8,Australian Capital Territory,238.7,3.45,-0.056,-0.268,3.45,0
2019-08-01,8,Australian Capital Territory,239.8,3.39,-0.061,-0.27,3.76,0
2019-09-01,8,Australian Capital Territory,240.5,3.33,-0.061,-0.291,4.0,0
2019-10-01,8,Australian Capital Territory,241.0,3.27,-0.053,-0.321,4.16,0
2019-11-01,8,Australian Capital Territory,241.2,3.23,-0.039,-0.352,4.16,0
2019-12-01,8,Australian Capital Territory,241.1,3.21,-0.022,-0.374,4.01,0
2020-01-01,8,Australian Capital Territory,241.0,3.21,-0.005,-0.382,3.73,0
2020-02-01,8,Australian Capital Territory,240.7,3.22,0.012,-0.373,3.35,0
2020-03-01,8,Australian Capital Territory,240.6,3.24,0.023,-0.348,2.93,0
2020-04-01,8,Australian Capital Territory,240.7,4.07,0.829,0.494,2.51,0
2020-05-01,8,Australian Capital Territory,241.2,4.09,0.024,0.546,2.18,0
2020-06-01,8,Australian Capital Territory,242.2,4.12,0.021,0.611,1.99,0
2020-07-01,8,Australian Capital Territory,243.5,4.13,0.014,0.681,2.02,0
2020-08-01,8,Australian Capital Territory,245.1,4.13,0.002,0.745,2.25,0
2020-09-01,8,Australian Capital Territory,246.6,4.13,-0.003,0.803,2.53,0
2020-10-01,8,Australian Capital Territory,247.5,4.13,0.0,0.855,2.71,0
2020-11-01,8,Australian Capital Territory,247.9,4.13,0.005,0.9,2.77,0
2020-12-01,8,Australian Capital Territory,247.8,4.14,0.007,0.93,2.77,0
2021-01-01,8,Australian Capital Territory,247.6,4.15,0.006,0.941,2.73,0
2021-02-01,8,Australian Capital Territory,247.3,4.15,0.001,0.93,2.72,0
2021-03-01,8,Australian Capital Territory,247.2,4.14,-0.009,0.898,2.72,0
2021-04-01,8,Australian Capital Territory,247.0,4.12,-0.02,0.048,2.6,0
2021-05-01,8,Australian Capital Territory,246.7,4.09,-0.026,-0.002,2.27,0
2021-06-01,8,Australian Capital Territory,246.1,4.07,-0.027,-0.05,1.63,0
2021-07-01,8,Australian Capital Territory,245.3,4.04,-0.025,-0.089,0.71,0
2021-08-01,8,Australian Capital Territory,244.4,4.01,-0.027,-0.118,-0.29,0
2021-09-01,8,Australian Capital Territory,244.1,3.98,-0.036,-0.152,-0.99,0
2021-10-01,8,Australian Capital Territory,244.7,3.93,-0.049,-0.2,-1.15,0
2021-11-01,8,Australian Capital Territory,246.1,3.86,-0.064,-0.269,-0.72,0
2021-12-01,8,Australian Capital Territory,248.0,3.79,-0.075,-0.351,0.08,0
2022-01-01,8,Australian Capital Territory,250.2,3.71,-0.082,-0.439,1.08,0
2022-02-01,8,Australian Capital Territory,252.3,3.62,-0.085,-0.525,2.01,0
2022-03-01,8,Australian Capital Territory,253.9,3.54,-0.083,-0.599,2.74,0
2022-04-01,8,Australian Capital Territory,255.1,3.46,-0.079,-0.658,3.3,0
2022-05-01,8,Australian Capital Territory,256.1,3.38,-0.075,-0.708,3.81,0
2022-06-01,8,Australian Capital Territory,256.9,3.31,-0.071,-0.752,4.4,0
2022-07-01,8,Australian Capital Territory,257.9,3.24,-0.07,-0.796,5.14,0
2022-08-01,8,Australian Capital Territory,258.9,3.18,-0.064,-0.833,5.92,0
2022-09-01,8,Australian Capital Territory,260.1,3.13,-0.051,-0.847,6.52,0
2022-10-01,8,Australian Capital Territory,261.4,3.09,-0.036,-0.835,6.84,0
2022-11-01,8,Australian Capital Territory,262.8,3.07,-0.019,-0.79,6.82,0
2022-12-01,8,Australian Capital Territory,264.3,3.07,-0.003,-0.718,6.55,0
2023-01-01,8,Australian Capital Territory,265.5,3.09,0.014,-0.622,6.12,0
2023-02-01,8,Australian Capital Territory,266.5,3.12,0.033,-0.504,5.64,0
2023-03-01,8,Australian Capital Territory,267.1,3.17,0.047,-0.374,5.21,0
2023-04-01,8,Australian Capital Territory,267.5,3.23,0.066,-0.228,4.85,0
2023-05-01,8,Australian Capital Territory,267.8,3.32,0.085,-0.068,4.58,0
2023-06-01,8,Australian Capital Territory,268.2,3.41,0.098,0.101,4.4,0
2023-07-01,8,Australian Capital Territory,268.8,3.52,0.108,0.279,4.22,0
2023-08-01,8,Australian Capital Territory,269.3,3.63,0.11,0.452,4.01,0
2023-09-01,8,Australian Capital Territory,269.6,3.74,0.106,0.61,3.66,0
2023-10-01,8,Australian Capital Territory,269.4,3.83,0.095,0.741,3.06,0
2023-11-01,8,Australian Capital Territory,268.9,3.91,0.075,0.835,2.31,0
2023-12-01,8,Australian Capital Territory,268.4,3.96,0.047,0.884,1.55,0
2024-01-01,8,Australian Capital Territory,268.1,3.96,0.009,0.878,0.96,0
2024-02-01,8,Australian Capital Territory,268.4,3.93,-0.036,0.81,0.72,0
2024-03-01,8,Australian Capital Territory,269.3,3.86,-0.073,0.69,0.81,0
2024-04-01,8,Australian Capital Territory,270.4,3.76,-0.1,0.523,1.09,0
2024-05-01,8,Australian Capital Territory,271.6,3.64,-0.119,0.319,1.39,0
2024-06-01,8,Australian Capital Territory,272.5,3.51,-0.128,0.093,1.57,0
2024-07-01,8,Australian Capital Territory,273.1,3.38,-0.126,-0.14,1.61,0
2024-08-01,8,Australian Capital Territory,273.5,3.27,-0.112,-0.362,1.58,0
2024-09-01,8,Australian Capital Territory,273.9,3.18,-0.089,-0.558,1.62,0
2024-10-01,8,Australian Capital Territory,274.3,3.12,-0.062,-0.715,1.81,0
2024-11-01,8,Australian Capital Territory,274.6,3.09,-0.031,-0.821,2.12,0
2024-12-01,8,Australian Capital Territory,274.8,3.09,0.003,-0.864,2.4,0
2025-01-01,8,Australian Capital Territory,274.7,3.13,0.043,-0.83,2.49,0
2025-02-01,8,Australian Capital Territory,274.6,3.22,0.081,-0.714,2.28,0
2025-03-01,8,Australian Capital Territory,274.3,3.33,0.116,-0.524,1.86,0
2025-04-01,8,Australian Capital Territory,274.1,3.47,0.143,-0.281,1.34,0
2025-05-01,8,Australian Capital Territory,273.9,3.63,0.152,-0.01,0.85,0
2025-06-01,8,Australian Capital Territory,273.7,3.78,0.149,0.268,0.47,0
2025-07-01,8,Australian Capital Territory,273.6,3.91,0.135,0.528,0.19,0
2025-08-01,8,Australian Capital Territory,273.4,4.02,0.11,0.75,-0.03,0
2025-09-01,8,Australian Capital Territory,273.3,4.1,0.081,0.921,-0.24,0
2025-10-01,8,Australian Capital Territory,273.3,4.15,0.049,1.032,-0.38,0
2025-11-01,8,Australian Capital Territory,273.5,4.17,0.021,1.085,-0.4,0
2025-12-01,8,Australian Capital Territory,274.0,4.17,-0.001,1.081,-0.29,0
2026-01-01,8,Australian Capital Territory,274.8,4.16,-0.017,1.021,0.02,0
2026-02-01,8,Australian Capital Territory,275.8,4.13,-0.023,0.917,0.47,0
2026-03-01,8,Australian Capital Territory,277.0,4.11,-0.022,0.779,0.97,0
2026-04-01,8,Australian Capital Territory,278.1,4.09,-0.018,0.619,1.48,0
2026-05-01,8,Australian Capital Territory,279.1,4.08,-0.011,0.456,1.92,0
2026-06-01,8,Australian Capital Territory,280.0,4.08,0.0,0.306,2.28,1
1978-02-01,1,New South Wales,2108.2,6.57,,,,0
1978-03-01,1,New South Wales,2109.0,6.49,-0.083,,,0
1978-04-01,1,New South Wales,2109.8,6.42,-0.076,,,0
1978-05-01,1,New South Wales,2111.1,6.34,-0.076,,,0
1978-06-01,1,New South Wales,2112.9,6.27,-0.07,,,0
1978-07-01,1,New South Wales,2114.9,6.22,-0.054,,,0
1978-08-01,1,New South Wales,2116.7,6.18,-0.034,,,0
1978-09-01,1,New South Wales,2118.4,6.16,-0.025,,,0
1978-10-01,1,New South Wales,2119.8,6.12,-0.032,,,0
1978-11-01,1,New South Wales,2120.9,6.09,-0.032,,,0
1978-12-01,1,New South Wales,2121.1,6.07,-0.021,,,0
1979-01-01,1,New South Wales,2120.3,6.07,0.004,,,0
1979-02-01,1,New South Wales,2118.8,6.11,0.038,-0.462,0.5,0
1979-03-01,1,New South Wales,2117.5,6.17,0.06,-0.319,0.4,0
1979-04-01,1,New South Wales,2117.2,6.22,0.046,-0.197,0.35,0
1979-05-01,1,New South Wales,2118.9,6.22,0.007,-0.114,0.37,0
1979-06-01,1,New South Wales,2123.2,6.18,-0.049,-0.093,0.48,0
1979-07-01,1,New South Wales,2130.3,6.07,-0.109,-0.149,0.73,0
1979-08-01,1,New South Wales,2139.4,5.93,-0.137,-0.251,1.07,0
1979-09-01,1,New South Wales,2149.1,5.81,-0.121,-0.347,1.45,0
1979-10-01,1,New South Wales,2158.8,5.73,-0.08,-0.395,1.84,0
1979-11-01,1,New South Wales,2168.1,5.68,-0.051,-0.415,2.23,0
1979-12-01,1,New South Wales,2177.3,5.64,-0.037,-0.431,2.65,0
1980-01-01,1,New South Wales,2186.3,5.61,-0.026,-0.461,3.11,0
1980-02-01,1,New South Wales,2195.1,5.59,-0.022,-0.52,3.6,0
1980-03-01,1,New South Wales,2203.3,5.57,-0.017,-0.598,4.05,0
1980-04-01,1,New South Wales,2210.8,5.58,0.005,-0.638,4.42,0
1980-05-01,1,New South Wales,2217.0,5.61,0.028,-0.617,4.63,0
1980-06-01,1,New South Wales,2221.3,5.64,0.029,-0.539,4.62,0
1980-07-01,1,New South Wales,2223.8,5.65,0.016,-0.414,4.39,0
1980-08-01,1,New South Wales,2225.2,5.65,-0.007,-0.284,4.01,0
1980-09-01,1,New South Wales,2226.3,5.62,-0.03,-0.193,3.59,0
1980-10-01,1,New South Wales,2227.7,5.57,-0.042,-0.155,3.19,0
1980-11-01,1,New South Wales,2229.7,5.53,-0.044,-0.148,2.84,0
1980-12-01,1,New South Wales,2232.2,5.48,-0.053,-0.164,2.52,0
1981-01-01,1,New South Wales,2235.2,5.4,-0.078,-0.217,2.24,0
1981-02-01,1,New South Wales,2238.7,5.3,-0.097,-0.292,1.99,0
1981-03-01,1,New South Wales,2242.1,5.19,-0.106,-0.381,1.76,0
1981-04-01,1,New South Wales,2245.9,5.09,-0.102,-0.488,1.59,0
1981-05-01,1,New South Wales,2249.9,5.01,-0.079,-0.596,1.48,0
1981-06-01,1,New South Wales,2253.8,4.98,-0.028,-0.653,1.46,0
1981-07-01,1,New South Wales,2257.0,5.02,0.032,-0.637,1.49,0
1981-08-01,1,New South Wales,2259.2,5.09,0.076,-0.553,1.53,0
1981-09-01,1,New South Wales,2260.6,5.2,0.106,-0.417,1.54,0
1981-10-01,1,New South Wales,2261.7,5.32,0.126,-0.248,1.52,0
1981-11-01,1,New South Wales,2262.5,5.45,0.129,-0.075,1.47,0
1981-12-01,1,New South Wales,2263.4,5.57,0.121,0.099,1.4,0
1982-01-01,1,New South Wales,2264.1,5.69,0.113,0.29,1.29,0
1982-02-01,1,New South Wales,2263.8,5.8,0.111,0.499,1.12,0
1982-03-01,1,New South Wales,2261.9,5.92,0.12,0.725,0.88,0
1982-04-01,1,New South Wales,2258.2,6.06,0.145,0.972,0.55,0
1982-05-01,1,New South Wales,2253.0,6.26,0.194,1.245,0.13,0
1982-06-01,1,New South Wales,2247.0,6.53,0.271,1.544,-0.3,0
1982-07-01,1,New South Wales,2240.4,6.91,0.377,1.889,-0.74,0
1982-08-01,1,New South Wales,2232.8,7.39,0.485,2.298,-1.17,0
1982-09-01,1,New South Wales,2223.9,7.95,0.556,2.748,-1.63,0
1982-10-01,1,New South Wales,2214.1,8.53,0.583,3.206,-2.1,0
1982-11-01,1,New South Wales,2203.8,9.1,0.566,3.642,-2.6,0
1982-12-01,1,New South Wales,2193.7,9.6,0.509,4.03,-3.08,0
1983-01-01,1,New South Wales,2185.1,10.03,0.421,4.338,-3.49,0
1983-02-01,1,New South Wales,2178.9,10.35,0.325,4.553,-3.75,0
1983-03-01,1,New South Wales,2174.8,10.6,0.244,4.677,-3.85,0
1983-04-01,1,New South Wales,2171.9,10.78,0.188,4.72,-3.82,0
1983-05-01,1,New South Wales,2169.5,10.94,0.158,4.684,-3.7,0
1983-06-01,1,New South Wales,2167.2,11.06,0.116,4.529,-3.55,0
1983-07-01,1,New South Wales,2165.7,11.11,0.051,4.202,-3.33,0
1983-08-01,1,New South Wales,2166.2,11.08,-0.032,3.685,-2.98,0
1983-09-01,1,New South Wales,2168.7,10.96,-0.117,3.012,-2.48,0
1983-10-01,1,New South Wales,2173.5,10.76,-0.203,2.226,-1.83,0
1983-11-01,1,New South Wales,2180.3,10.5,-0.253,1.407,-1.06,0
1983-12-01,1,New South Wales,2188.5,10.25,-0.252,0.646,-0.24,0
1984-01-01,1,New South Wales,2197.1,10.05,-0.205,0.021,0.55,0
1984-02-01,1,New South Wales,2205.7,9.9,-0.146,-0.45,1.23,0
1984-03-01,1,New South Wales,2214.6,9.79,-0.113,-0.807,1.83,0
1984-04-01,1,New South Wales,2224.0,9.67,-0.121,-1.117,2.4,0
1984-05-01,1,New South Wales,2233.7,9.51,-0.154,-1.429,2.96,0
1984-06-01,1,New South Wales,2243.1,9.34,-0.17,-1.715,3.5,0
1984-07-01,1,New South Wales,2251.6,9.19,-0.154,-1.92,3.97,0
1984-08-01,1,New South Wales,2258.4,9.06,-0.128,-2.016,4.25,0
1984-09-01,1,New South Wales,2263.2,8.96,-0.103,-2.001,4.35,0
1984-10-01,1,New South Wales,2266.1,8.89,-0.072,-1.87,4.26,0
1984-11-01,1,New South Wales,2267.5,8.84,-0.043,-1.66,4.0,0
1984-12-01,1,New South Wales,2268.0,8.82,-0.021,-1.429,3.64,0
1985-01-01,1,New South Wales,2268.2,8.83,0.007,-1.217,3.24,0
1985-02-01,1,New South Wales,2267.9,8.86,0.031,-1.041,2.82,0
1985-03-01,1,New South Wales,2267.4,8.92,0.057,-0.87,2.38,0
1985-04-01,1,New South Wales,2267.2,8.98,0.062,-0.686,1.94,0
1985-05-01,1,New South Wales,2268.4,9.01,0.035,-0.497,1.56,0
1985-06-01,1,New South Wales,2272.5,8.99,-0.028,-0.355,1.31,0
1985-07-01,1,New South Wales,2279.6,8.89,-0.097,-0.297,1.24,0
1985-08-01,1,New South Wales,2289.8,8.74,-0.148,-0.318,1.39,0
1985-09-01,1,New South Wales,2301.9,8.58,-0.162,-0.377,1.71,0
1985-10-01,1,New South Wales,2313.9,8.44,-0.141,-0.446,2.11,0
1985-11-01,1,New South Wales,2324.4,8.35,-0.09,-0.493,2.51,0
1985-12-01,1,New South Wales,2332.8,8.32,-0.025,-0.497,2.86,0
1986-01-01,1,New South Wales,2339.8,8.34,0.011,-0.494,3.16,0
1986-02-01,1,New South Wales,2346.6,8.35,0.014,-0.511,3.47,0
1986-03-01,1,New South Wales,2353.3,8.35,0.002,-0.567,3.79,0
1986-04-01,1,New South Wales,2359.2,8.34,-0.012,-0.641,4.06,0
1986-05-01,1,New South Wales,2363.7,8.34,-0.002,-0.678,4.2,0
1986-06-01,1,New South Wales,2366.3,8.37,0.03,-0.62,4.13,0
1986-07-01,1,New South Wales,2367.1,8.43,0.063,-0.46,3.84,0
1986-08-01,1,New South Wales,2366.8,8.51,0.083,-0.229,3.36,0
1986-09-01,1,New South Wales,2366.0,8.59,0.081,0.013,2.78,0
1986-10-01,1,New South Wales,2365.6,8.65,0.059,0.213,2.23,0
1986-11-01,1,New South Wales,2366.4,8.69,0.037,0.34,1.81,0
1986-12-01,1,New South Wales,2368.2,8.71,0.024,0.39,1.52,0
1987-01-01,1,New South Wales,2370.8,8.74,0.026,0.405,1.32,0
1987-02-01,1,New South Wales,2374.4,8.77,0.034,0.425,1.19,0
1987-03-01,1,New South Wales,2379.2,8.81,0.036,0.46,1.1,0
1987-04-01,1,New South Wales,2385.2,8.83,0.021,0.492,1.1,0
1987-05-01,1,New South Wales,2391.6,8.83,-0.004,0.49,1.18,0
1987-06-01,1,New South Wales,2398.3,8.8,-0.023,0.436,1.35,0
1987-07-01,1,New South Wales,2405.3,8.76,-0.043,0.33,1.61,0
1987-08-01,1,New South Wales,2413.3,8.68,-0.077,0.171,1.96,0
1987-09-01,1,New South Wales,2423.3,8.55,-0.132,-0.042,2.42,0
1987-10-01,1,New South Wales,2436.0,8.36,-0.194,-0.295,2.98,0
1987-11-01,1,New South Wales,2451.5,8.11,-0.247,-0.579,3.6,0
1987-12-01,1,New South Wales,2468.6,7.85,-0.265,-0.869,4.24,0
1988-01-01,1,New South Wales,2484.9,7.62,-0.223,-1.117,4.82,0
1988-02-01,1,New South Wales,2497.5,7.48,-0.142,-1.294,5.18,0
1988-03-01,1,New South Wales,2505.2,7.42,-0.058,-1.388,5.3,0
1988-04-01,1,New South Wales,2508.6,7.43,0.01,-1.398,5.17,0
1988-05-01,1,New South Wales,2509.2,7.46,0.027,-1.367,4.92,0
1988-06-01,1,New South Wales,2509.4,7.44,-0.015,-1.358,4.63,0
1988-07-01,1,New South Wales,2510.3,7.37,-0.077,-1.392,4.37,0
1988-08-01,1,New South Wales,2512.6,7.25,-0.114,-1.43,4.11,0
1988-09-01,1,New South Wales,2516.3,7.14,-0.117,-1.415,3.84,0
1988-10-01,1,New South Wales,2521.3,7.05,-0.091,-1.312,3.5,0
1988-11-01,1,New South Wales,2527.0,6.98,-0.065,-1.13,3.08,0
1988-12-01,1,New South Wales,2533.6,6.93,-0.047,-0.911,2.63,0
1989-01-01,1,New South Wales,2541.6,6.88,-0.051,-0.739,2.28,0
1989-02-01,1,New South Wales,2551.2,6.82,-0.066,-0.663,2.15,0
1989-03-01,1,New South Wales,2561.8,6.74,-0.079,-0.685,2.26,0
1989-04-01,1,New South Wales,2572.8,6.64,-0.095,-0.79,2.56,0
1989-05-01,1,New South Wales,2583.4,6.53,-0.111,-0.928,2.95,0
1989-06-01,1,New South Wales,2593.0,6.41,-0.121,-1.034,3.33,0
1989-07-01,1,New South Wales,2602.3,6.27,-0.138,-1.095,3.66,0
1989-08-01,1,New South Wales,2611.7,6.13,-0.148,-1.128,3.94,0
1989-09-01,1,New South Wales,2619.6,6.0,-0.129,-1.141,4.1,0
1989-10-01,1,New South Wales,2625.4,5.92,-0.077,-1.127,4.13,0
1989-11-01,1,New South Wales,2628.6,5.91,-0.011,-1.073,4.02,0
1989-12-01,1,New South Wales,2629.0,5.96,0.047,-0.979,3.77,0
1990-01-01,1,New South Wales,2627.7,6.03,0.072,-0.856,3.39,0
1990-02-01,1,New South Wales,2627.1,6.11,0.08,-0.709,2.98,0
1990-03-01,1,New South Wales,2628.5,6.18,0.069,-0.561,2.61,0
1990-04-01,1,New South Wales,2632.6,6.24,0.066,-0.4,2.32,0
1990-05-01,1,New South Wales,2638.0,6.31,0.068,-0.222,2.12,0
1990-06-01,1,New South Wales,2642.5,6.39,0.078,-0.023,1.91,0
1990-07-01,1,New South Wales,2644.4,6.48,0.095,0.21,1.62,0
1990-08-01,1,New South Wales,2643.3,6.6,0.117,0.474,1.21,0
1990-09-01,1,New South Wales,2640.3,6.73,0.126,0.73,0.79,0
1990-10-01,1,New South Wales,2636.4,6.87,0.144,0.95,0.42,0
1990-11-01,1,New South Wales,2632.2,7.06,0.187,1.149,0.14,0
1990-12-01,1,New South Wales,2629.2,7.3,0.247,1.348,0.01,0
1991-01-01,1,New South Wales,2627.0,7.59,0.289,1.566,-0.03,0
1991-02-01,1,New South Wales,2624.9,7.88,0.29,1.775,-0.08,0
1991-03-01,1,New South Wales,2622.1,8.13,0.252,1.958,-0.25,0
1991-04-01,1,New South Wales,2618.6,8.35,0.215,2.107,-0.53,0
1991-05-01,1,New South Wales,2614.1,8.54,0.193,2.232,-0.91,0
1991-06-01,1,New South Wales,2608.3,8.74,0.196,2.35,-1.29,0
1991-07-01,1,New South Wales,2601.0,8.96,0.222,2.476,-1.64,0
1991-08-01,1,New South Wales,2592.9,9.22,0.257,2.616,-1.91,0
1991-09-01,1,New South Wales,2585.2,9.49,0.277,2.767,-2.09,0
1991-10-01,1,New South Wales,2579.5,9.73,0.237,2.86,-2.16,0
1991-11-01,1,New South Wales,2577.1,9.87,0.137,2.81,-2.09,0
1991-12-01,1,New South Wales,2578.1,9.89,0.024,2.587,-1.94,0
1992-01-01,1,New South Wales,2581.9,9.84,-0.054,2.244,-1.72,0
1992-02-01,1,New South Wales,2587.1,9.77,-0.064,1.89,-1.44,0
1992-03-01,1,New South Wales,2592.3,9.76,-0.012,1.626,-1.14,0
1992-04-01,1,New South Wales,2596.2,9.83,0.069,1.48,-0.86,0
1992-05-01,1,New South Wales,2598.2,9.99,0.161,1.448,-0.61,0
1992-06-01,1,New South Wales,2598.4,10.22,0.227,1.479,-0.38,0
1992-07-01,1,New South Wales,2596.1,10.46,0.243,1.501,-0.19,0
1992-08-01,1,New South Wales,2591.1,10.67,0.212,1.456,-0.07,0
1992-09-01,1,New South Wales,2583.5,10.84,0.166,1.345,-0.07,0
1992-10-01,1,New South Wales,2573.6,10.96,0.121,1.23,-0.23,0
1992-11-01,1,New South Wales,2562.0,11.05,0.086,1.179,-0.59,0
1992-12-01,1,New South Wales,2550.8,11.08,0.034,1.189,-1.06,0
1993-01-01,1,New South Wales,2542.0,11.06,-0.02,1.223,-1.55,0
1993-02-01,1,New South Wales,2536.6,10.99,-0.074,1.213,-1.95,0
1993-03-01,1,New South Wales,2534.3,10.88,-0.104,1.121,-2.24,0
1993-04-01,1,New South Wales,2534.2,10.77,-0.111,0.942,-2.39,0
1993-05-01,1,New South Wales,2536.1,10.68,-0.088,0.692,-2.39,0
1993-06-01,1,New South Wales,2540.5,10.63,-0.051,0.414,-2.23,0
1993-07-01,1,New South Wales,2547.3,10.62,-0.009,0.162,-1.88,0
1993-08-01,1,New South Wales,2556.0,10.64,0.013,-0.036,-1.36,0
1993-09-01,1,New South Wales,2565.3,10.64,0.006,-0.196,-0.7,0
1993-10-01,1,New South Wales,2575.2,10.61,-0.032,-0.349,0.06,0
1993-11-01,1,New South Wales,2585.1,10.54,-0.073,-0.508,0.9,0
1993-12-01,1,New South Wales,2594.7,10.43,-0.113,-0.654,1.72,0
1994-01-01,1,New South Wales,2602.7,10.3,-0.13,-0.764,2.39,0
1994-02-01,1,New South Wales,2609.5,10.17,-0.125,-0.816,2.87,0
1994-03-01,1,New South Wales,2615.5,10.06,-0.111,-0.822,3.2,0
1994-04-01,1,New South Wales,2621.3,9.96,-0.101,-0.812,3.44,0
1994-05-01,1,New South Wales,2627.4,9.86,-0.102,-0.826,3.6,0
1994-06-01,1,New South Wales,2633.7,9.72,-0.136,-0.911,3.67,0
1994-07-01,1,New South Wales,2640.6,9.55,-0.167,-1.068,3.66,0
1994-08-01,1,New South Wales,2649.2,9.37,-0.185,-1.267,3.65,0
1994-09-01,1,New South Wales,2659.3,9.18,-0.189,-1.462,3.67,0
1994-10-01,1,New South Wales,2669.9,9.01,-0.17,-1.601,3.68,0
1994-11-01,1,New South Wales,2680.1,8.85,-0.159,-1.687,3.67,0
1994-12-01,1,New South Wales,2689.5,8.69,-0.162,-1.736,3.66,0
1995-01-01,1,New South Wales,2698.2,8.51,-0.176,-1.782,3.67,0
1995-02-01,1,New South Wales,2706.1,8.32,-0.197,-1.854,3.7,0
1995-03-01,1,New South Wales,2713.4,8.12,-0.197,-1.941,3.75,0
1995-04-01,1,New South Wales,2721.1,7.94,-0.177,-2.017,3.81,0
1995-05-01,1,New South Wales,2729.7,7.79,-0.147,-2.062,3.9,0
1995-06-01,1,New South Wales,2739.6,7.69,-0.102,-2.028,4.02,0
1995-07-01,1,New South Wales,2750.6,7.62,-0.073,-1.935,4.16,0
1995-08-01,1,New South Wales,2761.5,7.56,-0.059,-1.808,4.24,0
1995-09-01,1,New South Wales,2771.2,7.51,-0.05,-1.669,4.21,0
1995-10-01,1,New South Wales,2779.4,7.47,-0.043,-1.542,4.1,0
1995-11-01,1,New South Wales,2785.5,7.46,-0.013,-1.395,3.94,0
1995-12-01,1,New South Wales,2788.7,7.5,0.046,-1.188,3.69,0
1996-01-01,1,New South Wales,2789.7,7.59,0.09,-0.921,3.39,0
1996-02-01,1,New South Wales,2789.4,7.7,0.112,-0.613,3.07,0
1996-03-01,1,New South Wales,2788.9,7.8,0.101,-0.315,2.78,0
1996-04-01,1,New South Wales,2788.1,7.87,0.069,-0.068,2.46,0
1996-05-01,1,New South Wales,2787.2,7.9,0.031,0.109,2.1,0
1996-06-01,1,New South Wales,2786.0,7.9,-0.004,0.207,1.69,0
1996-07-01,1,New South Wales,2784.4,7.88,-0.019,0.261,1.23,0
1996-08-01,1,New South Wales,2783.8,7.86,-0.024,0.296,0.81,0
1996-09-01,1,New South Wales,2784.7,7.84,-0.015,0.33,0.49,0
1996-10-01,1,New South Wales,2787.3,7.84,-0.001,0.372,0.29,0
1996-11-01,1,New South Wales,2791.7,7.84,-0.004,0.381,0.22,0
1996-12-01,1,New South Wales,2797.0,7.83,-0.008,0.327,0.3,0
1997-01-01,1,New South Wales,2801.6,7.83,-0.001,0.235,0.43,0
1997-02-01,1,New South Wales,2804.0,7.84,0.014,0.138,0.52,0
1997-03-01,1,New South Wales,2803.4,7.86,0.022,0.059,0.52,0
1997-04-01,1,New South Wales,2800.8,7.87,0.009,-0.002,0.46,0
1997-05-01,1,New South Wales,2797.6,7.86,-0.015,-0.047,0.38,0
1997-06-01,1,New South Wales,2795.4,7.83,-0.031,-0.074,0.34,0
1997-07-01,1,New South Wales,2795.7,7.78,-0.05,-0.105,0.4,0
1997-08-01,1,New South Wales,2799.1,7.7,-0.074,-0.155,0.55,0
1997-09-01,1,New South Wales,2804.8,7.61,-0.095,-0.235,0.72,0
1997-10-01,1,New South Wales,2811.0,7.5,-0.105,-0.339,0.85,0
1997-11-01,1,New South Wales,2815.8,7.4,-0.097,-0.432,0.86,0
1997-12-01,1,New South Wales,2818.3,7.32,-0.085,-0.509,0.76,0
1998-01-01,1,New South Wales,2818.7,7.25,-0.065,-0.573,0.61,0
1998-02-01,1,New South Wales,2818.8,7.21,-0.04,-0.626,0.53,0
1998-03-01,1,New South Wales,2820.3,7.2,-0.015,-0.663,0.6,0
1998-04-01,1,New South Wales,2824.4,7.21,0.009,-0.664,0.84,0
1998-05-01,1,New South Wales,2831.3,7.22,0.012,-0.637,1.2,0
1998-06-01,1,New South Wales,2840.4,7.22,-0.005,-0.61,1.61,0
1998-07-01,1,New South Wales,2849.6,7.19,-0.03,-0.59,1.93,0
1998-08-01,1,New South Wales,2857.2,7.12,-0.063,-0.579,2.07,0
1998-09-01,1,New South Wales,2862.2,7.02,-0.102,-0.586,2.05,0
1998-10-01,1,New South Wales,2865.1,6.89,-0.133,-0.614,1.93,0
1998-11-01,1,New South Wales,2866.0,6.75,-0.134,-0.65,1.78,0
1998-12-01,1,New South Wales,2865.5,6.65,-0.104,-0.67,1.67,0
1999-01-01,1,New South Wales,2865.2,6.57,-0.078,-0.683,1.65,0
1999-02-01,1,New South Wales,2866.6,6.5,-0.074,-0.717,1.7,0
1999-03-01,1,New South Wales,2870.3,6.41,-0.089,-0.79,1.77,0
1999-04-01,1,New South Wales,2876.0,6.3,-0.106,-0.904,1.83,0
1999-05-01,1,New South Wales,2883.1,6.19,-0.112,-1.029,1.83,0
1999-06-01,1,New South Wales,2891.3,6.08,-0.108,-1.132,1.79,0
1999-07-01,1,New South Wales,2900.7,5.99,-0.09,-1.191,1.79,0
1999-08-01,1,New South Wales,2910.5,5.94,-0.053,-1.182,1.87,0
1999-09-01,1,New South Wales,2919.7,5.92,-0.025,-1.106,2.01,0
1999-10-01,1,New South Wales,2927.7,5.91,-0.006,-0.979,2.18,0
1999-11-01,1,New South Wales,2935.1,5.9,-0.012,-0.857,2.41,0
1999-12-01,1,New South Wales,2943.1,5.86,-0.036,-0.789,2.71,0
2000-01-01,1,New South Wales,2951.7,5.8,-0.057,-0.768,3.02,0
2000-02-01,1,New South Wales,2961.2,5.73,-0.076,-0.771,3.3,0
2000-03-01,1,New South Wales,2972.4,5.63,-0.095,-0.777,3.56,0
2000-04-01,1,New South Wales,2984.9,5.52,-0.117,-0.788,3.78,0
2000-05-01,1,New South Wales,2997.2,5.39,-0.127,-0.802,3.96,0
2000-06-01,1,New South Wales,3006.9,5.27,-0.118,-0.812,4.0,0
2000-07-01,1,New South Wales,3012.2,5.19,-0.083,-0.805,3.84,0
2000-08-01,1,New South Wales,3012.6,5.15,-0.036,-0.788,3.51,0
2000-09-01,1,New South Wales,3009.6,5.17,0.022,-0.741,3.08,0
2000-10-01,1,New South Wales,3004.5,5.25,0.07,-0.665,2.63,0
2000-11-01,1,New South Wales,2999.3,5.34,0.098,-0.555,2.19,0
2000-12-01,1,New South Wales,2996.6,5.44,0.098,-0.42,1.82,0
2001-01-01,1,New South Wales,2998.1,5.51,0.074,-0.289,1.57,0
2001-02-01,1,New South Wales,3003.5,5.56,0.042,-0.17,1.43,0
2001-03-01,1,New South Wales,3011.0,5.58,0.026,-0.049,1.3,0
2001-04-01,1,New South Wales,3018.7,5.74,0.159,0.227,1.13,0
2001-05-01,1,New South Wales,3024.8,5.81,0.069,0.422,0.92,0
2001-06-01,1,New South Wales,3028.7,5.93,0.115,0.655,0.72,0
2001-07-01,1,New South Wales,3030.8,6.07,0.139,0.876,0.62,0
2001-08-01,1,New South Wales,3031.4,6.2,0.136,1.048,0.63,0
2001-09-01,1,New South Wales,3031.9,6.31,0.104,1.13,0.74,0
2001-10-01,1,New South Wales,3033.6,6.35,0.049,1.109,0.97,0
2001-11-01,1,New South Wales,3036.6,6.35,-0.002,1.009,1.24,0
2001-12-01,1,New South Wales,3039.7,6.31,-0.045,0.865,1.44,0
2002-01-01,1,New South Wales,3041.8,6.25,-0.061,0.73,1.46,0
2002-02-01,1,New South Wales,3042.8,6.19,-0.054,0.634,1.31,0
2002-03-01,1,New South Wales,3043.5,6.15,-0.042,0.565,1.08,0
2002-04-01,1,New South Wales,3044.8,6.11,-0.036,0.37,0.86,0
2002-05-01,1,New South Wales,3047.4,6.07,-0.046,0.255,0.75,0
2002-06-01,1,New South Wales,3052.0,6.0,-0.067,0.073,0.77,0
2002-07-01,1,New South Wales,3058.1,5.92,-0.075,-0.141,0.9,0
2002-08-01,1,New South Wales,3065.4,5.86,-0.066,-0.342,1.12,0
2002-09-01,1,New South Wales,3073.4,5.81,-0.045,-0.492,1.37,0
2002-10-01,1,New South Wales,3082.1,5.8,-0.01,-0.55,1.6,0
2002-11-01,1,New South Wales,3091.4,5.82,0.013,-0.535,1.81,0
2002-12-01,1,New South Wales,3100.8,5.84,0.023,-0.466,2.01,0
2003-01-01,1,New South Wales,3108.8,5.86,0.016,-0.39,2.2,0
2003-02-01,1,New South Wales,3113.5,5.86,0.007,-0.328,2.32,0
2003-03-01,1,New South Wales,3113.9,5.87,0.004,-0.281,2.31,0
2003-04-01,1,New South Wales,3110.8,5.87,0.0,-0.246,2.17,0
2003-05-01,1,New South Wales,3106.2,5.85,-0.012,-0.212,1.93,0
2003-06-01,1,New South Wales,3102.6,5.83,-0.023,-0.167,1.66,0
2003-07-01,1,New South Wales,3101.7,5.79,-0.043,-0.135,1.43,0
2003-08-01,1,New South Wales,3104.1,5.73,-0.064,-0.133,1.26,0
2003-09-01,1,New South Wales,3108.4,5.64,-0.084,-0.172,1.14,0
2003-10-01,1,New South Wales,3113.2,5.55,-0.095,-0.257,1.01,0
2003-11-01,1,New South Wales,3117.6,5.45,-0.094,-0.364,0.85,0
2003-12-01,1,New South Wales,3121.1,5.38,-0.076,-0.462,0.66,0
2004-01-01,1,New South Wales,3124.3,5.32,-0.055,-0.533,0.5,0
2004-02-01,1,New South Wales,3127.6,5.3,-0.024,-0.565,0.45,0
2004-03-01,1,New South Wales,3130.9,5.31,0.009,-0.56,0.54,0
2004-04-01,1,New South Wales,3133.7,5.35,0.044,-0.516,0.74,0
2004-05-01,1,New South Wales,3136.0,5.4,0.053,-0.451,0.96,0
2004-06-01,1,New South Wales,3137.6,5.44,0.035,-0.393,1.13,0
2004-07-01,1,New South Wales,3138.6,5.44,-0.002,-0.352,1.19,0
2004-08-01,1,New South Wales,3139.7,5.39,-0.047,-0.334,1.15,0
2004-09-01,1,New South Wales,3141.6,5.31,-0.079,-0.329,1.07,0
2004-10-01,1,New South Wales,3145.0,5.23,-0.083,-0.318,1.02,0
2004-11-01,1,New South Wales,3149.8,5.17,-0.063,-0.287,1.03,0
2004-12-01,1,New South Wales,3155.3,5.14,-0.029,-0.241,1.09,0
2005-01-01,1,New South Wales,3161.0,5.13,-0.003,-0.189,1.17,0
2005-02-01,1,New South Wales,3166.9,5.14,0.007,-0.158,1.25,0
2005-03-01,1,New South Wales,3173.0,5.13,-0.012,-0.179,1.35,0
2005-04-01,1,New South Wales,3179.3,5.09,-0.034,-0.257,1.45,0
2005-05-01,1,New South Wales,3185.4,5.05,-0.041,-0.35,1.58,0
2005-06-01,1,New South Wales,3191.2,5.03,-0.028,-0.414,1.71,0
2005-07-01,1,New South Wales,3196.3,5.02,-0.007,-0.419,1.84,0
2005-08-01,1,New South Wales,3200.8,5.05,0.03,-0.343,1.95,0
2005-09-01,1,New South Wales,3204.4,5.11,0.064,-0.2,2.0,0
2005-10-01,1,New South Wales,3207.7,5.18,0.07,-0.047,1.99,0
2005-11-01,1,New South Wales,3210.8,5.24,0.053,0.069,1.94,0
2005-12-01,1,New South Wales,3213.8,5.25,0.019,0.117,1.86,0
2006-01-01,1,New South Wales,3217.0,5.24,-0.013,0.107,1.77,0
2006-02-01,1,New South Wales,3220.1,5.21,-0.035,0.066,1.68,0
2006-03-01,1,New South Wales,3223.2,5.17,-0.04,0.038,1.58,0
2006-04-01,1,New South Wales,3226.8,5.14,-0.023,0.049,1.5,0
2006-05-01,1,New South Wales,3231.8,5.14,0.0,0.089,1.45,0
2006-06-01,1,New South Wales,3238.1,5.16,0.015,0.133,1.47,0
2006-07-01,1,New South Wales,3245.5,5.17,0.015,0.154,1.54,0
2006-08-01,1,New South Wales,3253.1,5.17,-0.006,0.118,1.64,0
2006-09-01,1,New South Wales,3259.9,5.14,-0.03,0.025,1.73,0
2006-10-01,1,New South Wales,3265.0,5.09,-0.042,-0.087,1.79,0
2006-11-01,1,New South Wales,3268.1,5.06,-0.036,-0.176,1.78,0
2006-12-01,1,New South Wales,3269.4,5.04,-0.022,-0.216,1.73,0
2007-01-01,1,New South Wales,3270.7,5.03,-0.011,-0.215,1.67,0
2007-02-01,1,New South Wales,3273.8,5.01,-0.016,-0.195,1.67,0
2007-03-01,1,New South Wales,3279.6,4.98,-0.03,-0.186,1.75,0
2007-04-01,1,New South Wales,3288.1,4.92,-0.057,-0.22,1.9,0
2007-05-01,1,New South Wales,3298.5,4.84,-0.078,-0.298,2.07,0
2007-06-01,1,New South Wales,3309.5,4.76,-0.08,-0.394,2.2,0
2007-07-01,1,New South Wales,3319.6,4.7,-0.065,-0.473,2.28,0
2007-08-01,1,New South Wales,3328.3,4.66,-0.039,-0.506,2.31,0
2007-09-01,1,New South Wales,3335.8,4.65,-0.01,-0.486,2.33,0
2007-10-01,1,New South Wales,3343.7,4.65,-0.002,-0.446,2.41,0
2007-11-01,1,New South Wales,3353.7,4.63,-0.02,-0.43,2.62,0
2007-12-01,1,New South Wales,3366.0,4.59,-0.042,-0.451,2.95,0
2008-01-01,1,New South Wales,3379.6,4.54,-0.047,-0.487,3.33,0
2008-02-01,1,New South Wales,3392.6,4.51,-0.035,-0.505,3.63,0
2008-03-01,1,New South Wales,3403.3,4.5,-0.009,-0.484,3.77,0
2008-04-01,1,New South Wales,3409.6,4.52,0.02,-0.407,3.7,0
2008-05-01,1,New South Wales,3411.0,4.56,0.049,-0.28,3.41,0
2008-06-01,1,New South Wales,3408.2,4.64,0.073,-0.127,2.98,0
2008-07-01,1,New South Wales,3402.8,4.73,0.089,0.027,2.5,0
2008-08-01,1,New South Wales,3397.5,4.83,0.099,0.165,2.08,0
2008-09-01,1,New South Wales,3393.8,4.94,0.116,0.29,1.74,0
2008-10-01,1,New South Wales,3391.9,5.1,0.159,0.452,1.44,0
2008-11-01,1,New South Wales,3391.3,5.3,0.198,0.67,1.12,0
2008-12-01,1,New South Wales,3391.5,5.52,0.22,0.932,0.76,0
2009-01-01,1,New South Wales,3391.8,5.75,0.234,1.213,0.36,0
2009-02-01,1,New South Wales,3392.3,5.98,0.225,1.473,-0.01,0
2009-03-01,1,New South Wales,3393.3,6.16,0.184,1.666,-0.29,0
2009-04-01,1,New South Wales,3394.7,6.27,0.108,1.754,-0.44,0
2009-05-01,1,New South Wales,3396.5,6.29,0.023,1.728,-0.43,0
2009-06-01,1,New South Wales,3398.2,6.24,-0.048,1.607,-0.29,0
2009-07-01,1,New South Wales,3400.0,6.16,-0.082,1.436,-0.08,0
2009-08-01,1,New South Wales,3401.5,6.08,-0.08,1.258,0.12,0
2009-09-01,1,New South Wales,3403.5,6.01,-0.068,1.074,0.29,0
2009-10-01,1,New South Wales,3406.1,5.95,-0.066,0.848,0.42,0
2009-11-01,1,New South Wales,3409.5,5.88,-0.071,0.578,0.54,0
2009-12-01,1,New South Wales,3412.9,5.8,-0.081,0.277,0.63,0
2010-01-01,1,New South Wales,3415.7,5.69,-0.109,-0.066,0.71,0
2010-02-01,1,New South Wales,3417.8,5.57,-0.112,-0.404,0.75,0
2010-03-01,1,New South Wales,3419.5,5.48,-0.093,-0.68,0.77,0
2010-04-01,1,New South Wales,3422.7,5.4,-0.077,-0.865,0.82,0
2010-05-01,1,New South Wales,3428.6,5.34,-0.068,-0.957,0.95,0
2010-06-01,1,New South Wales,3437.9,5.27,-0.069,-0.977,1.17,0
2010-07-01,1,New South Wales,3450.6,5.2,-0.069,-0.964,1.49,0
2010-08-01,1,New South Wales,3465.7,5.13,-0.069,-0.953,1.89,0
2010-09-01,1,New South Wales,3481.8,5.07,-0.064,-0.949,2.3,0
2010-10-01,1,New South Wales,3497.1,5.01,-0.052,-0.935,2.67,0
2010-11-01,1,New South Wales,3510.0,4.98,-0.035,-0.899,2.95,0
2010-12-01,1,New South Wales,3518.6,4.97,-0.013,-0.831,3.1,0
2011-01-01,1,New South Wales,3521.8,4.98,0.016,-0.706,3.11,0
2011-02-01,1,New South Wales,3519.9,5.01,0.034,-0.56,2.99,0
2011-03-01,1,New South Wales,3514.5,5.05,0.04,-0.427,2.78,0
2011-04-01,1,New South Wales,3508.1,5.11,0.056,-0.294,2.5,0
2011-05-01,1,New South Wales,3503.5,5.17,0.064,-0.162,2.18,0
2011-06-01,1,New South Wales,3502.1,5.23,0.058,-0.034,1.87,0
2011-07-01,1,New South Wales,3504.0,5.28,0.046,0.08,1.55,0
2011-08-01,1,New South Wales,3507.5,5.31,0.03,0.179,1.21,0
2011-09-01,1,New South Wales,3511.3,5.32,0.009,0.252,0.85,0
2011-10-01,1,New South Wales,3514.1,5.3,-0.02,0.285,0.49,0
2011-11-01,1,New South Wales,3515.2,5.25,-0.043,0.277,0.15,0
2011-12-01,1,New South Wales,3515.2,5.19,-0.064,0.226,-0.1,0
2012-01-01,1,New South Wales,3514.9,5.12,-0.069,0.141,-0.2,0
2012-02-01,1,New South Wales,3515.5,5.07,-0.055,0.053,-0.13,0
2012-03-01,1,New South Wales,3517.2,5.04,-0.031,-0.018,0.08,0
2012-04-01,1,New South Wales,3519.8,5.02,-0.014,-0.088,0.33,0
2012-05-01,1,New South Wales,3523.9,5.02,-0.002,-0.155,0.58,0
2012-06-01,1,New South Wales,3529.6,5.03,0.008,-0.205,0.78,0
2012-07-01,1,New South Wales,3536.4,5.04,0.013,-0.238,0.92,0
2012-08-01,1,New South Wales,3543.7,5.05,0.006,-0.263,1.03,0
2012-09-01,1,New South Wales,3551.6,5.04,-0.007,-0.279,1.15,0
2012-10-01,1,New South Wales,3560.2,5.03,-0.008,-0.267,1.31,0
2012-11-01,1,New South Wales,3569.7,5.04,0.007,-0.217,1.55,0
2012-12-01,1,New South Wales,3580.1,5.08,0.044,-0.109,1.85,0
2013-01-01,1,New South Wales,3590.3,5.16,0.081,0.041,2.15,0
2013-02-01,1,New South Wales,3599.4,5.26,0.093,0.189,2.39,0
2013-03-01,1,New South Wales,3605.9,5.35,0.098,0.318,2.52,0
2013-04-01,1,New South Wales,3608.5,5.45,0.095,0.427,2.52,0
2013-05-01,1,New South Wales,3607.0,5.53,0.081,0.51,2.36,0
2013-06-01,1,New South Wales,3602.3,5.6,0.071,0.574,2.06,0
2013-07-01,1,New South Wales,3595.9,5.67,0.072,0.633,1.68,0
2013-08-01,1,New South Wales,3588.8,5.75,0.076,0.703,1.27,0
2013-09-01,1,New South Wales,3582.2,5.82,0.069,0.78,0.86,0
2013-10-01,1,New South Wales,3577.9,5.86,0.043,0.83,0.5,0
2013-11-01,1,New South Wales,3578.3,5.85,-0.008,0.816,0.24,0
2013-12-01,1,New South Wales,3583.4,5.79,-0.061,0.711,0.09,0
2014-01-01,1,New South Wales,3592.0,5.7,-0.096,0.534,0.05,0
2014-02-01,1,New South Wales,3601.5,5.61,-0.09,0.351,0.06,0
2014-03-01,1,New South Wales,3609.9,5.55,-0.062,0.191,0.11,0
2014-04-01,1,New South Wales,3615.1,5.53,-0.017,0.08,0.18,0
2014-05-01,1,New South Wales,3616.3,5.56,0.032,0.031,0.26,0
2014-06-01,1,New South Wales,3614.8,5.63,0.07,0.03,0.35,0
2014-07-01,1,New South Wales,3612.9,5.72,0.084,0.042,0.47,0
2014-08-01,1,New South Wales,3612.5,5.8,0.085,0.052,0.66,0
2014-09-01,1,New South Wales,3613.8,5.89,0.086,0.068,0.88,0
2014-10-01,1,New South Wales,3616.9,5.97,0.083,0.108,1.09,0
2014-11-01,1,New South Wales,3621.9,6.04,0.07,0.185,1.22,0
2014-12-01,1,New South Wales,3629.1,6.08,0.043,0.29,1.27,0
2015-01-01,1,New South Wales,3638.5,6.08,-0.001,0.384,1.29,0
2015-02-01,1,New South Wales,3649.6,6.03,-0.051,0.423,1.34,0
2015-03-01,1,New South Wales,3662.2,5.95,-0.082,0.403,1.45,0
2015-04-01,1,New South Wales,3675.4,5.87,-0.079,0.34,1.67,0
2015-05-01,1,New South Wales,3688.8,5.82,-0.053,0.255,2.01,0
2015-06-01,1,New South Wales,3702.2,5.79,-0.024,0.161,2.42,0
2015-07-01,1,New South Wales,3716.3,5.77,-0.021,0.055,2.86,0
2015-08-01,1,New South Wales,3731.9,5.73,-0.039,-0.069,3.3,0
2015-09-01,1,New South Wales,3748.3,5.65,-0.077,-0.232,3.72,0
2015-10-01,1,New South Wales,3763.8,5.55,-0.11,-0.425,4.06,0
2015-11-01,1,New South Wales,3776.6,5.43,-0.118,-0.612,4.27,0
2015-12-01,1,New South Wales,3786.2,5.33,-0.099,-0.755,4.33,0
2016-01-01,1,New South Wales,3793.0,5.26,-0.07,-0.823,4.25,0
2016-02-01,1,New South Wales,3798.1,5.22,-0.042,-0.815,4.07,0
2016-03-01,1,New South Wales,3802.4,5.19,-0.029,-0.761,3.83,0
2016-04-01,1,New South Wales,3806.5,5.15,-0.034,-0.716,3.57,0
2016-05-01,1,New South Wales,3810.2,5.1,-0.049,-0.712,3.29,0
2016-06-01,1,New South Wales,3812.4,5.05,-0.058,-0.746,2.98,0
2016-07-01,1,New South Wales,3812.4,4.99,-0.052,-0.777,2.59,0
2016-08-01,1,New South Wales,3810.2,4.96,-0.034,-0.771,2.1,0
2016-09-01,1,New South Wales,3806.1,4.95,-0.006,-0.7,1.54,0
2016-10-01,1,New South Wales,3800.8,4.98,0.027,-0.563,0.98,0
2016-11-01,1,New South Wales,3795.2,5.03,0.052,-0.393,0.49,0
2016-12-01,1,New South Wales,3791.3,5.09,0.051,-0.243,0.13,0
2017-01-01,1,New South Wales,3790.4,5.11,0.026,-0.147,-0.07,0
2017-02-01,1,New South Wales,3793.5,5.09,-0.017,-0.121,-0.12,0
2017-03-01,1,New South Wales,3800.8,5.04,-0.06,-0.152,-0.04,0
2017-04-01,1,New South Wales,3812.1,4.95,-0.081,-0.199,0.15,0
2017-05-01,1,New South Wales,3825.4,4.87,-0.079,-0.229,0.4,0
2017-06-01,1,New South Wales,3839.2,4.81,-0.063,-0.235,0.7,0
2017-07-01,1,New South Wales,3853.1,4.77,-0.045,-0.228,1.07,0
2017-08-01,1,New South Wales,3867.0,4.74,-0.026,-0.22,1.49,0
2017-09-01,1,New South Wales,3881.5,4.73,-0.006,-0.22,1.98,0
2017-10-01,1,New South Wales,3895.8,4.75,0.013,-0.234,2.5,0
2017-11-01,1,New South Wales,3908.8,4.78,0.033,-0.253,2.99,0
2017-12-01,1,New South Wales,3919.6,4.83,0.053,-0.251,3.38,0
2018-01-01,1,New South Wales,3928.3,4.89,0.058,-0.219,3.64,0
2018-02-01,1,New South Wales,3935.7,4.94,0.046,-0.156,3.75,0
2018-03-01,1,New South Wales,3942.0,4.96,0.025,-0.071,3.71,0
2018-04-01,1,New South Wales,3948.0,4.95,-0.01,-0.001,3.57,0
2018-05-01,1,New South Wales,3955.0,4.91,-0.042,0.036,3.39,0
2018-06-01,1,New South Wales,3963.3,4.84,-0.07,0.029,3.23,0
2018-07-01,1,New South Wales,3972.4,4.75,-0.089,-0.015,3.1,0
2018-08-01,1,New South Wales,3982.3,4.65,-0.103,-0.091,2.98,0
2018-09-01,1,New South Wales,3993.1,4.54,-0.109,-0.194,2.88,0
2018-10-01,1,New South Wales,4004.5,4.44,-0.103,-0.31,2.79,0
2018-11-01,1,New South Wales,4015.9,4.35,-0.085,-0.428,2.74,0
2018-12-01,1,New South Wales,4027.1,4.3,-0.05,-0.531,2.74,0
2019-01-01,1,New South Wales,4038.3,4.3,0.0,-0.59,2.8,0
2019-02-01,1,New South Wales,4049.3,4.35,0.049,-0.587,2.89,0
2019-03-01,1,New South Wales,4060.3,4.42,0.072,-0.54,3.0,0
2019-04-01,1,New South Wales,4070.3,4.49,0.067,-0.463,3.1,0
2019-05-01,1,New South Wales,4078.3,4.54,0.049,-0.372,3.12,0
2019-06-01,1,New South Wales,4082.8,4.57,0.025,-0.276,3.01,0
2019-07-01,1,New South Wales,4083.4,4.58,0.013,-0.175,2.79,0
2019-08-01,1,New South Wales,4080.5,4.59,0.009,-0.063,2.47,0
2019-09-01,1,New South Wales,4075.7,4.6,0.016,0.061,2.07,0
2019-10-01,1,New South Wales,4071.1,4.62,0.019,0.183,1.66,0
2019-11-01,1,New South Wales,4068.5,4.63,0.008,0.277,1.31,0
2019-12-01,1,New South Wales,4067.9,4.61,-0.017,0.31,1.01,0
2020-01-01,1,New South Wales,4068.6,4.57,-0.041,0.269,0.75,0
2020-02-01,1,New South Wales,4070.2,4.53,-0.04,0.18,0.52,0
2020-03-01,1,New South Wales,4073.8,5.37,0.834,0.942,0.33,0
2020-04-01,1,New South Wales,3867.4,6.49,1.126,2.001,-4.98,0
2020-05-01,1,New South Wales,3880.0,6.57,0.076,2.029,-4.86,0
2020-06-01,1,New South Wales,3899.0,6.64,0.076,2.079,-4.5,0
2020-07-01,1,New South Wales,3922.3,6.7,0.054,2.12,-3.94,0
2020-08-01,1,New South Wales,3946.3,6.71,0.014,2.126,-3.29,0
2020-09-01,1,New South Wales,3968.3,6.68,-0.03,2.08,-2.63,0
2020-10-01,1,New South Wales,3987.0,6.61,-0.074,1.986,-2.07,0
2020-11-01,1,New South Wales,4002.8,6.51,-0.097,1.881,-1.62,0
2020-12-01,1,New South Wales,4017.9,6.4,-0.115,1.784,-1.23,0
2021-01-01,1,New South Wales,4034.0,6.26,-0.133,1.692,-0.85,0
2021-02-01,1,New South Wales,4051.1,5.66,-0.602,1.129,-0.47,0
2021-03-01,1,New South Wales,4067.8,5.5,-0.16,0.135,-0.15,0
2021-04-01,1,New South Wales,4082.3,5.34,-0.165,-1.156,5.56,0
2021-05-01,1,New South Wales,4093.6,5.17,-0.168,-1.4,5.51,0
2021-06-01,1,New South Wales,4100.6,5.01,-0.161,-1.637,5.17,0
2021-07-01,1,New South Wales,4104.0,4.87,-0.139,-1.83,4.63,0
2021-08-01,1,New South Wales,3879.0,5.02,0.154,-1.691,-1.71,0
2021-09-01,1,New South Wales,3881.0,4.94,-0.085,-1.746,-2.2,0
2021-10-01,1,New South Wales,3886.4,4.87,-0.067,-1.738,-2.52,0
2021-11-01,1,New South Wales,4073.8,4.6,-0.269,-1.91,1.77,0
2021-12-01,1,New South Wales,4089.1,4.08,-0.519,-2.315,1.77,0
2022-01-01,1,New South Wales,4108.9,3.96,-0.118,-2.3,1.86,0
2022-02-01,1,New South Wales,4131.8,3.82,-0.139,-1.837,1.99,0
2022-03-01,1,New South Wales,4155.5,3.69,-0.138,-1.815,2.16,0
2022-04-01,1,New South Wales,4178.0,3.57,-0.116,-1.766,2.34,0
2022-05-01,1,New South Wales,4198.8,3.49,-0.084,-1.682,2.57,0
2022-06-01,1,New South Wales,4219.0,3.43,-0.051,-1.573,2.89,0
2022-07-01,1,New South Wales,4239.9,3.4,-0.032,-1.466,3.31,0
2022-08-01,1,New South Wales,4261.0,3.38,-0.025,-1.644,9.85,0
2022-09-01,1,New South Wales,4281.1,3.35,-0.026,-1.584,10.31,0
2022-10-01,1,New South Wales,4298.5,3.32,-0.029,-1.546,10.61,0
2022-11-01,1,New South Wales,4311.8,3.29,-0.029,-1.306,5.84,0
2022-12-01,1,New South Wales,4320.5,3.27,-0.02,-0.807,5.66,0
2023-01-01,1,New South Wales,4326.2,3.27,-0.01,-0.699,5.29,0
2023-02-01,1,New South Wales,4331.2,3.26,-0.001,-0.561,4.83,0
2023-03-01,1,New South Wales,4337.9,3.27,0.006,-0.416,4.39,0
2023-04-01,1,New South Wales,4346.7,3.28,0.012,-0.289,4.04,0
2023-05-01,1,New South Wales,4356.6,3.3,0.017,-0.187,3.76,0
2023-06-01,1,New South Wales,4366.1,3.32,0.025,-0.112,3.49,0
2023-07-01,1,New South Wales,4374.8,3.35,0.03,-0.05,3.18,0
2023-08-01,1,New South Wales,4383.0,3.39,0.039,0.014,2.86,0
2023-09-01,1,New South Wales,4390.6,3.44,0.047,0.087,2.56,0
2023-10-01,1,New South Wales,4397.9,3.49,0.051,0.167,2.31,0
2023-11-01,1,New South Wales,4404.5,3.55,0.055,0.251,2.15,0
2023-12-01,1,New South Wales,4409.5,3.6,0.057,0.327,2.06,0
2024-01-01,1,New South Wales,4411.9,3.66,0.055,0.392,1.98,0
2024-02-01,1,New South Wales,4412.4,3.71,0.055,0.449,1.87,0
2024-03-01,1,New South Wales,4412.5,3.77,0.058,0.501,1.72,0
2024-04-01,1,New South Wales,4413.9,3.83,0.055,0.544,1.55,0
2024-05-01,1,New South Wales,4418.0,3.88,0.05,0.577,1.41,0
2024-06-01,1,New South Wales,4424.1,3.92,0.042,0.594,1.33,0
2024-07-01,1,New South Wales,4431.8,3.95,0.029,0.594,1.3,0
2024-08-01,1,New South Wales,4441.6,3.96,0.01,0.565,1.34,0
2024-09-01,1,New South Wales,4452.5,3.95,-0.007,0.511,1.41,0
2024-10-01,1,New South Wales,4462.6,3.94,-0.011,0.449,1.47,0
2024-11-01,1,New South Wales,4470.6,3.93,-0.006,0.388,1.5,0
2024-12-01,1,New South Wales,4476.4,3.94,0.005,0.336,1.52,0
2025-01-01,1,New South Wales,4479.6,3.96,0.026,0.306,1.53,0
2025-02-01,1,New South Wales,4481.2,4.0,0.038,0.289,1.56,0
2025-03-01,1,New South Wales,4482.2,4.04,0.038,0.269,1.58,0
2025-04-01,1,New South Wales,4482.3,4.07,0.034,0.248,1.55,0
2025-05-01,1,New South Wales,4481.1,4.11,0.039,0.236,1.43,0
2025-06-01,1,New South Wales,4479.1,4.15,0.036,0.23,1.24,0
2025-07-01,1,New South Wales,4476.4,4.17,0.022,0.222,1.01,0
2025-08-01,1,New South Wales,4473.2,4.17,0.004,0.216,0.71,0
2025-09-01,1,New South Wales,4471.5,4.15,-0.019,0.204,0.43,0
2025-10-01,1,New South Wales,4474.2,4.12,-0.038,0.178,0.26,0
2025-11-01,1,New South Wales,4481.5,4.08,-0.033,0.151,0.24,0
2025-12-01,1,New South Wales,4492.1,4.08,0.0,0.146,0.35,0
2026-01-01,1,New South Wales,4504.3,4.12,0.034,0.155,0.55,0
2026-02-01,1,New South Wales,4516.5,4.17,0.056,0.173,0.79,0
2026-03-01,1,New South Wales,4527.6,4.23,0.052,0.187,1.01,0
2026-04-01,1,New South Wales,4538.5,4.25,0.019,0.173,1.25,0
2026-05-01,1,New South Wales,4549.9,4.22,-0.029,0.105,1.54,0
2026-06-01,1,New South Wales,4561.6,4.15,-0.065,0.005,1.84,1
1978-02-01,7,Northern Territory,43.9,6.38,,,,0
1978-03-01,7,Northern Territory,44.1,6.13,-0.252,,,0
1978-04-01,7,Northern Territory,44.4,5.9,-0.228,,,0
1978-05-01,7,Northern Territory,44.7,5.68,-0.221,,,0
1978-06-01,7,Northern Territory,45.0,5.48,-0.199,,,0
1978-07-01,7,Northern Territory,45.5,5.3,-0.18,,,0
1978-08-01,7,Northern Territory,46.1,5.14,-0.161,,,0
1978-09-01,7,Northern Territory,46.8,5.03,-0.112,,,0
1978-10-01,7,Northern Territory,47.3,4.97,-0.057,,,0
1978-11-01,7,Northern Territory,47.5,4.98,0.003,,,0
1978-12-01,7,Northern Territory,47.5,5.04,0.063,,,0
1979-01-01,7,Northern Territory,47.3,5.14,0.099,,,0
1979-02-01,7,Northern Territory,47.3,5.23,0.094,-1.15,7.72,0
1979-03-01,7,Northern Territory,47.5,5.31,0.072,-0.826,7.62,0
1979-04-01,7,Northern Territory,47.9,5.37,0.06,-0.538,7.99,0
1979-05-01,7,Northern Territory,48.5,5.43,0.06,-0.256,8.56,0
1979-06-01,7,Northern Territory,48.9,5.5,0.072,0.014,8.66,0
1979-07-01,7,Northern Territory,49.0,5.58,0.081,0.275,7.77,0
1979-08-01,7,Northern Territory,48.9,5.65,0.068,0.503,6.0,0
1979-09-01,7,Northern Territory,48.7,5.66,0.013,0.628,4.15,0
1979-10-01,7,Northern Territory,48.7,5.57,-0.089,0.595,3.04,0
1979-11-01,7,Northern Territory,49.1,5.35,-0.219,0.373,3.3,0
1979-12-01,7,Northern Territory,49.8,5.02,-0.329,-0.02,4.79,0
1980-01-01,7,Northern Territory,50.6,4.63,-0.388,-0.507,6.9,0
1980-02-01,7,Northern Territory,51.3,4.24,-0.393,-0.994,8.63,0
1980-03-01,7,Northern Territory,51.9,3.89,-0.351,-1.417,9.31,0
1980-04-01,7,Northern Territory,52.2,3.61,-0.274,-1.751,8.96,0
1980-05-01,7,Northern Territory,52.4,3.43,-0.186,-1.998,8.1,0
1980-06-01,7,Northern Territory,52.6,3.33,-0.097,-2.167,7.6,0
1980-07-01,7,Northern Territory,52.9,3.32,-0.012,-2.26,7.92,0
1980-08-01,7,Northern Territory,53.3,3.38,0.057,-2.271,9.06,0
1980-09-01,7,Northern Territory,54.0,3.49,0.11,-2.174,10.75,0
1980-10-01,7,Northern Territory,54.7,3.64,0.155,-1.929,12.26,0
1980-11-01,7,Northern Territory,55.5,3.83,0.185,-1.525,13.02,0
1980-12-01,7,Northern Territory,56.2,4.02,0.19,-1.006,12.85,0
1981-01-01,7,Northern Territory,56.7,4.2,0.184,-0.434,12.02,0
1981-02-01,7,Northern Territory,56.9,4.38,0.184,0.143,10.79,0
1981-03-01,7,Northern Territory,56.8,4.56,0.174,0.668,9.4,0
1981-04-01,7,Northern Territory,56.5,4.7,0.14,1.082,8.23,0
1981-05-01,7,Northern Territory,56.4,4.78,0.086,1.355,7.52,0
1981-06-01,7,Northern Territory,56.4,4.82,0.037,1.488,7.23,0
1981-07-01,7,Northern Territory,56.7,4.83,0.01,1.511,7.12,0
1981-08-01,7,Northern Territory,57.1,4.83,0.006,1.459,7.02,0
1981-09-01,7,Northern Territory,57.5,4.85,0.016,1.365,6.58,0
1981-10-01,7,Northern Territory,57.9,4.89,0.043,1.253,5.81,0
1981-11-01,7,Northern Territory,58.1,4.98,0.082,1.15,4.72,0
1981-12-01,7,Northern Territory,58.1,5.1,0.124,1.084,3.52,0
1982-01-01,7,Northern Territory,58.1,5.25,0.154,1.053,2.56,0
1982-02-01,7,Northern Territory,58.2,5.42,0.167,1.036,2.29,0
1982-03-01,7,Northern Territory,58.4,5.59,0.166,1.029,2.89,0
1982-04-01,7,Northern Territory,58.7,5.75,0.163,1.052,3.87,0
1982-05-01,7,Northern Territory,59.0,5.91,0.164,1.13,4.66,0
1982-06-01,7,Northern Territory,59.3,6.06,0.151,1.244,5.07,0
1982-07-01,7,Northern Territory,59.5,6.2,0.137,1.371,4.96,0
1982-08-01,7,Northern Territory,59.5,6.34,0.134,1.5,4.24,0
1982-09-01,7,Northern Territory,59.2,6.48,0.143,1.628,3.01,0
1982-10-01,7,Northern Territory,58.9,6.62,0.14,1.724,1.74,0
1982-11-01,7,Northern Territory,58.5,6.75,0.133,1.776,0.78,0
1982-12-01,7,Northern Territory,58.3,6.88,0.131,1.784,0.28,0
1983-01-01,7,Northern Territory,58.2,7.01,0.123,1.753,0.19,0
1983-02-01,7,Northern Territory,58.4,7.09,0.085,1.671,0.4,0
1983-03-01,7,Northern Territory,58.9,7.12,0.029,1.534,0.79,0
1983-04-01,7,Northern Territory,59.5,7.1,-0.022,1.349,1.37,0
1983-05-01,7,Northern Territory,60.1,7.04,-0.054,1.131,1.87,0
1983-06-01,7,Northern Territory,60.5,6.99,-0.051,0.929,2.01,0
1983-07-01,7,Northern Territory,60.6,6.96,-0.035,0.757,1.84,0
1983-08-01,7,Northern Territory,60.5,6.93,-0.026,0.596,1.72,0
1983-09-01,7,Northern Territory,60.3,6.92,-0.01,0.444,1.85,0
1983-10-01,7,Northern Territory,60.1,6.95,0.024,0.328,2.07,0
1983-11-01,7,Northern Territory,59.7,7.03,0.081,0.276,2.04,0
1983-12-01,7,Northern Territory,59.1,7.19,0.159,0.304,1.41,0
1984-01-01,7,Northern Territory,58.2,7.42,0.235,0.416,-0.09,0
1984-02-01,7,Northern Territory,57.0,7.71,0.288,0.619,-2.48,0
1984-03-01,7,Northern Territory,55.7,8.01,0.298,0.888,-5.33,0
1984-04-01,7,Northern Territory,54.8,8.25,0.247,1.157,-8.0,0
1984-05-01,7,Northern Territory,54.3,8.38,0.13,1.341,-9.7,0
1984-06-01,7,Northern Territory,54.4,8.35,-0.039,1.353,-10.04,0
1984-07-01,7,Northern Territory,55.0,8.15,-0.198,1.19,-9.11,0
1984-08-01,7,Northern Territory,56.0,7.84,-0.303,0.913,-7.42,0
1984-09-01,7,Northern Territory,57.1,7.51,-0.334,0.588,-5.39,0
1984-10-01,7,Northern Territory,58.2,7.21,-0.3,0.263,-3.26,0
1984-11-01,7,Northern Territory,59.2,6.98,-0.226,-0.044,-0.86,0
1984-12-01,7,Northern Territory,60.4,6.83,-0.152,-0.356,2.2,0
1985-01-01,7,Northern Territory,61.8,6.75,-0.077,-0.668,6.2,0
1985-02-01,7,Northern Territory,63.1,6.76,0.003,-0.952,10.85,0
1985-03-01,7,Northern Territory,64.4,6.82,0.066,-1.185,15.6,0
1985-04-01,7,Northern Territory,65.5,6.93,0.107,-1.325,19.61,0
1985-05-01,7,Northern Territory,66.2,7.07,0.136,-1.319,22.02,0
1985-06-01,7,Northern Territory,66.6,7.22,0.154,-1.126,22.44,0
1985-07-01,7,Northern Territory,66.8,7.36,0.137,-0.791,21.31,0
1985-08-01,7,Northern Territory,66.9,7.46,0.101,-0.386,19.46,0
1985-09-01,7,Northern Territory,67.2,7.51,0.05,-0.001,17.69,0
1985-10-01,7,Northern Territory,67.7,7.51,0.003,0.302,16.41,0
1985-11-01,7,Northern Territory,68.4,7.49,-0.026,0.502,15.45,0
1985-12-01,7,Northern Territory,69.1,7.44,-0.049,0.605,14.38,0
1986-01-01,7,Northern Territory,69.9,7.36,-0.077,0.605,13.19,0
1986-02-01,7,Northern Territory,70.7,7.27,-0.094,0.508,12.01,0
1986-03-01,7,Northern Territory,71.4,7.16,-0.101,0.341,10.83,0
1986-04-01,7,Northern Territory,71.8,7.06,-0.106,0.129,9.68,0
1986-05-01,7,Northern Territory,72.1,6.93,-0.129,-0.136,8.83,0
1986-06-01,7,Northern Territory,72.2,6.77,-0.155,-0.446,8.35,0
1986-07-01,7,Northern Territory,72.2,6.6,-0.173,-0.756,8.08,0
1986-08-01,7,Northern Territory,72.1,6.42,-0.182,-1.039,7.81,0
1986-09-01,7,Northern Territory,72.1,6.24,-0.182,-1.271,7.36,0
1986-10-01,7,Northern Territory,72.2,6.06,-0.18,-1.454,6.68,0
1986-11-01,7,Northern Territory,72.5,5.89,-0.168,-1.596,5.98,0
1986-12-01,7,Northern Territory,72.9,5.76,-0.131,-1.678,5.46,0
1987-01-01,7,Northern Territory,73.3,5.7,-0.055,-1.657,4.9,0
1987-02-01,7,Northern Territory,73.8,5.75,0.047,-1.516,4.4,0
1987-03-01,7,Northern Territory,74.4,5.92,0.167,-1.248,4.16,0
1987-04-01,7,Northern Territory,74.8,6.22,0.3,-0.842,4.15,0
1987-05-01,7,Northern Territory,74.9,6.64,0.428,-0.286,3.92,0
1987-06-01,7,Northern Territory,74.5,7.18,0.538,0.408,3.21,0
1987-07-01,7,Northern Territory,73.6,7.8,0.62,1.201,1.96,0
1987-08-01,7,Northern Territory,72.2,8.48,0.682,2.064,0.04,0
1987-09-01,7,Northern Territory,70.4,9.18,0.699,2.946,-2.4,0
1987-10-01,7,Northern Territory,68.5,9.85,0.664,3.79,-5.12,0
1987-11-01,7,Northern Territory,66.7,10.42,0.569,4.528,-7.97,0
1987-12-01,7,Northern Territory,65.1,10.83,0.412,5.071,-10.67,0
1988-01-01,7,Northern Territory,64.0,11.03,0.198,5.325,-12.75,0
1988-02-01,7,Northern Territory,63.4,10.99,-0.034,5.244,-14.14,0
1988-03-01,7,Northern Territory,63.3,10.74,-0.255,4.821,-14.9,0
1988-04-01,7,Northern Territory,63.8,10.28,-0.455,4.066,-14.75,0
1988-05-01,7,Northern Territory,64.8,9.69,-0.597,3.042,-13.41,0
1988-06-01,7,Northern Territory,66.4,9.03,-0.658,1.846,-10.88,0
1988-07-01,7,Northern Territory,68.1,8.39,-0.634,0.592,-7.5,0
1988-08-01,7,Northern Territory,69.7,7.82,-0.57,-0.66,-3.36,0
1988-09-01,7,Northern Territory,71.4,7.33,-0.498,-1.857,1.42,0
1988-10-01,7,Northern Territory,73.0,6.9,-0.421,-2.943,6.6,0
1988-11-01,7,Northern Territory,74.8,6.55,-0.352,-3.864,12.15,0
1988-12-01,7,Northern Territory,76.6,6.28,-0.274,-4.55,17.61,0
1989-01-01,7,Northern Territory,78.1,6.1,-0.18,-4.928,21.99,0
1989-02-01,7,Northern Territory,79.1,6.01,-0.087,-4.98,24.73,0
1989-03-01,7,Northern Territory,79.4,6.0,-0.01,-4.735,25.52,0
1989-04-01,7,Northern Territory,79.1,6.06,0.054,-4.226,24.02,0
1989-05-01,7,Northern Territory,78.1,6.17,0.11,-3.519,20.42,0
1989-06-01,7,Northern Territory,76.9,6.31,0.139,-2.722,15.83,0
1989-07-01,7,Northern Territory,76.0,6.43,0.121,-1.966,11.63,0
1989-08-01,7,Northern Territory,75.8,6.49,0.063,-1.333,8.62,0
1989-09-01,7,Northern Territory,76.3,6.48,-0.008,-0.844,6.89,0
1989-10-01,7,Northern Territory,77.5,6.42,-0.064,-0.486,6.1,0
1989-11-01,7,Northern Territory,78.7,6.34,-0.077,-0.211,5.27,0
1989-12-01,7,Northern Territory,79.5,6.3,-0.042,0.021,3.9,0
1990-01-01,7,Northern Territory,79.7,6.32,0.016,0.217,2.11,0
1990-02-01,7,Northern Territory,79.2,6.4,0.08,0.384,0.2,0
1990-03-01,7,Northern Territory,78.4,6.53,0.134,0.528,-1.35,0
1990-04-01,7,Northern Territory,77.6,6.69,0.16,0.634,-1.9,0
1990-05-01,7,Northern Territory,77.1,6.85,0.162,0.686,-1.25,0
1990-06-01,7,Northern Territory,77.0,6.99,0.14,0.687,0.21,0
1990-07-01,7,Northern Territory,77.2,7.13,0.134,0.699,1.59,0
1990-08-01,7,Northern Territory,77.3,7.27,0.146,0.782,2.04,0
1990-09-01,7,Northern Territory,77.1,7.45,0.182,0.972,1.06,0
1990-10-01,7,Northern Territory,76.7,7.67,0.22,1.256,-1.02,0
1990-11-01,7,Northern Territory,76.2,7.9,0.23,1.562,-3.23,0
1990-12-01,7,Northern Territory,75.7,8.12,0.216,1.82,-4.82,0
1991-01-01,7,Northern Territory,75.4,8.3,0.183,1.987,-5.38,0
1991-02-01,7,Northern Territory,75.4,8.44,0.132,2.039,-4.81,0
1991-03-01,7,Northern Territory,75.7,8.53,0.092,1.997,-3.44,0
1991-04-01,7,Northern Territory,76.1,8.6,0.069,1.906,-1.9,0
1991-05-01,7,Northern Territory,76.5,8.67,0.071,1.815,-0.79,0
1991-06-01,7,Northern Territory,76.5,8.76,0.09,1.765,-0.63,0
1991-07-01,7,Northern Territory,76.2,8.86,0.105,1.736,-1.3,0
1991-08-01,7,Northern Territory,75.5,8.95,0.092,1.681,-2.33,0
1991-09-01,7,Northern Territory,74.7,9.01,0.051,1.551,-3.15,0
1991-10-01,7,Northern Territory,74.1,8.99,-0.018,1.313,-3.46,0
1991-11-01,7,Northern Territory,73.8,8.89,-0.098,0.985,-3.2,0
1991-12-01,7,Northern Territory,74.0,8.7,-0.192,0.577,-2.29,0
1992-01-01,7,Northern Territory,74.7,8.42,-0.276,0.119,-0.91,0
1992-02-01,7,Northern Territory,75.7,8.12,-0.302,-0.315,0.32,0
1992-03-01,7,Northern Territory,76.5,7.84,-0.281,-0.689,1.03,0
1992-04-01,7,Northern Territory,76.9,7.61,-0.231,-0.988,1.02,0
1992-05-01,7,Northern Territory,76.9,7.44,-0.164,-1.224,0.59,0
1992-06-01,7,Northern Territory,76.7,7.36,-0.084,-1.398,0.22,0
1992-07-01,7,Northern Territory,76.4,7.36,0.003,-1.499,0.28,0
1992-08-01,7,Northern Territory,76.0,7.45,0.087,-1.504,0.65,0
1992-09-01,7,Northern Territory,75.5,7.6,0.153,-1.402,1.12,0
1992-10-01,7,Northern Territory,75.1,7.8,0.198,-1.186,1.36,0
1992-11-01,7,Northern Territory,74.6,8.01,0.209,-0.879,1.18,0
1992-12-01,7,Northern Territory,74.3,8.2,0.19,-0.498,0.39,0
1993-01-01,7,Northern Territory,74.1,8.33,0.134,-0.088,-0.81,0
1993-02-01,7,Northern Territory,74.3,8.39,0.053,0.267,-1.85,0
1993-03-01,7,Northern Territory,74.6,8.36,-0.027,0.522,-2.45,0
1993-04-01,7,Northern Territory,75.0,8.27,-0.09,0.663,-2.47,0
1993-05-01,7,Northern Territory,75.5,8.12,-0.148,0.68,-1.87,0
1993-06-01,7,Northern Territory,76.0,7.94,-0.187,0.576,-0.93,0
1993-07-01,7,Northern Territory,76.5,7.72,-0.217,0.357,0.18,0
1993-08-01,7,Northern Territory,76.9,7.5,-0.217,0.053,1.26,0
1993-09-01,7,Northern Territory,77.1,7.32,-0.187,-0.287,2.05,0
1993-10-01,7,Northern Territory,76.9,7.17,-0.144,-0.628,2.44,0
1993-11-01,7,Northern Territory,76.3,7.08,-0.095,-0.933,2.26,0
1993-12-01,7,Northern Territory,75.4,7.03,-0.048,-1.17,1.55,0
1994-01-01,7,Northern Territory,74.5,7.02,-0.009,-1.314,0.56,0
1994-02-01,7,Northern Territory,73.9,7.04,0.017,-1.35,-0.42,0
1994-03-01,7,Northern Territory,73.8,7.07,0.031,-1.293,-1.06,0
1994-04-01,7,Northern Territory,74.1,7.12,0.051,-1.152,-1.24,0
1994-05-01,7,Northern Territory,74.6,7.2,0.082,-0.922,-1.16,0
1994-06-01,7,Northern Territory,75.4,7.31,0.108,-0.626,-0.82,0
1994-07-01,7,Northern Territory,76.3,7.42,0.111,-0.299,-0.35,0
1994-08-01,7,Northern Territory,77.2,7.5,0.083,0.001,0.4,0
1994-09-01,7,Northern Territory,78.5,7.53,0.021,0.209,1.77,0
1994-10-01,7,Northern Territory,79.8,7.48,-0.042,0.311,3.82,0
1994-11-01,7,Northern Territory,81.3,7.38,-0.105,0.301,6.54,0
1994-12-01,7,Northern Territory,82.6,7.23,-0.15,0.199,9.58,0
1995-01-01,7,Northern Territory,83.6,7.07,-0.156,0.053,12.17,0
1995-02-01,7,Northern Territory,84.0,6.95,-0.127,-0.091,13.63,0
1995-03-01,7,Northern Territory,83.9,6.87,-0.077,-0.199,13.76,0
1995-04-01,7,Northern Territory,83.5,6.85,-0.022,-0.273,12.75,0
1995-05-01,7,Northern Territory,82.8,6.88,0.035,-0.319,10.92,0
1995-06-01,7,Northern Territory,82.0,6.96,0.077,-0.35,8.8,0
1995-07-01,7,Northern Territory,81.4,7.06,0.096,-0.365,6.81,0
1995-08-01,7,Northern Territory,81.3,7.13,0.077,-0.371,5.26,0
1995-09-01,7,Northern Territory,81.7,7.16,0.03,-0.362,4.12,0
1995-10-01,7,Northern Territory,82.5,7.13,-0.031,-0.351,3.39,0
1995-11-01,7,Northern Territory,83.6,7.05,-0.082,-0.328,2.85,0
1995-12-01,7,Northern Territory,84.5,6.94,-0.106,-0.284,2.28,0
1996-01-01,7,Northern Territory,85.0,6.83,-0.112,-0.24,1.7,0
1996-02-01,7,Northern Territory,85.0,6.72,-0.111,-0.224,1.19,0
1996-03-01,7,Northern Territory,84.7,6.6,-0.117,-0.264,0.87,0
1996-04-01,7,Northern Territory,84.4,6.46,-0.141,-0.383,1.08,0
1996-05-01,7,Northern Territory,84.6,6.28,-0.18,-0.599,2.15,0
1996-06-01,7,Northern Territory,85.1,6.08,-0.206,-0.882,3.81,0
1996-07-01,7,Northern Territory,85.9,5.87,-0.204,-1.182,5.45,0
1996-08-01,7,Northern Territory,86.4,5.71,-0.164,-1.423,6.28,0
1996-09-01,7,Northern Territory,86.5,5.61,-0.098,-1.551,5.85,0
1996-10-01,7,Northern Territory,86.1,5.58,-0.032,-1.552,4.29,0
1996-11-01,7,Northern Territory,85.5,5.6,0.022,-1.448,2.21,0
1996-12-01,7,Northern Territory,85.0,5.66,0.053,-1.289,0.52,0
1997-01-01,7,Northern Territory,84.9,5.71,0.053,-1.125,-0.11,0
1997-02-01,7,Northern Territory,85.6,5.73,0.022,-0.991,0.62,0
1997-03-01,7,Northern Territory,86.6,5.7,-0.026,-0.901,2.27,0
1997-04-01,7,Northern Territory,87.7,5.63,-0.072,-0.832,3.9,0
1997-05-01,7,Northern Territory,88.5,5.53,-0.099,-0.751,4.63,0
1997-06-01,7,Northern Territory,88.9,5.41,-0.121,-0.666,4.42,0
1997-07-01,7,Northern Territory,89.1,5.27,-0.139,-0.601,3.79,0
1997-08-01,7,Northern Territory,89.5,5.11,-0.16,-0.598,3.54,0
1997-09-01,7,Northern Territory,90.0,4.95,-0.164,-0.664,4.1,0
1997-10-01,7,Northern Territory,90.6,4.81,-0.141,-0.773,5.24,0
1997-11-01,7,Northern Territory,91.0,4.72,-0.088,-0.882,6.45,0
1997-12-01,7,Northern Territory,91.0,4.69,-0.026,-0.961,7.09,0
1998-01-01,7,Northern Territory,90.6,4.73,0.035,-0.978,6.61,0
1998-02-01,7,Northern Territory,89.9,4.81,0.075,-0.925,5.03,0
1998-03-01,7,Northern Territory,89.2,4.89,0.082,-0.816,3.06,0
1998-04-01,7,Northern Territory,89.0,4.93,0.047,-0.698,1.52,0
1998-05-01,7,Northern Territory,89.3,4.91,-0.019,-0.618,0.98,0
1998-06-01,7,Northern Territory,90.1,4.82,-0.091,-0.588,1.33,0
1998-07-01,7,Northern Territory,91.0,4.67,-0.151,-0.6,2.07,0
1998-08-01,7,Northern Territory,91.8,4.48,-0.19,-0.63,2.56,0
1998-09-01,7,Northern Territory,92.3,4.27,-0.215,-0.682,2.54,0
1998-10-01,7,Northern Territory,92.7,4.04,-0.226,-0.767,2.35,0
1998-11-01,7,Northern Territory,93.1,3.82,-0.217,-0.896,2.35,0
1998-12-01,7,Northern Territory,93.5,3.63,-0.195,-1.065,2.82,0
1999-01-01,7,Northern Territory,94.1,3.47,-0.162,-1.262,3.9,0
1999-02-01,7,Northern Territory,94.7,3.35,-0.12,-1.458,5.34,0
1999-03-01,7,Northern Territory,95.2,3.28,-0.072,-1.612,6.64,0
1999-04-01,7,Northern Territory,95.6,3.26,-0.013,-1.672,7.33,0
1999-05-01,7,Northern Territory,95.8,3.31,0.045,-1.608,7.18,0
1999-06-01,7,Northern Territory,95.8,3.4,0.091,-1.426,6.32,0
1999-07-01,7,Northern Territory,95.7,3.52,0.118,-1.157,5.19,0
1999-08-01,7,Northern Territory,95.5,3.64,0.126,-0.841,4.08,0
1999-09-01,7,Northern Territory,95.1,3.77,0.126,-0.499,3.02,0
1999-10-01,7,Northern Territory,94.4,3.88,0.117,-0.157,1.85,0
1999-11-01,7,Northern Territory,93.7,3.98,0.097,0.157,0.63,0
1999-12-01,7,Northern Territory,92.9,4.05,0.067,0.419,-0.66,0
2000-01-01,7,Northern Territory,92.3,4.08,0.034,0.614,-1.89,0
2000-02-01,7,Northern Territory,92.0,4.09,0.003,0.738,-2.87,0
2000-03-01,7,Northern Territory,91.7,4.08,-0.01,0.8,-3.6,0
2000-04-01,7,Northern Territory,91.7,4.07,-0.001,0.813,-4.08,0
2000-05-01,7,Northern Territory,91.7,4.1,0.022,0.79,-4.2,0
2000-06-01,7,Northern Territory,92.0,4.15,0.053,0.752,-4.0,0
2000-07-01,7,Northern Territory,92.2,4.24,0.087,0.721,-3.63,0
2000-08-01,7,Northern Territory,92.5,4.36,0.125,0.72,-3.1,0
2000-09-01,7,Northern Territory,92.8,4.53,0.164,0.758,-2.4,0
2000-10-01,7,Northern Territory,92.9,4.74,0.212,0.853,-1.59,0
2000-11-01,7,Northern Territory,93.0,4.99,0.251,1.007,-0.73,0
2000-12-01,7,Northern Territory,93.2,5.26,0.268,1.208,0.28,0
2001-01-01,7,Northern Territory,93.7,5.52,0.268,1.442,1.49,0
2001-02-01,7,Northern Territory,94.6,5.78,0.258,1.698,2.83,0
2001-03-01,7,Northern Territory,95.7,6.04,0.253,1.961,4.34,0
2001-04-01,7,Northern Territory,97.0,6.43,0.392,2.354,5.83,0
2001-05-01,7,Northern Territory,98.1,6.69,0.257,2.589,6.9,0
2001-06-01,7,Northern Territory,98.8,6.95,0.262,2.798,7.41,0
2001-07-01,7,Northern Territory,99.1,7.2,0.254,2.965,7.41,0
2001-08-01,7,Northern Territory,99.1,7.42,0.223,3.063,7.03,0
2001-09-01,7,Northern Territory,98.9,7.58,0.156,3.056,6.6,0
2001-10-01,7,Northern Territory,99.0,7.63,0.051,2.894,6.48,0
2001-11-01,7,Northern Territory,99.2,7.56,-0.073,2.571,6.68,0
2001-12-01,7,Northern Territory,99.6,7.36,-0.197,2.105,6.93,0
2002-01-01,7,Northern Territory,100.2,7.06,-0.305,1.533,6.95,0
2002-02-01,7,Northern Territory,100.7,6.68,-0.374,0.9,6.5,0
2002-03-01,7,Northern Territory,101.0,6.28,-0.405,0.242,5.55,0
2002-04-01,7,Northern Territory,101.2,5.87,-0.405,-0.556,4.33,0
2002-05-01,7,Northern Territory,101.2,5.49,-0.384,-1.197,3.16,0
2002-06-01,7,Northern Territory,101.1,5.15,-0.343,-1.802,2.34,0
2002-07-01,7,Northern Territory,101.1,4.87,-0.275,-2.331,2.01,0
2002-08-01,7,Northern Territory,101.1,4.7,-0.175,-2.729,2.03,0
2002-09-01,7,Northern Territory,101.1,4.63,-0.066,-2.951,2.18,0
2002-10-01,7,Northern Territory,101.1,4.67,0.038,-2.964,2.15,0
2002-11-01,7,Northern Territory,101.1,4.78,0.115,-2.776,1.87,0
2002-12-01,7,Northern Territory,100.9,4.96,0.172,-2.407,1.29,0
2003-01-01,7,Northern Territory,100.6,5.16,0.206,-1.896,0.43,0
2003-02-01,7,Northern Territory,100.2,5.37,0.211,-1.311,-0.47,0
2003-03-01,7,Northern Territory,99.8,5.56,0.188,-0.718,-1.26,0
2003-04-01,7,Northern Territory,99.3,5.7,0.142,-0.17,-1.9,0
2003-05-01,7,Northern Territory,98.7,5.79,0.087,0.301,-2.42,0
2003-06-01,7,Northern Territory,98.1,5.81,0.023,0.666,-2.91,0
2003-07-01,7,Northern Territory,97.6,5.77,-0.047,0.894,-3.41,0
2003-08-01,7,Northern Territory,97.2,5.65,-0.111,0.958,-3.82,0
2003-09-01,7,Northern Territory,97.0,5.49,-0.16,0.864,-4.05,0
2003-10-01,7,Northern Territory,97.1,5.31,-0.182,0.644,-3.99,0
2003-11-01,7,Northern Territory,97.4,5.14,-0.167,0.362,-3.61,0
2003-12-01,7,Northern Territory,98.0,5.03,-0.115,0.075,-2.92,0
2004-01-01,7,Northern Territory,98.6,4.99,-0.035,-0.167,-2.01,0
2004-02-01,7,Northern Territory,99.1,5.05,0.057,-0.32,-1.16,0
2004-03-01,7,Northern Territory,99.2,5.19,0.136,-0.372,-0.55,0
2004-04-01,7,Northern Territory,99.1,5.38,0.189,-0.325,-0.21,0
2004-05-01,7,Northern Territory,98.6,5.59,0.217,-0.195,-0.14,0
2004-06-01,7,Northern Territory,97.9,5.81,0.216,-0.002,-0.27,0
2004-07-01,7,Northern Territory,97.2,5.99,0.182,0.227,-0.4,0
2004-08-01,7,Northern Territory,96.8,6.1,0.112,0.451,-0.4,0
2004-09-01,7,Northern Territory,96.7,6.12,0.02,0.631,-0.27,0
2004-10-01,7,Northern Territory,96.9,6.06,-0.069,0.743,-0.13,0
2004-11-01,7,Northern Territory,97.2,5.92,-0.133,0.778,-0.22,0
2004-12-01,7,Northern Territory,97.3,5.76,-0.16,0.733,-0.68,0
2005-01-01,7,Northern Territory,97.1,5.6,-0.161,0.607,-1.52,0
2005-02-01,7,Northern Territory,96.6,5.46,-0.142,0.407,-2.49,0
2005-03-01,7,Northern Territory,95.9,5.35,-0.112,0.158,-3.34,0
2005-04-01,7,Northern Territory,95.4,5.27,-0.073,-0.103,-3.7,0
2005-05-01,7,Northern Territory,95.3,5.24,-0.033,-0.354,-3.36,0
2005-06-01,7,Northern Territory,95.6,5.24,0.005,-0.565,-2.36,0
2005-07-01,7,Northern Territory,96.2,5.29,0.041,-0.707,-1.05,0
2005-08-01,7,Northern Territory,97.0,5.36,0.075,-0.744,0.15,0
2005-09-01,7,Northern Territory,97.6,5.47,0.109,-0.655,0.85,0
2005-10-01,7,Northern Territory,97.9,5.6,0.133,-0.452,1.02,0
2005-11-01,7,Northern Territory,98.1,5.74,0.133,-0.186,0.96,0
2005-12-01,7,Northern Territory,98.4,5.83,0.098,0.072,1.07,0
2006-01-01,7,Northern Territory,98.8,5.86,0.027,0.26,1.7,0
2006-02-01,7,Northern Territory,99.4,5.79,-0.073,0.33,2.96,0
2006-03-01,7,Northern Territory,100.4,5.61,-0.178,0.264,4.62,0
2006-04-01,7,Northern Territory,101.3,5.35,-0.265,0.072,6.19,0
2006-05-01,7,Northern Territory,102.1,5.02,-0.327,-0.221,7.14,0
2006-06-01,7,Northern Territory,102.6,4.65,-0.365,-0.59,7.34,0
2006-07-01,7,Northern Territory,102.9,4.28,-0.371,-1.002,6.92,0
2006-08-01,7,Northern Territory,103.0,3.94,-0.341,-1.417,6.24,0
2006-09-01,7,Northern Territory,103.2,3.66,-0.279,-1.806,5.78,0
2006-10-01,7,Northern Territory,103.5,3.47,-0.191,-2.131,5.71,0
2006-11-01,7,Northern Territory,103.9,3.39,-0.087,-2.35,5.86,0
2006-12-01,7,Northern Territory,104.3,3.39,0.008,-2.44,5.99,0
2007-01-01,7,Northern Territory,104.6,3.48,0.088,-2.379,5.9,0
2007-02-01,7,Northern Territory,104.9,3.64,0.155,-2.151,5.52,0
2007-03-01,7,Northern Territory,105.4,3.84,0.202,-1.772,5.05,0
2007-04-01,7,Northern Territory,106.1,4.07,0.226,-1.281,4.79,0
2007-05-01,7,Northern Territory,107.1,4.29,0.223,-0.731,4.9,0
2007-06-01,7,Northern Territory,108.1,4.49,0.206,-0.16,5.34,0
2007-07-01,7,Northern Territory,109.0,4.67,0.177,0.387,5.93,0
2007-08-01,7,Northern Territory,109.7,4.81,0.137,0.864,6.51,0
2007-09-01,7,Northern Territory,110.3,4.9,0.09,1.233,6.88,0
2007-10-01,7,Northern Territory,110.7,4.94,0.038,1.463,6.94,0
2007-11-01,7,Northern Territory,111.0,4.91,-0.024,1.525,6.88,0
2007-12-01,7,Northern Territory,111.3,4.82,-0.091,1.425,6.77,0
2008-01-01,7,Northern Territory,111.6,4.67,-0.155,1.183,6.72,0
2008-02-01,7,Northern Territory,111.9,4.46,-0.208,0.82,6.67,0
2008-03-01,7,Northern Territory,112.3,4.22,-0.239,0.379,6.49,0
2008-04-01,7,Northern Territory,112.6,3.97,-0.247,-0.094,6.06,0
2008-05-01,7,Northern Territory,113.0,3.74,-0.235,-0.552,5.5,0
2008-06-01,7,Northern Territory,113.4,3.54,-0.194,-0.951,4.98,0
2008-07-01,7,Northern Territory,113.9,3.42,-0.124,-1.252,4.52,0
2008-08-01,7,Northern Territory,114.2,3.38,-0.043,-1.432,4.08,0
2008-09-01,7,Northern Territory,114.4,3.41,0.032,-1.49,3.69,0
2008-10-01,7,Northern Territory,114.6,3.5,0.09,-1.438,3.48,0
2008-11-01,7,Northern Territory,114.9,3.62,0.121,-1.293,3.43,0
2008-12-01,7,Northern Territory,115.3,3.74,0.124,-1.078,3.61,0
2009-01-01,7,Northern Territory,116.2,3.84,0.102,-0.822,4.11,0
2009-02-01,7,Northern Territory,117.4,3.9,0.06,-0.554,4.92,0
2009-03-01,7,Northern Territory,118.9,3.92,0.011,-0.303,5.9,0
2009-04-01,7,Northern Territory,120.1,3.89,-0.026,-0.082,6.67,0
2009-05-01,7,Northern Territory,120.7,3.84,-0.047,0.106,6.85,0
2009-06-01,7,Northern Territory,120.7,3.79,-0.057,0.243,6.42,0
2009-07-01,7,Northern Territory,120.5,3.72,-0.067,0.3,5.79,0
2009-08-01,7,Northern Territory,120.3,3.64,-0.075,0.268,5.36,0
2009-09-01,7,Northern Territory,120.3,3.56,-0.084,0.153,5.19,0
2009-10-01,7,Northern Territory,120.5,3.47,-0.095,-0.032,5.18,0
2009-11-01,7,Northern Territory,120.7,3.36,-0.101,-0.254,5.1,0
2009-12-01,7,Northern Territory,120.7,3.27,-0.097,-0.475,4.66,0
2010-01-01,7,Northern Territory,120.4,3.18,-0.082,-0.659,3.57,0
2010-02-01,7,Northern Territory,119.7,3.12,-0.067,-0.786,1.95,0
2010-03-01,7,Northern Territory,119.3,3.06,-0.061,-0.859,0.32,0
2010-04-01,7,Northern Territory,119.3,2.99,-0.068,-0.901,-0.68,0
2010-05-01,7,Northern Territory,119.8,2.91,-0.075,-0.929,-0.72,0
2010-06-01,7,Northern Territory,120.7,2.84,-0.077,-0.949,-0.01,0
2010-07-01,7,Northern Territory,121.5,2.77,-0.071,-0.954,0.86,0
2010-08-01,7,Northern Territory,121.9,2.71,-0.059,-0.938,1.36,0
2010-09-01,7,Northern Territory,122.0,2.67,-0.039,-0.893,1.39,0
2010-10-01,7,Northern Territory,121.8,2.65,-0.016,-0.815,1.11,0
2010-11-01,7,Northern Territory,121.7,2.65,0.004,-0.709,0.82,0
2010-12-01,7,Northern Territory,121.7,2.68,0.021,-0.591,0.85,0
2011-01-01,7,Northern Territory,121.8,2.71,0.038,-0.471,1.24,0
2011-02-01,7,Northern Territory,121.8,2.78,0.065,-0.338,1.74,0
2011-03-01,7,Northern Territory,121.4,2.89,0.108,-0.169,1.8,0
2011-04-01,7,Northern Territory,120.6,3.05,0.158,0.057,1.16,0
2011-05-01,7,Northern Territory,119.8,3.25,0.202,0.334,0.0,0
2011-06-01,7,Northern Territory,119.4,3.47,0.223,0.634,-1.1,0
2011-07-01,7,Northern Territory,119.6,3.68,0.214,0.918,-1.55,0
2011-08-01,7,Northern Territory,120.5,3.87,0.184,1.162,-1.17,0
2011-09-01,7,Northern Territory,121.7,4.01,0.143,1.344,-0.21,0
2011-10-01,7,Northern Territory,123.0,4.12,0.107,1.467,0.93,0
2011-11-01,7,Northern Territory,123.9,4.19,0.077,1.54,1.81,0
2011-12-01,7,Northern Territory,124.5,4.25,0.052,1.571,2.24,0
2012-01-01,7,Northern Territory,124.7,4.28,0.028,1.561,2.3,0
2012-02-01,7,Northern Territory,124.6,4.28,0.002,1.497,2.31,0
2012-03-01,7,Northern Territory,124.7,4.25,-0.027,1.362,2.67,0
2012-04-01,7,Northern Territory,124.9,4.2,-0.05,1.155,3.54,0
2012-05-01,7,Northern Territory,125.4,4.14,-0.062,0.891,4.66,0
2012-06-01,7,Northern Territory,126.1,4.07,-0.066,0.603,5.65,0
2012-07-01,7,Northern Territory,127.0,4.02,-0.054,0.335,6.12,0
2012-08-01,7,Northern Territory,127.8,3.99,-0.025,0.127,6.01,0
2012-09-01,7,Northern Territory,128.4,4.02,0.021,0.005,5.44,0
2012-10-01,7,Northern Territory,128.5,4.09,0.077,-0.025,4.47,0
2012-11-01,7,Northern Territory,128.1,4.23,0.134,0.032,3.38,0
2012-12-01,7,Northern Territory,127.5,4.41,0.188,0.167,2.41,0
2013-01-01,7,Northern Territory,126.7,4.64,0.23,0.369,1.66,0
2013-02-01,7,Northern Territory,126.2,4.89,0.249,0.617,1.27,0
2013-03-01,7,Northern Territory,126.2,5.13,0.238,0.881,1.23,0
2013-04-01,7,Northern Territory,126.7,5.32,0.19,1.121,1.42,0
2013-05-01,7,Northern Territory,127.6,5.44,0.116,1.299,1.78,0
2013-06-01,7,Northern Territory,128.8,5.47,0.032,1.397,2.1,0
2013-07-01,7,Northern Territory,129.8,5.42,-0.052,1.398,2.27,0
2013-08-01,7,Northern Territory,130.7,5.29,-0.129,1.294,2.26,0
2013-09-01,7,Northern Territory,131.3,5.09,-0.197,1.075,2.31,0
2013-10-01,7,Northern Territory,132.0,4.84,-0.248,0.75,2.73,0
2013-11-01,7,Northern Territory,132.6,4.57,-0.274,0.342,3.52,0
2013-12-01,7,Northern Territory,133.3,4.3,-0.273,-0.118,4.56,0
2014-01-01,7,Northern Territory,133.8,4.05,-0.242,-0.591,5.61,0
2014-02-01,7,Northern Territory,134.0,3.87,-0.185,-1.025,6.15,0
2014-03-01,7,Northern Territory,133.7,3.75,-0.12,-1.384,5.92,0
2014-04-01,7,Northern Territory,132.9,3.69,-0.059,-1.633,4.86,0
2014-05-01,7,Northern Territory,131.7,3.68,-0.013,-1.762,3.19,0
2014-06-01,7,Northern Territory,130.5,3.69,0.016,-1.778,1.36,0
2014-07-01,7,Northern Territory,129.6,3.72,0.03,-1.696,-0.22,0
2014-08-01,7,Northern Territory,129.0,3.76,0.035,-1.531,-1.29,0
2014-09-01,7,Northern Territory,128.9,3.79,0.032,-1.302,-1.85,0
2014-10-01,7,Northern Territory,129.3,3.82,0.029,-1.025,-2.03,0
2014-11-01,7,Northern Territory,130.2,3.85,0.031,-0.72,-1.82,0
2014-12-01,7,Northern Territory,131.4,3.89,0.043,-0.404,-1.39,0
2015-01-01,7,Northern Territory,132.7,3.95,0.062,-0.099,-0.83,0
2015-02-01,7,Northern Territory,133.9,4.03,0.079,0.165,-0.05,0
2015-03-01,7,Northern Territory,134.9,4.12,0.089,0.374,0.94,0
2015-04-01,7,Northern Territory,135.6,4.21,0.087,0.52,2.04,0
2015-05-01,7,Northern Territory,135.9,4.28,0.074,0.607,3.21,0
2015-06-01,7,Northern Territory,136.0,4.34,0.055,0.647,4.18,0
2015-07-01,7,Northern Territory,135.8,4.37,0.031,0.648,4.83,0
2015-08-01,7,Northern Territory,135.5,4.37,0.003,0.615,5.09,0
2015-09-01,7,Northern Territory,135.2,4.35,-0.022,0.562,4.88,0
2015-10-01,7,Northern Territory,134.7,4.31,-0.042,0.49,4.17,0
2015-11-01,7,Northern Territory,134.0,4.25,-0.056,0.403,2.94,0
2015-12-01,7,Northern Territory,133.4,4.18,-0.069,0.291,1.48,0
2016-01-01,7,Northern Territory,133.0,4.1,-0.081,0.148,0.19,0
2016-02-01,7,Northern Territory,133.0,4.01,-0.092,-0.023,-0.71,0
2016-03-01,7,Northern Territory,133.4,3.92,-0.091,-0.202,-1.11,0
2016-04-01,7,Northern Territory,134.1,3.85,-0.073,-0.363,-1.07,0
2016-05-01,7,Northern Territory,134.8,3.8,-0.043,-0.48,-0.84,0
2016-06-01,7,Northern Territory,135.3,3.81,0.002,-0.533,-0.53,0
2016-07-01,7,Northern Territory,135.4,3.86,0.052,-0.512,-0.27,0
2016-08-01,7,Northern Territory,135.2,3.96,0.101,-0.413,-0.22,0
2016-09-01,7,Northern Territory,134.9,4.09,0.135,-0.256,-0.21,0
2016-10-01,7,Northern Territory,134.7,4.25,0.153,-0.061,-0.02,0
2016-11-01,7,Northern Territory,134.5,4.41,0.161,0.155,0.38,0
2016-12-01,7,Northern Territory,134.4,4.57,0.158,0.382,0.81,0
2017-01-01,7,Northern Territory,134.3,4.71,0.142,0.605,1.0,0
2017-02-01,7,Northern Territory,134.1,4.82,0.118,0.815,0.81,0
2017-03-01,7,Northern Territory,133.8,4.92,0.092,0.997,0.32,0
2017-04-01,7,Northern Territory,133.7,4.99,0.07,1.14,-0.3,0
2017-05-01,7,Northern Territory,133.6,5.05,0.059,1.242,-0.87,0
2017-06-01,7,Northern Territory,133.5,5.1,0.059,1.299,-1.3,0
2017-07-01,7,Northern Territory,133.3,5.17,0.064,1.311,-1.54,0
2017-08-01,7,Northern Territory,133.1,5.24,0.068,1.278,-1.57,0
2017-09-01,7,Northern Territory,132.9,5.31,0.07,1.213,-1.51,0
2017-10-01,7,Northern Territory,132.7,5.37,0.063,1.124,-1.43,0
2017-11-01,7,Northern Territory,132.8,5.42,0.046,1.008,-1.26,0
2017-12-01,7,Northern Territory,133.1,5.44,0.023,0.873,-0.96,0
2018-01-01,7,Northern Territory,133.6,5.44,0.002,0.734,-0.53,0
2018-02-01,7,Northern Territory,134.0,5.43,-0.01,0.606,-0.08,0
2018-03-01,7,Northern Territory,134.2,5.42,-0.013,0.502,0.23,0
2018-04-01,7,Northern Territory,134.2,5.41,-0.008,0.424,0.35,0
2018-05-01,7,Northern Territory,134.0,5.42,0.006,0.371,0.32,0
2018-06-01,7,Northern Territory,133.9,5.44,0.022,0.334,0.28,0
2018-07-01,7,Northern Territory,133.8,5.47,0.035,0.305,0.32,0
2018-08-01,7,Northern Territory,133.7,5.52,0.046,0.283,0.41,0
2018-09-01,7,Northern Territory,133.5,5.58,0.055,0.269,0.48,0
2018-10-01,7,Northern Territory,133.2,5.63,0.058,0.264,0.36,0
2018-11-01,7,Northern Territory,132.7,5.69,0.058,0.276,-0.06,0
2018-12-01,7,Northern Territory,132.1,5.75,0.057,0.31,-0.76,0
2019-01-01,7,Northern Territory,131.4,5.81,0.059,0.367,-1.59,0
2019-02-01,7,Northern Territory,130.8,5.88,0.068,0.445,-2.35,0
2019-03-01,7,Northern Territory,130.3,5.95,0.077,0.534,-2.88,0
2019-04-01,7,Northern Territory,130.0,6.04,0.085,0.627,-3.14,0
2019-05-01,7,Northern Territory,129.8,6.13,0.088,0.708,-3.14,0
2019-06-01,7,Northern Territory,129.9,6.21,0.086,0.772,-2.98,0
2019-07-01,7,Northern Territory,130.2,6.29,0.08,0.817,-2.7,0
2019-08-01,7,Northern Territory,130.5,6.37,0.075,0.846,-2.35,0
2019-09-01,7,Northern Territory,130.9,6.44,0.076,0.867,-1.96,0
2019-10-01,7,Northern Territory,131.1,6.52,0.078,0.887,-1.55,0
2019-11-01,7,Northern Territory,131.2,6.6,0.079,0.908,-1.15,0
2019-12-01,7,Northern Territory,131.1,6.68,0.078,0.929,-0.81,0
2020-01-01,7,Northern Territory,130.7,6.75,0.073,0.942,-0.55,0
2020-02-01,7,Northern Territory,130.3,6.81,0.061,0.935,-0.4,0
2020-03-01,7,Northern Territory,129.9,6.85,0.041,0.899,-0.29,0
2020-04-01,7,Northern Territory,129.7,6.86,0.012,0.827,-0.19,0
2020-05-01,7,Northern Territory,129.8,6.84,-0.022,0.717,-0.03,0
2020-06-01,7,Northern Territory,130.1,6.79,-0.056,0.575,0.15,0
2020-07-01,7,Northern Territory,130.5,6.7,-0.082,0.413,0.28,0
2020-08-01,7,Northern Territory,130.9,6.61,-0.099,0.239,0.32,0
2020-09-01,7,Northern Territory,131.3,6.5,-0.109,0.054,0.35,0
2020-10-01,7,Northern Territory,131.7,6.39,-0.109,-0.134,0.41,0
2020-11-01,7,Northern Territory,132.0,6.29,-0.098,-0.311,0.59,0
2020-12-01,7,Northern Territory,132.3,6.21,-0.083,-0.472,0.96,0
2021-01-01,7,Northern Territory,132.7,6.14,-0.068,-0.613,1.48,0
2021-02-01,7,Northern Territory,132.9,6.08,-0.053,-0.727,2.0,0
2021-03-01,7,Northern Territory,132.9,6.04,-0.044,-0.812,2.32,0
2021-04-01,7,Northern Territory,132.7,5.99,-0.047,-0.871,2.33,0
2021-05-01,7,Northern Territory,132.4,5.93,-0.066,-0.916,2.02,0
2021-06-01,7,Northern Territory,132.1,5.83,-0.098,-0.957,1.56,0
2021-07-01,7,Northern Territory,132.1,5.69,-0.135,-1.01,1.21,0
2021-08-01,7,Northern Territory,132.3,5.53,-0.162,-1.073,1.03,0
2021-09-01,7,Northern Territory,132.6,5.36,-0.176,-1.141,0.96,0
2021-10-01,7,Northern Territory,132.9,5.18,-0.176,-1.208,0.93,0
2021-11-01,7,Northern Territory,133.1,5.01,-0.165,-1.274,0.84,0
2021-12-01,7,Northern Territory,133.1,4.87,-0.143,-1.334,0.59,0
2022-01-01,7,Northern Territory,133.0,4.75,-0.122,-1.388,0.27,0
2022-02-01,7,Northern Territory,133.1,4.64,-0.109,-1.444,0.12,0
2022-03-01,7,Northern Territory,133.4,4.54,-0.102,-1.502,0.36,0
2022-04-01,7,Northern Territory,134.1,4.44,-0.097,-1.552,1.02,0
2022-05-01,7,Northern Territory,135.0,4.36,-0.086,-1.572,1.95,0
2022-06-01,7,Northern Territory,135.9,4.28,-0.072,-1.546,2.87,0
2022-07-01,7,Northern Territory,136.7,4.23,-0.05,-1.461,3.48,0
2022-08-01,7,Northern Territory,137.2,4.21,-0.026,-1.324,3.7,0
2022-09-01,7,Northern Territory,137.4,4.2,-0.006,-1.154,3.63,0
2022-10-01,7,Northern Territory,137.5,4.21,0.01,-0.968,3.43,0
2022-11-01,7,Northern Territory,137.6,4.23,0.02,-0.783,3.35,0
2022-12-01,7,Northern Territory,137.8,4.25,0.022,-0.618,3.54,0
2023-01-01,7,Northern Territory,138.3,4.27,0.02,-0.476,3.97,0
2023-02-01,7,Northern Territory,138.9,4.29,0.021,-0.346,4.39,0
2023-03-01,7,Northern Territory,139.4,4.32,0.024,-0.22,4.52,0
2023-04-01,7,Northern Territory,139.7,4.35,0.031,-0.092,4.21,0
2023-05-01,7,Northern Territory,139.8,4.39,0.038,0.032,3.53,0
2023-06-01,7,Northern Territory,139.6,4.43,0.042,0.146,2.67,0
2023-07-01,7,Northern Territory,139.3,4.46,0.036,0.232,1.89,0
2023-08-01,7,Northern Territory,139.2,4.48,0.02,0.277,1.44,0
2023-09-01,7,Northern Territory,139.3,4.48,-0.003,0.28,1.4,0
2023-10-01,7,Northern Territory,139.9,4.45,-0.027,0.243,1.76,0
2023-11-01,7,Northern Territory,140.8,4.4,-0.049,0.173,2.33,0
2023-12-01,7,Northern Territory,141.7,4.34,-0.061,0.09,2.8,0
2024-01-01,7,Northern Territory,142.4,4.28,-0.062,0.008,2.96,0
2024-02-01,7,Northern Territory,142.8,4.23,-0.055,-0.068,2.82,0
2024-03-01,7,Northern Territory,142.9,4.18,-0.044,-0.137,2.51,0
2024-04-01,7,Northern Territory,142.9,4.15,-0.028,-0.196,2.24,0
2024-05-01,7,Northern Territory,142.7,4.14,-0.011,-0.245,2.13,0
2024-06-01,7,Northern Territory,142.7,4.14,0.002,-0.285,2.23,0
2024-07-01,7,Northern Territory,142.7,4.15,0.009,-0.311,2.44,0
2024-08-01,7,Northern Territory,142.8,4.16,0.01,-0.321,2.59,0
2024-09-01,7,Northern Territory,142.8,4.17,0.006,-0.312,2.52,0
2024-10-01,7,Northern Territory,143.0,4.17,-0.002,-0.287,2.2,0
2024-11-01,7,Northern Territory,143.2,4.15,-0.013,-0.251,1.73,0
2024-12-01,7,Northern Territory,143.6,4.13,-0.024,-0.213,1.33,0
2025-01-01,7,Northern Territory,144.1,4.1,-0.026,-0.177,1.18,0
2025-02-01,7,Northern Territory,144.6,4.08,-0.02,-0.141,1.25,0
2025-03-01,7,Northern Territory,145.0,4.08,-0.008,-0.106,1.46,0
2025-04-01,7,Northern Territory,145.3,4.08,0.006,-0.071,1.7,0
2025-05-01,7,Northern Territory,145.4,4.1,0.021,-0.039,1.85,0
2025-06-01,7,Northern Territory,145.3,4.14,0.039,-0.002,1.86,0
2025-07-01,7,Northern Territory,145.2,4.19,0.052,0.041,1.78,0
2025-08-01,7,Northern Territory,145.3,4.26,0.061,0.092,1.75,0
2025-09-01,7,Northern Territory,145.5,4.32,0.067,0.153,1.83,0
2025-10-01,7,Northern Territory,145.8,4.39,0.069,0.224,1.95,0
2025-11-01,7,Northern Territory,146.1,4.46,0.066,0.303,2.07,0
2025-12-01,7,Northern Territory,146.6,4.52,0.059,0.386,2.11,0
2026-01-01,7,Northern Territory,147.0,4.57,0.05,0.463,2.05,0
2026-02-01,7,Northern Territory,147.4,4.61,0.041,0.523,1.94,0
2026-03-01,7,Northern Territory,147.7,4.64,0.035,0.567,1.87,0
2026-04-01,7,Northern Territory,148.0,4.67,0.032,0.592,1.89,0
2026-05-01,7,Northern Territory,148.4,4.7,0.026,0.597,2.05,0
2026-06-01,7,Northern Territory,148.7,4.72,0.021,0.58,2.35,1
1978-02-01,3,Queensland,872.7,7.09,,,,0
1978-03-01,3,Queensland,872.3,7.09,-0.001,,,0
1978-04-01,3,Queensland,872.1,7.08,-0.001,,,0
1978-05-01,3,Queensland,871.9,7.1,0.012,,,0
1978-06-01,3,Queensland,872.1,7.12,0.023,,,0
1978-07-01,3,Queensland,873.2,7.14,0.018,,,0
1978-08-01,3,Queensland,875.7,7.13,-0.008,,,0
1978-09-01,3,Queensland,879.3,7.09,-0.042,,,0
1978-10-01,3,Queensland,883.0,7.02,-0.061,,,0
1978-11-01,3,Queensland,885.9,6.98,-0.043,,,0
1978-12-01,3,Queensland,887.7,6.96,-0.017,,,0
1979-01-01,3,Queensland,888.9,6.96,-0.008,,,0
1979-02-01,3,Queensland,890.3,6.94,-0.015,-0.145,2.01,0
1979-03-01,3,Queensland,892.4,6.9,-0.044,-0.188,2.3,0
1979-04-01,3,Queensland,895.0,6.81,-0.089,-0.275,2.63,0
1979-05-01,3,Queensland,897.9,6.69,-0.121,-0.408,2.99,0
1979-06-01,3,Queensland,900.9,6.56,-0.131,-0.562,3.31,0
1979-07-01,3,Queensland,903.5,6.44,-0.114,-0.695,3.48,0
1979-08-01,3,Queensland,905.5,6.37,-0.072,-0.759,3.41,0
1979-09-01,3,Queensland,907.1,6.34,-0.029,-0.746,3.17,0
1979-10-01,3,Queensland,908.8,6.35,0.005,-0.679,2.93,0
1979-11-01,3,Queensland,911.2,6.37,0.026,-0.611,2.86,0
1979-12-01,3,Queensland,914.3,6.41,0.042,-0.552,3.0,0
1980-01-01,3,Queensland,917.9,6.48,0.069,-0.474,3.27,0
1980-02-01,3,Queensland,921.9,6.57,0.083,-0.376,3.55,0
1980-03-01,3,Queensland,926.0,6.65,0.081,-0.251,3.77,0
1980-04-01,3,Queensland,930.1,6.71,0.066,-0.097,3.92,0
1980-05-01,3,Queensland,933.8,6.75,0.034,0.058,3.99,0
1980-06-01,3,Queensland,936.7,6.73,-0.019,0.17,3.97,0
1980-07-01,3,Queensland,939.1,6.66,-0.07,0.214,3.93,0
1980-08-01,3,Queensland,941.2,6.55,-0.106,0.181,3.94,0
1980-09-01,3,Queensland,943.3,6.42,-0.127,0.083,3.99,0
1980-10-01,3,Queensland,945.7,6.29,-0.136,-0.057,4.05,0
1980-11-01,3,Queensland,948.0,6.15,-0.137,-0.22,4.04,0
1980-12-01,3,Queensland,950.5,6.02,-0.131,-0.393,3.96,0
1981-01-01,3,Queensland,953.1,5.89,-0.127,-0.59,3.83,0
1981-02-01,3,Queensland,955.6,5.78,-0.112,-0.784,3.65,0
1981-03-01,3,Queensland,958.3,5.71,-0.073,-0.939,3.48,0
1981-04-01,3,Queensland,961.5,5.67,-0.035,-1.039,3.37,0
1981-05-01,3,Queensland,965.3,5.67,-0.001,-1.074,3.38,0
1981-06-01,3,Queensland,969.6,5.69,0.021,-1.034,3.51,0
1981-07-01,3,Queensland,973.7,5.73,0.034,-0.929,3.69,0
1981-08-01,3,Queensland,977.3,5.76,0.032,-0.792,3.84,0
1981-09-01,3,Queensland,980.6,5.8,0.041,-0.624,3.95,0
1981-10-01,3,Queensland,984.0,5.85,0.05,-0.438,4.05,0
1981-11-01,3,Queensland,987.9,5.89,0.037,-0.264,4.21,0
1981-12-01,3,Queensland,992.3,5.9,0.017,-0.116,4.39,0
1982-01-01,3,Queensland,996.1,5.91,0.009,0.02,4.51,0
1982-02-01,3,Queensland,998.7,5.92,0.007,0.138,4.51,0
1982-03-01,3,Queensland,999.5,5.93,0.006,0.217,4.31,0
1982-04-01,3,Queensland,998.7,5.96,0.031,0.283,3.87,0
1982-05-01,3,Queensland,997.2,6.04,0.086,0.37,3.3,0
1982-06-01,3,Queensland,996.3,6.2,0.162,0.511,2.75,0
1982-07-01,3,Queensland,996.5,6.46,0.26,0.737,2.34,0
1982-08-01,3,Queensland,997.6,6.83,0.37,1.075,2.07,0
1982-09-01,3,Queensland,998.3,7.32,0.489,1.523,1.81,0
1982-10-01,3,Queensland,997.4,7.9,0.575,2.047,1.37,0
1982-11-01,3,Queensland,994.4,8.51,0.615,2.626,0.66,0
1982-12-01,3,Queensland,989.8,9.1,0.59,3.198,-0.25,0
1983-01-01,3,Queensland,984.7,9.59,0.492,3.682,-1.14,0
1983-02-01,3,Queensland,980.5,9.96,0.365,4.039,-1.83,0
1983-03-01,3,Queensland,977.7,10.21,0.249,4.283,-2.18,0
1983-04-01,3,Queensland,977.0,10.37,0.16,4.412,-2.18,0
1983-05-01,3,Queensland,977.7,10.46,0.096,4.422,-1.96,0
1983-06-01,3,Queensland,979.5,10.52,0.053,4.312,-1.68,0
1983-07-01,3,Queensland,982.2,10.5,-0.015,4.037,-1.44,0
1983-08-01,3,Queensland,985.6,10.4,-0.103,3.564,-1.2,0
1983-09-01,3,Queensland,990.1,10.2,-0.201,2.874,-0.83,0
1983-10-01,3,Queensland,995.3,9.92,-0.271,2.027,-0.22,0
1983-11-01,3,Queensland,1001.1,9.65,-0.276,1.136,0.67,0
1983-12-01,3,Queensland,1006.6,9.43,-0.22,0.326,1.7,0
1984-01-01,3,Queensland,1011.6,9.31,-0.121,-0.286,2.73,0
1984-02-01,3,Queensland,1015.8,9.29,-0.017,-0.668,3.61,0
1984-03-01,3,Queensland,1019.0,9.35,0.061,-0.856,4.23,0
1984-04-01,3,Queensland,1021.0,9.46,0.104,-0.912,4.5,0
1984-05-01,3,Queensland,1021.6,9.56,0.108,-0.899,4.49,0
1984-06-01,3,Queensland,1020.9,9.67,0.109,-0.843,4.23,0
1984-07-01,3,Queensland,1019.0,9.78,0.108,-0.72,3.74,0
1984-08-01,3,Queensland,1016.0,9.89,0.109,-0.508,3.08,0
1984-09-01,3,Queensland,1012.7,9.98,0.093,-0.214,2.28,0
1984-10-01,3,Queensland,1010.1,10.06,0.074,0.131,1.49,0
1984-11-01,3,Queensland,1009.3,10.1,0.04,0.447,0.83,0
1984-12-01,3,Queensland,1010.7,10.1,0.003,0.67,0.41,0
1985-01-01,3,Queensland,1014.2,10.08,-0.02,0.771,0.26,0
1985-02-01,3,Queensland,1019.3,10.05,-0.026,0.762,0.34,0
1985-03-01,3,Queensland,1025.5,10.02,-0.031,0.67,0.64,0
1985-04-01,3,Queensland,1032.5,9.98,-0.046,0.52,1.13,0
1985-05-01,3,Queensland,1039.8,9.9,-0.072,0.34,1.79,0
1985-06-01,3,Queensland,1047.2,9.79,-0.111,0.121,2.58,0
1985-07-01,3,Queensland,1054.8,9.64,-0.156,-0.143,3.52,0
1985-08-01,3,Queensland,1062.3,9.45,-0.186,-0.437,4.56,0
1985-09-01,3,Queensland,1069.3,9.26,-0.195,-0.725,5.59,0
1985-10-01,3,Queensland,1075.0,9.09,-0.172,-0.97,6.42,0
1985-11-01,3,Queensland,1079.4,8.95,-0.131,-1.141,6.94,0
1985-12-01,3,Queensland,1083.0,8.88,-0.072,-1.215,7.15,0
1986-01-01,3,Queensland,1086.6,8.87,-0.016,-1.212,7.14,0
1986-02-01,3,Queensland,1090.7,8.9,0.035,-1.15,7.0,0
1986-03-01,3,Queensland,1095.3,9.0,0.093,-1.026,6.81,0
1986-04-01,3,Queensland,1100.4,9.14,0.142,-0.839,6.57,0
1986-05-01,3,Queensland,1105.2,9.31,0.173,-0.594,6.29,0
1986-06-01,3,Queensland,1109.4,9.48,0.174,-0.309,5.94,0
1986-07-01,3,Queensland,1113.1,9.65,0.161,0.008,5.53,0
1986-08-01,3,Queensland,1116.4,9.78,0.13,0.324,5.08,0
1986-09-01,3,Queensland,1119.7,9.85,0.071,0.59,4.71,0
1986-10-01,3,Queensland,1123.4,9.86,0.016,0.777,4.5,0
1986-11-01,3,Queensland,1127.2,9.85,-0.012,0.895,4.43,0
1986-12-01,3,Queensland,1130.3,9.84,-0.011,0.956,4.37,0
1987-01-01,3,Queensland,1131.8,9.85,0.007,0.979,4.16,0
1987-02-01,3,Queensland,1131.7,9.87,0.024,0.967,3.76,0
1987-03-01,3,Queensland,1130.7,9.88,0.015,0.889,3.23,0
1987-04-01,3,Queensland,1129.6,9.88,-0.006,0.742,2.66,0
1987-05-01,3,Queensland,1129.0,9.85,-0.027,0.542,2.16,0
1987-06-01,3,Queensland,1129.0,9.81,-0.045,0.324,1.76,0
1987-07-01,3,Queensland,1129.5,9.76,-0.049,0.114,1.47,0
1987-08-01,3,Queensland,1130.6,9.72,-0.042,-0.058,1.27,0
1987-09-01,3,Queensland,1132.3,9.69,-0.028,-0.157,1.13,0
1987-10-01,3,Queensland,1134.8,9.65,-0.036,-0.209,1.02,0
1987-11-01,3,Queensland,1138.8,9.59,-0.062,-0.259,1.03,0
1987-12-01,3,Queensland,1144.9,9.49,-0.099,-0.346,1.3,0
1988-01-01,3,Queensland,1153.2,9.35,-0.142,-0.495,1.89,0
1988-02-01,3,Queensland,1162.9,9.17,-0.18,-0.699,2.76,0
1988-03-01,3,Queensland,1172.6,8.96,-0.215,-0.929,3.71,0
1988-04-01,3,Queensland,1181.5,8.71,-0.245,-1.168,4.59,0
1988-05-01,3,Queensland,1189.2,8.45,-0.258,-1.399,5.33,0
1988-06-01,3,Queensland,1195.7,8.2,-0.254,-1.609,5.91,0
1988-07-01,3,Queensland,1201.5,7.98,-0.222,-1.783,6.37,0
1988-08-01,3,Queensland,1207.5,7.81,-0.171,-1.912,6.8,0
1988-09-01,3,Queensland,1214.5,7.69,-0.111,-1.995,7.26,0
1988-10-01,3,Queensland,1222.5,7.62,-0.073,-2.032,7.72,0
1988-11-01,3,Queensland,1230.8,7.55,-0.07,-2.041,8.08,0
1988-12-01,3,Queensland,1238.6,7.46,-0.093,-2.034,8.18,0
1989-01-01,3,Queensland,1245.6,7.33,-0.125,-2.017,8.01,0
1989-02-01,3,Queensland,1252.2,7.17,-0.16,-1.997,7.68,0
1989-03-01,3,Queensland,1258.3,7.0,-0.169,-1.952,7.31,0
1989-04-01,3,Queensland,1264.2,6.86,-0.145,-1.853,7.0,0
1989-05-01,3,Queensland,1269.8,6.77,-0.092,-1.686,6.78,0
1989-06-01,3,Queensland,1275.3,6.74,-0.027,-1.459,6.66,0
1989-07-01,3,Queensland,1280.9,6.75,0.014,-1.223,6.61,0
1989-08-01,3,Queensland,1286.6,6.77,0.021,-1.031,6.55,0
1989-09-01,3,Queensland,1292.4,6.78,0.008,-0.912,6.42,0
1989-10-01,3,Queensland,1298.4,6.77,-0.008,-0.847,6.21,0
1989-11-01,3,Queensland,1304.1,6.77,-0.006,-0.782,5.96,0
1989-12-01,3,Queensland,1309.1,6.79,0.018,-0.671,5.69,0
1990-01-01,3,Queensland,1312.8,6.86,0.071,-0.476,5.39,0
1990-02-01,3,Queensland,1315.2,6.99,0.137,-0.179,5.03,0
1990-03-01,3,Queensland,1316.6,7.2,0.202,0.192,4.63,0
1990-04-01,3,Queensland,1317.5,7.43,0.236,0.574,4.21,0
1990-05-01,3,Queensland,1318.4,7.68,0.246,0.912,3.83,0
1990-06-01,3,Queensland,1319.4,7.92,0.242,1.181,3.45,0
1990-07-01,3,Queensland,1320.0,8.16,0.236,1.403,3.05,0
1990-08-01,3,Queensland,1319.8,8.38,0.221,1.603,2.58,0
1990-09-01,3,Queensland,1318.2,8.58,0.198,1.793,1.99,0
1990-10-01,3,Queensland,1314.8,8.76,0.188,1.989,1.27,0
1990-11-01,3,Queensland,1310.0,8.96,0.201,2.195,0.45,0
1990-12-01,3,Queensland,1304.4,9.21,0.242,2.418,-0.36,0
1991-01-01,3,Queensland,1298.8,9.49,0.282,2.63,-1.06,0
1991-02-01,3,Queensland,1294.4,9.78,0.296,2.789,-1.58,0
1991-03-01,3,Queensland,1291.9,10.04,0.261,2.848,-1.87,0
1991-04-01,3,Queensland,1291.1,10.22,0.173,2.785,-2.0,0
1991-05-01,3,Queensland,1291.9,10.27,0.055,2.594,-2.02,0
1991-06-01,3,Queensland,1293.5,10.2,-0.071,2.281,-1.96,0
1991-07-01,3,Queensland,1295.8,10.05,-0.153,1.892,-1.83,0
1991-08-01,3,Queensland,1298.4,9.88,-0.166,1.505,-1.62,0
1991-09-01,3,Queensland,1301.3,9.78,-0.102,1.205,-1.28,0
1991-10-01,3,Queensland,1304.5,9.77,-0.01,1.007,-0.78,0
1991-11-01,3,Queensland,1307.8,9.84,0.066,0.872,-0.17,0
1991-12-01,3,Queensland,1310.9,9.93,0.097,0.727,0.5,0
1992-01-01,3,Queensland,1313.7,10.03,0.093,0.538,1.15,0
1992-02-01,3,Queensland,1315.7,10.11,0.087,0.329,1.64,0
1992-03-01,3,Queensland,1317.2,10.18,0.066,0.134,1.96,0
1992-04-01,3,Queensland,1318.8,10.23,0.053,0.014,2.15,0
1992-05-01,3,Queensland,1321.3,10.27,0.04,-0.001,2.28,0
1992-06-01,3,Queensland,1324.8,10.3,0.028,0.098,2.42,0
1992-07-01,3,Queensland,1329.0,10.33,0.03,0.281,2.56,0
1992-08-01,3,Queensland,1333.1,10.37,0.041,0.488,2.67,0
1992-09-01,3,Queensland,1336.4,10.43,0.056,0.646,2.7,0
1992-10-01,3,Queensland,1339.1,10.5,0.071,0.727,2.65,0
1992-11-01,3,Queensland,1341.4,10.57,0.068,0.73,2.57,0
1992-12-01,3,Queensland,1343.8,10.6,0.038,0.671,2.51,0
1993-01-01,3,Queensland,1346.4,10.6,-0.005,0.573,2.49,0
1993-02-01,3,Queensland,1349.2,10.54,-0.058,0.428,2.55,0
1993-03-01,3,Queensland,1351.4,10.47,-0.071,0.291,2.6,0
1993-04-01,3,Queensland,1352.8,10.43,-0.036,0.202,2.58,0
1993-05-01,3,Queensland,1353.9,10.43,0.001,0.163,2.46,0
1993-06-01,3,Queensland,1355.2,10.46,0.031,0.166,2.29,0
1993-07-01,3,Queensland,1357.7,10.49,0.027,0.163,2.16,0
1993-08-01,3,Queensland,1361.7,10.49,-0.003,0.119,2.15,0
1993-09-01,3,Queensland,1366.8,10.44,-0.044,0.019,2.27,0
1993-10-01,3,Queensland,1372.8,10.36,-0.086,-0.138,2.52,0
1993-11-01,3,Queensland,1378.7,10.26,-0.104,-0.31,2.78,0
1993-12-01,3,Queensland,1384.4,10.15,-0.109,-0.458,3.02,0
1994-01-01,3,Queensland,1390.1,10.01,-0.132,-0.585,3.24,0
1994-02-01,3,Queensland,1395.8,9.86,-0.157,-0.684,3.45,0
1994-03-01,3,Queensland,1401.8,9.68,-0.178,-0.79,3.73,0
1994-04-01,3,Queensland,1408.3,9.49,-0.188,-0.942,4.1,0
1994-05-01,3,Queensland,1415.3,9.32,-0.176,-1.119,4.54,0
1994-06-01,3,Queensland,1422.3,9.17,-0.145,-1.294,4.95,0
1994-07-01,3,Queensland,1429.1,9.05,-0.122,-1.443,5.26,0
1994-08-01,3,Queensland,1435.2,8.94,-0.114,-1.554,5.4,0
1994-09-01,3,Queensland,1440.6,8.81,-0.123,-1.633,5.4,0
1994-10-01,3,Queensland,1445.6,8.68,-0.13,-1.677,5.3,0
1994-11-01,3,Queensland,1450.9,8.56,-0.127,-1.7,5.23,0
1994-12-01,3,Queensland,1456.9,8.46,-0.096,-1.687,5.23,0
1995-01-01,3,Queensland,1463.4,8.43,-0.032,-1.586,5.28,0
1995-02-01,3,Queensland,1470.1,8.46,0.03,-1.399,5.33,0
1995-03-01,3,Queensland,1476.5,8.53,0.073,-1.149,5.33,0
1995-04-01,3,Queensland,1481.7,8.63,0.096,-0.865,5.21,0
1995-05-01,3,Queensland,1485.2,8.73,0.106,-0.583,4.94,0
1995-06-01,3,Queensland,1487.3,8.85,0.116,-0.322,4.57,0
1995-07-01,3,Queensland,1488.5,8.96,0.116,-0.084,4.16,0
1995-08-01,3,Queensland,1489.6,9.09,0.121,0.151,3.79,0
1995-09-01,3,Queensland,1491.2,9.2,0.113,0.387,3.51,0
1995-10-01,3,Queensland,1493.1,9.28,0.079,0.596,3.28,0
1995-11-01,3,Queensland,1495.1,9.31,0.033,0.756,3.05,0
1995-12-01,3,Queensland,1497.1,9.3,-0.009,0.843,2.76,0
1996-01-01,3,Queensland,1498.9,9.26,-0.04,0.835,2.43,0
1996-02-01,3,Queensland,1500.3,9.22,-0.039,0.766,2.05,0
1996-03-01,3,Queensland,1501.4,9.22,0.0,0.693,1.69,0
1996-04-01,3,Queensland,1502.7,9.26,0.042,0.638,1.42,0
1996-05-01,3,Queensland,1504.4,9.34,0.077,0.609,1.29,0
1996-06-01,3,Queensland,1506.1,9.43,0.085,0.578,1.27,0
1996-07-01,3,Queensland,1507.8,9.49,0.061,0.523,1.3,0
1996-08-01,3,Queensland,1509.3,9.51,0.024,0.425,1.32,0
1996-09-01,3,Queensland,1510.4,9.5,-0.015,0.298,1.29,0
1996-10-01,3,Queensland,1511.2,9.47,-0.029,0.19,1.22,0
1996-11-01,3,Queensland,1511.5,9.45,-0.015,0.141,1.1,0
1996-12-01,3,Queensland,1510.9,9.48,0.024,0.174,0.93,0
1997-01-01,3,Queensland,1510.0,9.53,0.056,0.27,0.74,0
1997-02-01,3,Queensland,1509.6,9.58,0.051,0.36,0.62,0
1997-03-01,3,Queensland,1510.3,9.6,0.014,0.374,0.59,0
1997-04-01,3,Queensland,1512.4,9.56,-0.04,0.292,0.64,0
1997-05-01,3,Queensland,1516.1,9.46,-0.1,0.116,0.78,0
1997-06-01,3,Queensland,1521.6,9.31,-0.146,-0.116,1.02,0
1997-07-01,3,Queensland,1528.0,9.16,-0.153,-0.33,1.34,0
1997-08-01,3,Queensland,1534.4,9.02,-0.139,-0.493,1.66,0
1997-09-01,3,Queensland,1540.5,8.9,-0.113,-0.592,1.99,0
1997-10-01,3,Queensland,1546.2,8.82,-0.085,-0.647,2.31,0
1997-11-01,3,Queensland,1551.6,8.74,-0.078,-0.71,2.65,0
1997-12-01,3,Queensland,1557.0,8.64,-0.1,-0.833,3.05,0
1998-01-01,3,Queensland,1562.1,8.52,-0.124,-1.014,3.45,0
1998-02-01,3,Queensland,1566.4,8.41,-0.11,-1.174,3.76,0
1998-03-01,3,Queensland,1569.3,8.33,-0.077,-1.265,3.91,0
1998-04-01,3,Queensland,1570.7,8.31,-0.024,-1.25,3.86,0
1998-05-01,3,Queensland,1570.6,8.35,0.043,-1.107,3.6,0
1998-06-01,3,Queensland,1570.0,8.44,0.085,-0.876,3.18,0
1998-07-01,3,Queensland,1570.4,8.51,0.077,-0.645,2.77,0
1998-08-01,3,Queensland,1572.8,8.54,0.031,-0.474,2.5,0
1998-09-01,3,Queensland,1577.3,8.5,-0.048,-0.409,2.39,0
1998-10-01,3,Queensland,1582.8,8.36,-0.134,-0.459,2.37,0
1998-11-01,3,Queensland,1588.7,8.16,-0.201,-0.582,2.39,0
1998-12-01,3,Queensland,1594.0,7.93,-0.23,-0.712,2.38,0
1999-01-01,3,Queensland,1598.1,7.72,-0.208,-0.795,2.31,0
1999-02-01,3,Queensland,1601.1,7.57,-0.153,-0.838,2.22,0
1999-03-01,3,Queensland,1603.5,7.49,-0.084,-0.845,2.18,0
1999-04-01,3,Queensland,1605.1,7.47,-0.018,-0.839,2.19,0
1999-05-01,3,Queensland,1606.2,7.5,0.032,-0.851,2.26,0
1999-06-01,3,Queensland,1606.7,7.57,0.067,-0.869,2.34,0
1999-07-01,3,Queensland,1607.1,7.65,0.087,-0.859,2.34,0
1999-08-01,3,Queensland,1608.0,7.75,0.095,-0.795,2.23,0
1999-09-01,3,Queensland,1609.7,7.84,0.087,-0.66,2.05,0
1999-10-01,3,Queensland,1612.2,7.9,0.064,-0.462,1.86,0
1999-11-01,3,Queensland,1615.1,7.94,0.037,-0.224,1.66,0
1999-12-01,3,Queensland,1618.0,7.94,0.008,0.014,1.51,0
2000-01-01,3,Queensland,1621.3,7.91,-0.038,0.183,1.45,0
2000-02-01,3,Queensland,1625.2,7.82,-0.086,0.25,1.5,0
2000-03-01,3,Queensland,1630.3,7.7,-0.118,0.216,1.68,0
2000-04-01,3,Queensland,1636.7,7.57,-0.133,0.102,1.97,0
2000-05-01,3,Queensland,1643.9,7.43,-0.136,-0.066,2.35,0
2000-06-01,3,Queensland,1650.1,7.32,-0.109,-0.242,2.7,0
2000-07-01,3,Queensland,1653.6,7.28,-0.049,-0.378,2.89,0
2000-08-01,3,Queensland,1654.0,7.3,0.022,-0.451,2.86,0
2000-09-01,3,Queensland,1651.6,7.39,0.096,-0.442,2.6,0
2000-10-01,3,Queensland,1647.9,7.54,0.149,-0.357,2.22,0
2000-11-01,3,Queensland,1644.6,7.71,0.17,-0.224,1.83,0
2000-12-01,3,Queensland,1642.9,7.89,0.18,-0.051,1.54,0
2001-01-01,3,Queensland,1643.4,8.08,0.183,0.17,1.37,0
2001-02-01,3,Queensland,1645.8,8.24,0.163,0.419,1.26,0
2001-03-01,3,Queensland,1649.3,8.35,0.109,0.646,1.16,0
2001-04-01,3,Queensland,1653.2,8.57,0.219,0.997,1.01,0
2001-05-01,3,Queensland,1656.8,8.52,-0.045,1.088,0.78,0
2001-06-01,3,Queensland,1659.8,8.43,-0.096,1.101,0.59,0
2001-07-01,3,Queensland,1662.7,8.32,-0.105,1.045,0.55,0
2001-08-01,3,Queensland,1665.4,8.25,-0.072,0.951,0.69,0
2001-09-01,3,Queensland,1668.5,8.23,-0.021,0.834,1.02,0
2001-10-01,3,Queensland,1672.5,8.24,0.009,0.693,1.49,0
2001-11-01,3,Queensland,1677.5,8.23,-0.008,0.515,2.0,0
2001-12-01,3,Queensland,1683.1,8.16,-0.066,0.269,2.45,0
2002-01-01,3,Queensland,1689.0,8.04,-0.125,-0.039,2.78,0
2002-02-01,3,Queensland,1694.8,7.88,-0.158,-0.36,2.98,0
2002-03-01,3,Queensland,1700.5,7.72,-0.16,-0.629,3.1,0
2002-04-01,3,Queensland,1706.2,7.58,-0.138,-0.987,3.2,0
2002-05-01,3,Queensland,1712.4,7.48,-0.097,-1.038,3.36,0
2002-06-01,3,Queensland,1719.2,7.42,-0.061,-1.004,3.58,0
2002-07-01,3,Queensland,1726.0,7.39,-0.033,-0.932,3.81,0
2002-08-01,3,Queensland,1732.7,7.37,-0.022,-0.881,4.04,0
2002-09-01,3,Queensland,1739.5,7.33,-0.032,-0.892,4.26,0
2002-10-01,3,Queensland,1746.0,7.29,-0.042,-0.943,4.4,0
2002-11-01,3,Queensland,1752.0,7.25,-0.039,-0.974,4.44,0
2002-12-01,3,Queensland,1757.4,7.21,-0.04,-0.948,4.41,0
2003-01-01,3,Queensland,1762.0,7.17,-0.049,-0.872,4.32,0
2003-02-01,3,Queensland,1765.6,7.11,-0.055,-0.768,4.18,0
2003-03-01,3,Queensland,1768.5,7.05,-0.06,-0.668,4.0,0
2003-04-01,3,Queensland,1771.1,6.98,-0.072,-0.601,3.8,0
2003-05-01,3,Queensland,1774.2,6.89,-0.089,-0.593,3.61,0
2003-06-01,3,Queensland,1778.4,6.78,-0.111,-0.643,3.45,0
2003-07-01,3,Queensland,1784.0,6.65,-0.127,-0.737,3.36,0
2003-08-01,3,Queensland,1790.9,6.51,-0.143,-0.858,3.36,0
2003-09-01,3,Queensland,1798.0,6.37,-0.144,-0.97,3.36,0
2003-10-01,3,Queensland,1804.6,6.23,-0.133,-1.06,3.35,0
2003-11-01,3,Queensland,1809.9,6.13,-0.106,-1.128,3.3,0
2003-12-01,3,Queensland,1813.9,6.05,-0.071,-1.159,3.21,0
2004-01-01,3,Queensland,1816.8,6.01,-0.047,-1.158,3.11,0
2004-02-01,3,Queensland,1819.8,5.96,-0.045,-1.148,3.07,0
2004-03-01,3,Queensland,1823.4,5.9,-0.064,-1.153,3.11,0
2004-04-01,3,Queensland,1828.2,5.81,-0.087,-1.169,3.22,0
2004-05-01,3,Queensland,1834.3,5.69,-0.117,-1.196,3.39,0
2004-06-01,3,Queensland,1841.8,5.55,-0.141,-1.226,3.56,0
2004-07-01,3,Queensland,1850.5,5.4,-0.152,-1.251,3.73,0
2004-08-01,3,Queensland,1860.2,5.26,-0.144,-1.252,3.87,0
2004-09-01,3,Queensland,1870.5,5.13,-0.126,-1.234,4.03,0
2004-10-01,3,Queensland,1881.4,5.01,-0.125,-1.226,4.26,0
2004-11-01,3,Queensland,1893.1,4.89,-0.12,-1.239,4.6,0
2004-12-01,3,Queensland,1905.2,4.79,-0.097,-1.265,5.03,0
2005-01-01,3,Queensland,1916.9,4.73,-0.058,-1.276,5.51,0
2005-02-01,3,Queensland,1928.0,4.71,-0.021,-1.252,5.95,0
2005-03-01,3,Queensland,1938.2,4.73,0.022,-1.165,6.3,0
2005-04-01,3,Queensland,1947.3,4.78,0.05,-1.027,6.52,0
2005-05-01,3,Queensland,1955.0,4.84,0.057,-0.854,6.58,0
2005-06-01,3,Queensland,1961.3,4.88,0.037,-0.676,6.49,0
2005-07-01,3,Queensland,1966.1,4.87,-0.007,-0.531,6.24,0
2005-08-01,3,Queensland,1969.4,4.82,-0.047,-0.434,5.87,0
2005-09-01,3,Queensland,1971.4,4.77,-0.049,-0.357,5.39,0
2005-10-01,3,Queensland,1972.5,4.76,-0.011,-0.243,4.84,0
2005-11-01,3,Queensland,1973.5,4.79,0.027,-0.097,4.25,0
2005-12-01,3,Queensland,1975.5,4.83,0.04,0.04,3.69,0
2006-01-01,3,Queensland,1979.3,4.86,0.03,0.128,3.26,0
2006-02-01,3,Queensland,1985.0,4.85,-0.007,0.143,2.96,0
2006-03-01,3,Queensland,1992.4,4.8,-0.052,0.068,2.8,0
2006-04-01,3,Queensland,2001.3,4.72,-0.085,-0.067,2.77,0
2006-05-01,3,Queensland,2010.9,4.62,-0.093,-0.217,2.86,0
2006-06-01,3,Queensland,2020.6,4.53,-0.091,-0.345,3.02,0
2006-07-01,3,Queensland,2029.8,4.45,-0.08,-0.418,3.24,0
2006-08-01,3,Queensland,2038.8,4.37,-0.077,-0.449,3.52,0
2006-09-01,3,Queensland,2047.9,4.29,-0.086,-0.485,3.88,0
2006-10-01,3,Queensland,2057.1,4.2,-0.089,-0.564,4.29,0
2006-11-01,3,Queensland,2066.9,4.12,-0.078,-0.668,4.73,0
2006-12-01,3,Queensland,2077.3,4.05,-0.071,-0.779,5.15,0
2007-01-01,3,Queensland,2087.9,3.97,-0.078,-0.888,5.48,0
2007-02-01,3,Queensland,2097.2,3.88,-0.088,-0.968,5.65,0
2007-03-01,3,Queensland,2104.0,3.79,-0.095,-1.011,5.6,0
2007-04-01,3,Queensland,2108.3,3.7,-0.091,-1.017,5.35,0
2007-05-01,3,Queensland,2111.0,3.63,-0.066,-0.99,4.98,0
2007-06-01,3,Queensland,2113.4,3.61,-0.023,-0.923,4.59,0
2007-07-01,3,Queensland,2116.3,3.62,0.012,-0.831,4.26,0
2007-08-01,3,Queensland,2120.4,3.65,0.032,-0.722,4.0,0
2007-09-01,3,Queensland,2125.3,3.69,0.034,-0.602,3.78,0
2007-10-01,3,Queensland,2130.7,3.7,0.016,-0.497,3.58,0
2007-11-01,3,Queensland,2135.7,3.69,-0.008,-0.427,3.33,0
2007-12-01,3,Queensland,2139.9,3.68,-0.015,-0.371,3.01,0
2008-01-01,3,Queensland,2143.7,3.68,-0.003,-0.296,2.68,0
2008-02-01,3,Queensland,2148.0,3.69,0.013,-0.195,2.42,0
2008-03-01,3,Queensland,2153.8,3.71,0.016,-0.084,2.37,0
2008-04-01,3,Queensland,2161.1,3.71,0.006,0.013,2.5,0
2008-05-01,3,Queensland,2169.3,3.7,-0.013,0.067,2.76,0
2008-06-01,3,Queensland,2177.6,3.67,-0.028,0.062,3.04,0
2008-07-01,3,Queensland,2185.6,3.63,-0.036,0.014,3.27,0
2008-08-01,3,Queensland,2192.4,3.61,-0.022,-0.04,3.4,0
2008-09-01,3,Queensland,2198.4,3.63,0.013,-0.06,3.44,0
2008-10-01,3,Queensland,2203.7,3.7,0.074,-0.003,3.43,0
2008-11-01,3,Queensland,2208.6,3.84,0.14,0.146,3.42,0
2008-12-01,3,Queensland,2212.8,4.04,0.197,0.358,3.41,0
2009-01-01,3,Queensland,2215.7,4.27,0.238,0.598,3.35,0
2009-02-01,3,Queensland,2216.3,4.54,0.265,0.85,3.18,0
2009-03-01,3,Queensland,2214.6,4.81,0.275,1.109,2.82,0
2009-04-01,3,Queensland,2211.4,5.08,0.265,1.368,2.33,0
2009-05-01,3,Queensland,2208.1,5.31,0.231,1.612,1.79,0
2009-06-01,3,Queensland,2205.2,5.5,0.19,1.83,1.27,0
2009-07-01,3,Queensland,2203.0,5.65,0.152,2.019,0.8,0
2009-08-01,3,Queensland,2201.6,5.76,0.109,2.15,0.42,0
2009-09-01,3,Queensland,2200.8,5.82,0.055,2.192,0.11,0
2009-10-01,3,Queensland,2200.5,5.82,0.002,2.12,-0.14,0
2009-11-01,3,Queensland,2201.3,5.78,-0.037,1.942,-0.33,0
2009-12-01,3,Queensland,2203.7,5.73,-0.051,1.695,-0.41,0
2010-01-01,3,Queensland,2208.3,5.68,-0.056,1.401,-0.33,0
2010-02-01,3,Queensland,2214.8,5.63,-0.05,1.086,-0.07,0
2010-03-01,3,Queensland,2222.5,5.58,-0.044,0.767,0.36,0
2010-04-01,3,Queensland,2229.8,5.54,-0.047,0.455,0.83,0
2010-05-01,3,Queensland,2235.6,5.48,-0.057,0.167,1.25,0
2010-06-01,3,Queensland,2240.0,5.41,-0.07,-0.093,1.58,0
2010-07-01,3,Queensland,2243.6,5.34,-0.066,-0.312,1.84,0
2010-08-01,3,Queensland,2247.1,5.31,-0.033,-0.453,2.07,0
2010-09-01,3,Queensland,2250.6,5.33,0.019,-0.489,2.26,0
2010-10-01,3,Queensland,2253.5,5.39,0.064,-0.427,2.41,0
2010-11-01,3,Queensland,2255.3,5.48,0.083,-0.306,2.45,0
2010-12-01,3,Queensland,2255.9,5.53,0.059,-0.197,2.37,0
2011-01-01,3,Queensland,2255.8,5.55,0.013,-0.128,2.15,0
2011-02-01,3,Queensland,2255.9,5.52,-0.028,-0.106,1.85,0
2011-03-01,3,Queensland,2257.3,5.47,-0.052,-0.115,1.56,0
2011-04-01,3,Queensland,2260.3,5.43,-0.043,-0.11,1.37,0
2011-05-01,3,Queensland,2264.6,5.41,-0.016,-0.069,1.3,0
2011-06-01,3,Queensland,2269.5,5.42,0.016,0.016,1.32,0
2011-07-01,3,Queensland,2273.6,5.46,0.04,0.122,1.34,0
2011-08-01,3,Queensland,2277.0,5.5,0.04,0.194,1.33,0
2011-09-01,3,Queensland,2279.8,5.53,0.029,0.204,1.3,0
2011-10-01,3,Queensland,2282.5,5.55,0.012,0.153,1.28,0
2011-11-01,3,Queensland,2285.0,5.54,-0.008,0.062,1.31,0
2011-12-01,3,Queensland,2287.0,5.53,-0.01,-0.007,1.38,0
2012-01-01,3,Queensland,2288.2,5.52,-0.003,-0.023,1.44,0
2012-02-01,3,Queensland,2288.4,5.53,0.002,0.007,1.44,0
2012-03-01,3,Queensland,2288.2,5.54,0.011,0.07,1.37,0
2012-04-01,3,Queensland,2287.7,5.57,0.035,0.147,1.21,0
2012-05-01,3,Queensland,2286.7,5.64,0.066,0.229,0.98,0
2012-06-01,3,Queensland,2285.5,5.73,0.09,0.303,0.71,0
2012-07-01,3,Queensland,2284.8,5.84,0.109,0.372,0.49,0
2012-08-01,3,Queensland,2285.1,5.95,0.111,0.443,0.36,0
2012-09-01,3,Queensland,2286.2,6.03,0.079,0.494,0.28,0
2012-10-01,3,Queensland,2288.2,6.06,0.032,0.514,0.25,0
2012-11-01,3,Queensland,2290.3,6.04,-0.023,0.498,0.23,0
2012-12-01,3,Queensland,2291.9,5.96,-0.076,0.432,0.22,0
2013-01-01,3,Queensland,2292.3,5.86,-0.098,0.337,0.18,0
2013-02-01,3,Queensland,2291.5,5.78,-0.078,0.258,0.14,0
2013-03-01,3,Queensland,2289.9,5.75,-0.039,0.209,0.08,0
2013-04-01,3,Queensland,2289.0,5.75,0.001,0.175,0.06,0
2013-05-01,3,Queensland,2290.4,5.78,0.029,0.138,0.16,0
2013-06-01,3,Queensland,2294.6,5.81,0.033,0.082,0.4,0
2013-07-01,3,Queensland,2300.5,5.83,0.017,-0.011,0.69,0
2013-08-01,3,Queensland,2306.6,5.83,0.005,-0.117,0.94,0
2013-09-01,3,Queensland,2310.8,5.85,0.015,-0.181,1.07,0
2013-10-01,3,Queensland,2312.5,5.87,0.028,-0.185,1.06,0
2013-11-01,3,Queensland,2312.9,5.92,0.045,-0.117,0.99,0
2013-12-01,3,Queensland,2313.6,5.98,0.062,0.02,0.94,0
2014-01-01,3,Queensland,2316.1,6.04,0.057,0.176,1.04,0
2014-02-01,3,Queensland,2321.1,6.08,0.041,0.295,1.29,0
2014-03-01,3,Queensland,2327.2,6.11,0.034,0.368,1.63,0
2014-04-01,3,Queensland,2332.8,6.15,0.039,0.405,1.91,0
2014-05-01,3,Queensland,2335.8,6.21,0.058,0.434,1.98,0
2014-06-01,3,Queensland,2335.3,6.31,0.099,0.499,1.77,0
2014-07-01,3,Queensland,2331.7,6.44,0.13,0.613,1.35,0
2014-08-01,3,Queensland,2326.5,6.56,0.124,0.731,0.86,0
2014-09-01,3,Queensland,2321.4,6.65,0.088,0.804,0.46,0
2014-10-01,3,Queensland,2317.6,6.69,0.039,0.815,0.22,0
2014-11-01,3,Queensland,2315.2,6.68,-0.006,0.764,0.1,0
2014-12-01,3,Queensland,2314.7,6.64,-0.039,0.662,0.05,0
2015-01-01,3,Queensland,2316.3,6.58,-0.06,0.545,0.01,0
2015-02-01,3,Queensland,2319.6,6.52,-0.065,0.439,-0.06,0
2015-03-01,3,Queensland,2323.6,6.46,-0.061,0.343,-0.16,0
2015-04-01,3,Queensland,2327.5,6.4,-0.053,0.251,-0.23,0
2015-05-01,3,Queensland,2331.5,6.36,-0.043,0.15,-0.19,0
2015-06-01,3,Queensland,2336.0,6.32,-0.038,0.014,0.03,0
2015-07-01,3,Queensland,2341.4,6.28,-0.041,-0.158,0.41,0
2015-08-01,3,Queensland,2347.8,6.24,-0.044,-0.326,0.91,0
2015-09-01,3,Queensland,2355.6,6.18,-0.058,-0.472,1.48,0
2015-10-01,3,Queensland,2363.7,6.1,-0.074,-0.585,1.99,0
2015-11-01,3,Queensland,2371.0,6.03,-0.071,-0.65,2.41,0
2015-12-01,3,Queensland,2375.7,5.99,-0.038,-0.649,2.64,0
2016-01-01,3,Queensland,2376.4,6.02,0.021,-0.568,2.6,0
2016-02-01,3,Queensland,2373.5,6.08,0.069,-0.433,2.33,0
2016-03-01,3,Queensland,2368.4,6.17,0.085,-0.287,1.93,0
2016-04-01,3,Queensland,2362.3,6.24,0.068,-0.166,1.5,0
2016-05-01,3,Queensland,2355.8,6.26,0.019,-0.104,1.04,0
2016-06-01,3,Queensland,2350.0,6.22,-0.04,-0.106,0.6,0
2016-07-01,3,Queensland,2346.2,6.14,-0.08,-0.145,0.21,0
2016-08-01,3,Queensland,2344.5,6.05,-0.091,-0.191,-0.14,0
2016-09-01,3,Queensland,2345.0,5.98,-0.066,-0.199,-0.45,0
2016-10-01,3,Queensland,2347.7,5.96,-0.016,-0.141,-0.68,0
2016-11-01,3,Queensland,2352.8,5.99,0.031,-0.038,-0.77,0
2016-12-01,3,Queensland,2360.3,6.04,0.045,0.045,-0.65,0
2017-01-01,3,Queensland,2369.6,6.08,0.036,0.06,-0.29,0
2017-02-01,3,Queensland,2379.7,6.09,0.015,0.006,0.26,0
2017-03-01,3,Queensland,2390.5,6.08,-0.009,-0.087,0.94,0
2017-04-01,3,Queensland,2402.0,6.05,-0.032,-0.188,1.68,0
2017-05-01,3,Queensland,2414.1,6.01,-0.044,-0.251,2.48,0
2017-06-01,3,Queensland,2426.4,5.95,-0.051,-0.262,3.25,0
2017-07-01,3,Queensland,2437.6,5.9,-0.059,-0.241,3.9,0
2017-08-01,3,Queensland,2447.2,5.83,-0.064,-0.214,4.38,0
2017-09-01,3,Queensland,2455.1,5.78,-0.05,-0.198,4.7,0
2017-10-01,3,Queensland,2461.3,5.76,-0.022,-0.204,4.84,0
2017-11-01,3,Queensland,2465.7,5.79,0.031,-0.204,4.8,0
2017-12-01,3,Queensland,2468.1,5.89,0.095,-0.154,4.57,0
2018-01-01,3,Queensland,2469.3,6.02,0.131,-0.06,4.21,0
2018-02-01,3,Queensland,2470.2,6.13,0.111,0.037,3.8,0
2018-03-01,3,Queensland,2471.5,6.19,0.063,0.109,3.39,0
2018-04-01,3,Queensland,2474.2,6.19,0.002,0.143,3.0,0
2018-05-01,3,Queensland,2478.2,6.14,-0.053,0.134,2.66,0
2018-06-01,3,Queensland,2482.8,6.06,-0.079,0.107,2.32,0
2018-07-01,3,Queensland,2487.7,5.99,-0.075,0.091,2.06,0
2018-08-01,3,Queensland,2492.6,5.94,-0.049,0.106,1.86,0
2018-09-01,3,Queensland,2496.9,5.91,-0.031,0.124,1.7,0
2018-10-01,3,Queensland,2500.6,5.89,-0.021,0.125,1.6,0
2018-11-01,3,Queensland,2504.0,5.86,-0.021,0.074,1.55,0
2018-12-01,3,Queensland,2507.9,5.83,-0.031,-0.052,1.61,0
2019-01-01,3,Queensland,2511.7,5.82,-0.017,-0.199,1.71,0
2019-02-01,3,Queensland,2514.6,5.84,0.021,-0.288,1.8,0
2019-03-01,3,Queensland,2516.5,5.9,0.062,-0.289,1.82,0
2019-04-01,3,Queensland,2517.7,5.99,0.085,-0.206,1.76,0
2019-05-01,3,Queensland,2519.4,6.09,0.099,-0.054,1.66,0
2019-06-01,3,Queensland,2522.5,6.17,0.086,0.111,1.6,0
2019-07-01,3,Queensland,2526.9,6.21,0.043,0.229,1.58,0
2019-08-01,3,Queensland,2532.2,6.2,-0.013,0.265,1.59,0
2019-09-01,3,Queensland,2537.9,6.14,-0.062,0.234,1.64,0
2019-10-01,3,Queensland,2543.3,6.05,-0.092,0.162,1.71,0
2019-11-01,3,Queensland,2547.7,5.93,-0.117,0.066,1.74,0
2019-12-01,3,Queensland,2551.0,5.81,-0.125,-0.029,1.72,0
2020-01-01,3,Queensland,2553.6,5.69,-0.113,-0.125,1.67,0
2020-02-01,3,Queensland,2556.2,5.61,-0.08,-0.227,1.65,0
2020-03-01,3,Queensland,2559.4,5.58,-0.036,-0.325,1.71,0
2020-04-01,3,Queensland,2416.5,7.36,1.788,1.378,-4.02,0
2020-05-01,3,Queensland,2423.5,7.44,0.071,1.35,-3.81,0
2020-06-01,3,Queensland,2433.4,7.54,0.101,1.365,-3.53,0
2020-07-01,3,Queensland,2446.2,7.64,0.106,1.427,-3.2,0
2020-08-01,3,Queensland,2515.0,7.56,-0.085,1.355,-0.68,0
2020-09-01,3,Queensland,2531.1,7.56,0.003,1.42,-0.27,0
2020-10-01,3,Queensland,2546.6,7.49,-0.071,1.441,0.13,0
2020-11-01,3,Queensland,2560.7,7.36,-0.127,1.431,0.51,0
2020-12-01,3,Queensland,2572.9,7.2,-0.164,1.393,0.86,0
2021-01-01,3,Queensland,2584.0,7.0,-0.2,1.306,1.19,0
2021-02-01,3,Queensland,2595.3,6.14,-0.859,0.527,1.53,0
2021-03-01,3,Queensland,2606.7,5.92,-0.217,0.346,1.85,0
2021-04-01,3,Queensland,2618.0,5.7,-0.223,-1.665,8.34,0
2021-05-01,3,Queensland,2628.7,5.48,-0.22,-1.956,8.47,0
2021-06-01,3,Queensland,2638.0,5.29,-0.192,-2.249,8.41,0
2021-07-01,3,Queensland,2645.7,5.15,-0.138,-2.492,8.16,0
2021-08-01,3,Queensland,2651.9,5.07,-0.08,-2.487,5.44,0
2021-09-01,3,Queensland,2657.8,5.03,-0.041,-2.53,5.01,0
2021-10-01,3,Queensland,2665.2,5.0,-0.034,-2.494,4.65,0
2021-11-01,3,Queensland,2674.8,4.55,-0.448,-2.814,4.45,0
2021-12-01,3,Queensland,2686.8,4.46,-0.084,-2.734,4.43,0
2022-01-01,3,Queensland,2700.2,4.36,-0.102,-2.636,4.5,0
2022-02-01,3,Queensland,2713.8,4.26,-0.102,-1.879,4.56,0
2022-03-01,3,Queensland,2727.4,4.16,-0.1,-1.762,4.63,0
2022-04-01,3,Queensland,2741.0,4.06,-0.097,-1.636,4.7,0
2022-05-01,3,Queensland,2753.5,3.96,-0.103,-1.519,4.75,0
2022-06-01,3,Queensland,2764.7,3.84,-0.125,-1.452,4.8,0
2022-07-01,3,Queensland,2773.5,3.7,-0.14,-1.454,4.83,0
2022-08-01,3,Queensland,2779.9,3.57,-0.127,-1.502,4.83,0
2022-09-01,3,Queensland,2783.9,3.49,-0.081,-1.542,4.74,0
2022-10-01,3,Queensland,2786.2,3.47,-0.014,-1.523,4.54,0
2022-11-01,3,Queensland,2788.5,3.52,0.046,-1.029,4.25,0
2022-12-01,3,Queensland,2791.8,3.6,0.084,-0.86,3.91,0
2023-01-01,3,Queensland,2796.6,3.7,0.093,-0.666,3.57,0
2023-02-01,3,Queensland,2802.9,3.78,0.08,-0.484,3.28,0
2023-03-01,3,Queensland,2809.5,3.84,0.062,-0.323,3.01,0
2023-04-01,3,Queensland,2815.6,3.88,0.044,-0.182,2.72,0
2023-05-01,3,Queensland,2821.0,3.92,0.035,-0.044,2.45,0
2023-06-01,3,Queensland,2826.0,3.96,0.043,0.124,2.22,0
2023-07-01,3,Queensland,2831.4,4.02,0.058,0.323,2.09,0
2023-08-01,3,Queensland,2837.8,4.09,0.073,0.523,2.08,0
2023-09-01,3,Queensland,2846.1,4.16,0.069,0.673,2.23,0
2023-10-01,3,Queensland,2856.5,4.21,0.047,0.735,2.52,0
2023-11-01,3,Queensland,2868.4,4.22,0.015,0.703,2.87,0
2023-12-01,3,Queensland,2880.9,4.21,-0.013,0.605,3.19,0
2024-01-01,3,Queensland,2892.9,4.17,-0.041,0.472,3.44,0
2024-02-01,3,Queensland,2903.3,4.12,-0.049,0.343,3.58,0
2024-03-01,3,Queensland,2911.7,4.08,-0.035,0.246,3.64,0
2024-04-01,3,Queensland,2918.1,4.08,-0.005,0.197,3.64,0
2024-05-01,3,Queensland,2922.9,4.1,0.017,0.179,3.61,0
2024-06-01,3,Queensland,2927.6,4.11,0.015,0.151,3.6,0
2024-07-01,3,Queensland,2933.3,4.1,-0.008,0.084,3.6,0
2024-08-01,3,Queensland,2941.1,4.07,-0.036,-0.025,3.64,0
2024-09-01,3,Queensland,2950.0,4.01,-0.052,-0.146,3.65,0
2024-10-01,3,Queensland,2958.5,3.97,-0.046,-0.239,3.57,0
2024-11-01,3,Queensland,2965.7,3.94,-0.029,-0.283,3.39,0
2024-12-01,3,Queensland,2971.5,3.94,0.0,-0.27,3.15,0
2025-01-01,3,Queensland,2976.5,3.96,0.024,-0.205,2.89,0
2025-02-01,3,Queensland,2981.7,4.0,0.035,-0.121,2.7,0
2025-03-01,3,Queensland,2987.5,4.02,0.026,-0.06,2.6,0
2025-04-01,3,Queensland,2993.1,4.04,0.017,-0.038,2.57,0
2025-05-01,3,Queensland,2997.6,4.06,0.016,-0.04,2.55,0
2025-06-01,3,Queensland,2999.7,4.08,0.028,-0.026,2.46,0
2025-07-01,3,Queensland,2999.0,4.12,0.036,0.019,2.24,0
2025-08-01,3,Queensland,2996.9,4.15,0.029,0.084,1.9,0
2025-09-01,3,Queensland,2995.2,4.17,0.02,0.156,1.53,0
2025-10-01,3,Queensland,2995.7,4.18,0.006,0.207,1.26,0
2025-11-01,3,Queensland,2998.8,4.17,-0.004,0.232,1.12,0
2025-12-01,3,Queensland,3004.0,4.16,-0.01,0.222,1.1,0
2026-01-01,3,Queensland,3010.4,4.15,-0.007,0.192,1.14,0
2026-02-01,3,Queensland,3017.5,4.15,-0.001,0.156,1.2,0
2026-03-01,3,Queensland,3025.0,4.15,-0.002,0.128,1.25,0
2026-04-01,3,Queensland,3032.9,4.15,-0.005,0.106,1.33,0
2026-05-01,3,Queensland,3041.2,4.14,-0.006,0.084,1.46,0
2026-06-01,3,Queensland,3050.0,4.13,-0.006,0.049,1.68,1
1978-02-01,4,South Australia,555.2,6.49,,,,0
1978-03-01,4,South Australia,556.8,6.54,0.055,,,0
1978-04-01,4,South Australia,558.1,6.63,0.084,,,0
1978-05-01,4,South Australia,559.3,6.73,0.103,,,0
1978-06-01,4,South Australia,560.1,6.88,0.145,,,0
1978-07-01,4,South Australia,559.9,7.08,0.199,,,0
1978-08-01,4,South Australia,559.0,7.29,0.219,,,0
1978-09-01,4,South Australia,557.9,7.48,0.184,,,0
1978-10-01,4,South Australia,557.0,7.6,0.124,,,0
1978-11-01,4,South Australia,556.6,7.66,0.062,,,0
1978-12-01,4,South Australia,556.4,7.67,0.003,,,0
1979-01-01,4,South Australia,556.2,7.64,-0.029,,,0
1979-02-01,4,South Australia,555.8,7.6,-0.043,1.107,0.11,0
1979-03-01,4,South Australia,555.4,7.55,-0.043,1.009,-0.26,0
1979-04-01,4,South Australia,555.0,7.51,-0.044,0.881,-0.56,0
1979-05-01,4,South Australia,555.1,7.47,-0.041,0.737,-0.77,0
1979-06-01,4,South Australia,555.3,7.44,-0.033,0.559,-0.84,0
1979-07-01,4,South Australia,555.6,7.41,-0.028,0.332,-0.78,0
1979-08-01,4,South Australia,555.4,7.39,-0.018,0.095,-0.64,0
1979-09-01,4,South Australia,554.8,7.38,-0.009,-0.097,-0.54,0
1979-10-01,4,South Australia,554.0,7.37,-0.012,-0.234,-0.55,0
1979-11-01,4,South Australia,553.1,7.36,-0.011,-0.307,-0.63,0
1979-12-01,4,South Australia,552.5,7.38,0.018,-0.293,-0.71,0
1980-01-01,4,South Australia,552.0,7.44,0.062,-0.202,-0.75,0
1980-02-01,4,South Australia,551.6,7.56,0.118,-0.04,-0.76,0
1980-03-01,4,South Australia,551.3,7.72,0.163,0.166,-0.72,0
1980-04-01,4,South Australia,551.4,7.89,0.167,0.377,-0.66,0
1980-05-01,4,South Australia,551.7,8.02,0.137,0.555,-0.6,0
1980-06-01,4,South Australia,552.3,8.1,0.08,0.669,-0.54,0
1980-07-01,4,South Australia,553.1,8.12,0.015,0.711,-0.45,0
1980-08-01,4,South Australia,553.6,8.08,-0.042,0.687,-0.33,0
1980-09-01,4,South Australia,553.9,7.99,-0.091,0.605,-0.17,0
1980-10-01,4,South Australia,554.1,7.86,-0.121,0.496,0.03,0
1980-11-01,4,South Australia,554.4,7.75,-0.117,0.389,0.24,0
1980-12-01,4,South Australia,555.2,7.66,-0.089,0.283,0.48,0
1981-01-01,4,South Australia,556.5,7.6,-0.056,0.165,0.8,0
1981-02-01,4,South Australia,558.1,7.58,-0.02,0.026,1.17,0
1981-03-01,4,South Australia,559.5,7.61,0.026,-0.112,1.48,0
1981-04-01,4,South Australia,560.7,7.66,0.052,-0.227,1.7,0
1981-05-01,4,South Australia,561.8,7.72,0.057,-0.308,1.82,0
1981-06-01,4,South Australia,562.7,7.77,0.057,-0.331,1.87,0
1981-07-01,4,South Australia,563.5,7.82,0.05,-0.296,1.88,0
1981-08-01,4,South Australia,564.1,7.87,0.045,-0.208,1.89,0
1981-09-01,4,South Australia,564.5,7.92,0.049,-0.068,1.92,0
1981-10-01,4,South Australia,564.8,7.96,0.045,0.099,1.92,0
1981-11-01,4,South Australia,564.9,7.97,0.007,0.223,1.89,0
1981-12-01,4,South Australia,565.1,7.93,-0.042,0.271,1.79,0
1982-01-01,4,South Australia,565.4,7.86,-0.071,0.256,1.6,0
1982-02-01,4,South Australia,565.4,7.78,-0.08,0.196,1.31,0
1982-03-01,4,South Australia,564.9,7.71,-0.067,0.103,0.96,0
1982-04-01,4,South Australia,563.7,7.69,-0.018,0.034,0.52,0
1982-05-01,4,South Australia,561.7,7.74,0.044,0.02,-0.02,0
1982-06-01,4,South Australia,559.6,7.83,0.092,0.055,-0.55,0
1982-07-01,4,South Australia,557.9,7.99,0.157,0.162,-0.99,0
1982-08-01,4,South Australia,556.7,8.22,0.234,0.351,-1.3,0
1982-09-01,4,South Australia,555.9,8.53,0.309,0.611,-1.53,0
1982-10-01,4,South Australia,555.0,8.91,0.385,0.951,-1.73,0
1982-11-01,4,South Australia,553.5,9.35,0.439,1.383,-2.02,0
1982-12-01,4,South Australia,551.4,9.8,0.448,1.873,-2.43,0
1983-01-01,4,South Australia,548.9,10.22,0.42,2.364,-2.91,0
1983-02-01,4,South Australia,546.2,10.6,0.381,2.825,-3.39,0
1983-03-01,4,South Australia,543.7,10.92,0.316,3.208,-3.74,0
1983-04-01,4,South Australia,541.9,11.14,0.219,3.445,-3.87,0
1983-05-01,4,South Australia,540.9,11.23,0.097,3.498,-3.7,0
1983-06-01,4,South Australia,540.8,11.2,-0.036,3.37,-3.36,0
1983-07-01,4,South Australia,541.5,11.04,-0.158,3.055,-2.94,0
1983-08-01,4,South Australia,543.2,10.8,-0.243,2.579,-2.43,0
1983-09-01,4,South Australia,545.7,10.54,-0.256,2.013,-1.83,0
1983-10-01,4,South Australia,548.6,10.33,-0.208,1.421,-1.16,0
1983-11-01,4,South Australia,551.5,10.21,-0.128,0.853,-0.38,0
1983-12-01,4,South Australia,554.1,10.15,-0.06,0.345,0.49,0
1984-01-01,4,South Australia,556.5,10.1,-0.048,-0.124,1.38,0
1984-02-01,4,South Australia,558.6,10.02,-0.082,-0.587,2.26,0
1984-03-01,4,South Australia,560.6,9.89,-0.129,-1.032,3.1,0
1984-04-01,4,South Australia,562.5,9.74,-0.145,-1.396,3.81,0
1984-05-01,4,South Australia,564.3,9.61,-0.127,-1.62,4.32,0
1984-06-01,4,South Australia,565.9,9.53,-0.081,-1.665,4.64,0
1984-07-01,4,South Australia,567.3,9.51,-0.019,-1.526,4.76,0
1984-08-01,4,South Australia,568.3,9.56,0.044,-1.24,4.63,0
1984-09-01,4,South Australia,569.3,9.62,0.061,-0.923,4.33,0
1984-10-01,4,South Australia,570.6,9.64,0.022,-0.693,4.01,0
1984-11-01,4,South Australia,572.0,9.6,-0.038,-0.603,3.72,0
1984-12-01,4,South Australia,573.5,9.49,-0.111,-0.655,3.49,0
1985-01-01,4,South Australia,575.0,9.33,-0.166,-0.772,3.33,0
1985-02-01,4,South Australia,576.6,9.13,-0.191,-0.881,3.23,0
1985-03-01,4,South Australia,578.1,8.95,-0.186,-0.937,3.12,0
1985-04-01,4,South Australia,579.4,8.81,-0.144,-0.936,2.99,0
1985-05-01,4,South Australia,580.4,8.71,-0.096,-0.905,2.86,0
1985-06-01,4,South Australia,581.5,8.66,-0.053,-0.876,2.76,0
1985-07-01,4,South Australia,582.7,8.62,-0.038,-0.895,2.73,0
1985-08-01,4,South Australia,584.0,8.58,-0.038,-0.976,2.75,0
1985-09-01,4,South Australia,585.3,8.54,-0.045,-1.081,2.8,0
1985-10-01,4,South Australia,586.6,8.49,-0.045,-1.149,2.81,0
1985-11-01,4,South Australia,588.2,8.45,-0.047,-1.158,2.83,0
1985-12-01,4,South Australia,590.2,8.41,-0.036,-1.082,2.92,0
1986-01-01,4,South Australia,592.7,8.39,-0.021,-0.937,3.08,0
1986-02-01,4,South Australia,595.7,8.37,-0.018,-0.764,3.32,0
1986-03-01,4,South Australia,599.1,8.35,-0.02,-0.598,3.63,0
1986-04-01,4,South Australia,602.2,8.34,-0.015,-0.47,3.94,0
1986-05-01,4,South Australia,604.4,8.37,0.032,-0.342,4.13,0
1986-06-01,4,South Australia,605.4,8.47,0.103,-0.187,4.11,0
1986-07-01,4,South Australia,605.6,8.63,0.164,0.015,3.92,0
1986-08-01,4,South Australia,605.4,8.82,0.181,0.234,3.67,0
1986-09-01,4,South Australia,605.4,8.96,0.141,0.419,3.43,0
1986-10-01,4,South Australia,605.6,9.03,0.077,0.541,3.23,0
1986-11-01,4,South Australia,606.0,9.05,0.012,0.6,3.02,0
1986-12-01,4,South Australia,606.3,9.03,-0.018,0.617,2.73,0
1987-01-01,4,South Australia,606.5,9.0,-0.023,0.616,2.32,0
1987-02-01,4,South Australia,606.5,8.99,-0.01,0.624,1.8,0
1987-03-01,4,South Australia,606.6,9.01,0.018,0.662,1.26,0
1987-04-01,4,South Australia,607.0,9.05,0.034,0.71,0.8,0
1987-05-01,4,South Australia,607.7,9.06,0.013,0.691,0.54,0
1987-06-01,4,South Australia,608.3,9.04,-0.014,0.574,0.47,0
1987-07-01,4,South Australia,608.5,9.03,-0.018,0.392,0.49,0
1987-08-01,4,South Australia,608.6,9.01,-0.02,0.19,0.52,0
1987-09-01,4,South Australia,608.5,9.0,-0.01,0.04,0.52,0
1987-10-01,4,South Australia,608.5,8.98,-0.018,-0.055,0.49,0
1987-11-01,4,South Australia,608.9,8.95,-0.025,-0.091,0.48,0
1987-12-01,4,South Australia,609.7,8.93,-0.028,-0.101,0.56,0
1988-01-01,4,South Australia,611.1,8.92,-0.011,-0.089,0.76,0
1988-02-01,4,South Australia,612.6,8.92,0.007,-0.072,1.02,0
1988-03-01,4,South Australia,614.3,8.93,0.003,-0.087,1.27,0
1988-04-01,4,South Australia,616.1,8.91,-0.011,-0.132,1.49,0
1988-05-01,4,South Australia,617.9,8.89,-0.023,-0.168,1.68,0
1988-06-01,4,South Australia,620.0,8.82,-0.068,-0.222,1.92,0
1988-07-01,4,South Australia,622.4,8.68,-0.14,-0.344,2.27,0
1988-08-01,4,South Australia,625.0,8.49,-0.191,-0.515,2.7,0
1988-09-01,4,South Australia,627.7,8.29,-0.198,-0.703,3.16,0
1988-10-01,4,South Australia,630.5,8.12,-0.172,-0.857,3.61,0
1988-11-01,4,South Australia,633.0,7.99,-0.134,-0.967,3.97,0
1988-12-01,4,South Australia,635.4,7.88,-0.107,-1.045,4.22,0
1989-01-01,4,South Australia,637.7,7.79,-0.089,-1.124,4.35,0
1989-02-01,4,South Australia,639.6,7.71,-0.081,-1.212,4.39,0
1989-03-01,4,South Australia,641.1,7.63,-0.078,-1.293,4.35,0
1989-04-01,4,South Australia,642.5,7.53,-0.105,-1.387,4.29,0
1989-05-01,4,South Australia,644.1,7.39,-0.136,-1.5,4.23,0
1989-06-01,4,South Australia,645.8,7.25,-0.139,-1.571,4.17,0
1989-07-01,4,South Australia,647.5,7.13,-0.125,-1.555,4.04,0
1989-08-01,4,South Australia,649.2,7.01,-0.117,-1.481,3.86,0
1989-09-01,4,South Australia,650.4,6.92,-0.094,-1.377,3.61,0
1989-10-01,4,South Australia,651.2,6.87,-0.044,-1.248,3.28,0
1989-11-01,4,South Australia,651.4,6.87,-0.001,-1.115,2.91,0
1989-12-01,4,South Australia,651.6,6.9,0.024,-0.984,2.54,0
1990-01-01,4,South Australia,651.9,6.92,0.021,-0.874,2.24,0
1990-02-01,4,South Australia,652.7,6.92,0.006,-0.787,2.05,0
1990-03-01,4,South Australia,653.7,6.94,0.013,-0.696,1.97,0
1990-04-01,4,South Australia,654.6,7.01,0.072,-0.518,1.88,0
1990-05-01,4,South Australia,655.4,7.16,0.149,-0.234,1.75,0
1990-06-01,4,South Australia,656.0,7.38,0.218,0.123,1.58,0
1990-07-01,4,South Australia,656.4,7.63,0.258,0.506,1.37,0
1990-08-01,4,South Australia,656.5,7.9,0.263,0.886,1.14,0
1990-09-01,4,South Australia,656.4,8.13,0.23,1.21,0.92,0
1990-10-01,4,South Australia,656.2,8.3,0.175,1.428,0.77,0
1990-11-01,4,South Australia,655.9,8.46,0.156,1.585,0.68,0
1990-12-01,4,South Australia,655.4,8.63,0.176,1.737,0.59,0
1991-01-01,4,South Australia,654.8,8.84,0.204,1.919,0.45,0
1991-02-01,4,South Australia,654.1,9.07,0.235,2.148,0.21,0
1991-03-01,4,South Australia,652.6,9.32,0.243,2.378,-0.17,0
1991-04-01,4,South Australia,650.0,9.55,0.23,2.537,-0.7,0
1991-05-01,4,South Australia,646.4,9.75,0.208,2.595,-1.36,0
1991-06-01,4,South Australia,642.2,9.94,0.183,2.56,-2.11,0
1991-07-01,4,South Australia,637.9,10.11,0.178,2.48,-2.82,0
1991-08-01,4,South Australia,634.1,10.29,0.18,2.397,-3.41,0
1991-09-01,4,South Australia,631.5,10.48,0.184,2.351,-3.8,0
1991-10-01,4,South Australia,630.0,10.66,0.178,2.354,-3.99,0
1991-11-01,4,South Australia,629.5,10.81,0.155,2.354,-4.03,0
1991-12-01,4,South Australia,629.2,10.95,0.139,2.317,-4.0,0
1992-01-01,4,South Australia,628.6,11.11,0.157,2.27,-4.01,0
1992-02-01,4,South Australia,627.5,11.29,0.183,2.218,-4.06,0
1992-03-01,4,South Australia,626.3,11.48,0.193,2.167,-4.02,0
1992-04-01,4,South Australia,625.3,11.66,0.176,2.113,-3.8,0
1992-05-01,4,South Australia,624.8,11.78,0.126,2.032,-3.35,0
1992-06-01,4,South Australia,624.8,11.85,0.063,1.911,-2.7,0
1992-07-01,4,South Australia,625.3,11.86,0.012,1.746,-1.97,0
1992-08-01,4,South Australia,625.9,11.85,-0.013,1.553,-1.3,0
1992-09-01,4,South Australia,626.3,11.84,-0.008,1.361,-0.81,0
1992-10-01,4,South Australia,626.5,11.83,-0.004,1.179,-0.55,0
1992-11-01,4,South Australia,626.6,11.84,0.002,1.025,-0.46,0
1992-12-01,4,South Australia,626.7,11.81,-0.031,0.855,-0.4,0
1993-01-01,4,South Australia,626.8,11.71,-0.09,0.608,-0.28,0
1993-02-01,4,South Australia,626.9,11.57,-0.142,0.283,-0.1,0
1993-03-01,4,South Australia,627.1,11.41,-0.164,-0.074,0.12,0
1993-04-01,4,South Australia,627.6,11.24,-0.171,-0.421,0.36,0
1993-05-01,4,South Australia,628.2,11.09,-0.15,-0.697,0.55,0
1993-06-01,4,South Australia,628.8,10.98,-0.103,-0.863,0.64,0
1993-07-01,4,South Australia,629.5,10.93,-0.054,-0.929,0.67,0
1993-08-01,4,South Australia,630.4,10.93,0.001,-0.914,0.71,0
1993-09-01,4,South Australia,631.2,10.98,0.049,-0.857,0.78,0
1993-10-01,4,South Australia,631.6,11.05,0.071,-0.782,0.82,0
1993-11-01,4,South Australia,631.7,11.11,0.057,-0.727,0.81,0
1993-12-01,4,South Australia,631.4,11.11,0.001,-0.696,0.75,0
1994-01-01,4,South Australia,631.1,11.05,-0.063,-0.669,0.68,0
1994-02-01,4,South Australia,630.9,10.92,-0.123,-0.649,0.63,0
1994-03-01,4,South Australia,631.1,10.78,-0.148,-0.633,0.63,0
1994-04-01,4,South Australia,632.2,10.65,-0.13,-0.592,0.73,0
1994-05-01,4,South Australia,634.2,10.56,-0.09,-0.532,0.96,0
1994-06-01,4,South Australia,636.8,10.49,-0.068,-0.496,1.27,0
1994-07-01,4,South Australia,639.1,10.43,-0.055,-0.497,1.52,0
1994-08-01,4,South Australia,640.3,10.39,-0.044,-0.543,1.57,0
1994-09-01,4,South Australia,640.3,10.34,-0.049,-0.641,1.45,0
1994-10-01,4,South Australia,639.5,10.29,-0.053,-0.765,1.25,0
1994-11-01,4,South Australia,638.3,10.24,-0.047,-0.869,1.06,0
1994-12-01,4,South Australia,637.5,10.21,-0.032,-0.901,0.97,0
1995-01-01,4,South Australia,637.8,10.18,-0.031,-0.869,1.06,0
1995-02-01,4,South Australia,639.2,10.14,-0.042,-0.788,1.32,0
1995-03-01,4,South Australia,641.3,10.08,-0.055,-0.696,1.62,0
1995-04-01,4,South Australia,643.5,10.02,-0.058,-0.625,1.8,0
1995-05-01,4,South Australia,645.3,9.98,-0.042,-0.576,1.74,0
1995-06-01,4,South Australia,646.2,9.96,-0.022,-0.53,1.47,0
1995-07-01,4,South Australia,646.4,9.94,-0.023,-0.498,1.15,0
1995-08-01,4,South Australia,646.4,9.88,-0.052,-0.506,0.95,0
1995-09-01,4,South Australia,646.6,9.8,-0.088,-0.545,0.97,0
1995-10-01,4,South Australia,647.0,9.68,-0.111,-0.603,1.17,0
1995-11-01,4,South Australia,647.7,9.58,-0.109,-0.665,1.47,0
1995-12-01,4,South Australia,648.4,9.51,-0.064,-0.696,1.7,0
1996-01-01,4,South Australia,648.9,9.5,-0.007,-0.672,1.75,0
1996-02-01,4,South Australia,649.5,9.53,0.029,-0.602,1.62,0
1996-03-01,4,South Australia,650.1,9.57,0.034,-0.513,1.38,0
1996-04-01,4,South Australia,650.6,9.58,0.008,-0.447,1.09,0
1996-05-01,4,South Australia,650.9,9.55,-0.03,-0.435,0.87,0
1996-06-01,4,South Australia,650.8,9.5,-0.044,-0.456,0.71,0
1996-07-01,4,South Australia,650.0,9.49,-0.015,-0.449,0.56,0
1996-08-01,4,South Australia,648.7,9.51,0.024,-0.373,0.36,0
1996-09-01,4,South Australia,647.4,9.56,0.052,-0.233,0.13,0
1996-10-01,4,South Australia,646.7,9.62,0.055,-0.068,-0.04,0
1996-11-01,4,South Australia,647.0,9.66,0.048,0.089,-0.11,0
1996-12-01,4,South Australia,647.9,9.69,0.029,0.182,-0.08,0
1997-01-01,4,South Australia,649.1,9.7,0.011,0.2,0.03,0
1997-02-01,4,South Australia,650.2,9.72,0.014,0.186,0.11,0
1997-03-01,4,South Australia,650.8,9.74,0.017,0.169,0.11,0
1997-04-01,4,South Australia,651.0,9.75,0.016,0.177,0.06,0
1997-05-01,4,South Australia,650.8,9.74,-0.007,0.199,-0.02,0
1997-06-01,4,South Australia,650.6,9.7,-0.042,0.201,-0.03,0
1997-07-01,4,South Australia,650.8,9.63,-0.069,0.147,0.12,0
1997-08-01,4,South Australia,651.3,9.56,-0.075,0.048,0.4,0
1997-09-01,4,South Australia,651.9,9.49,-0.065,-0.069,0.69,0
1997-10-01,4,South Australia,652.0,9.45,-0.045,-0.168,0.82,0
1997-11-01,4,South Australia,651.5,9.42,-0.027,-0.243,0.69,0
1997-12-01,4,South Australia,650.2,9.41,-0.016,-0.288,0.36,0
1998-01-01,4,South Australia,648.3,9.41,0.002,-0.298,-0.14,0
1998-02-01,4,South Australia,645.7,9.42,0.013,-0.299,-0.7,0
1998-03-01,4,South Australia,642.8,9.44,0.024,-0.293,-1.23,0
1998-04-01,4,South Australia,640.2,9.49,0.049,-0.259,-1.65,0
1998-05-01,4,South Australia,638.4,9.55,0.057,-0.195,-1.91,0
1998-06-01,4,South Australia,637.6,9.6,0.054,-0.099,-2.0,0
1998-07-01,4,South Australia,638.2,9.62,0.017,-0.014,-1.94,0
1998-08-01,4,South Australia,640.2,9.59,-0.026,0.035,-1.71,0
1998-09-01,4,South Australia,643.0,9.51,-0.079,0.022,-1.36,0
1998-10-01,4,South Australia,646.0,9.4,-0.119,-0.053,-0.92,0
1998-11-01,4,South Australia,648.7,9.23,-0.164,-0.19,-0.43,0
1998-12-01,4,South Australia,650.6,9.04,-0.189,-0.363,0.06,0
1999-01-01,4,South Australia,652.0,8.83,-0.21,-0.575,0.58,0
1999-02-01,4,South Australia,653.4,8.6,-0.233,-0.821,1.19,0
1999-03-01,4,South Australia,655.0,8.35,-0.246,-1.091,1.89,0
1999-04-01,4,South Australia,657.0,8.1,-0.248,-1.388,2.61,0
1999-05-01,4,South Australia,659.1,7.89,-0.215,-1.66,3.25,0
1999-06-01,4,South Australia,661.2,7.73,-0.16,-1.874,3.71,0
1999-07-01,4,South Australia,663.1,7.64,-0.095,-1.985,3.9,0
1999-08-01,4,South Australia,664.6,7.61,-0.023,-1.981,3.81,0
1999-09-01,4,South Australia,665.8,7.64,0.032,-1.87,3.55,0
1999-10-01,4,South Australia,666.8,7.71,0.066,-1.685,3.22,0
1999-11-01,4,South Australia,667.7,7.78,0.068,-1.452,2.94,0
1999-12-01,4,South Australia,668.8,7.84,0.063,-1.2,2.79,0
2000-01-01,4,South Australia,669.7,7.9,0.054,-0.936,2.7,0
2000-02-01,4,South Australia,670.3,7.94,0.046,-0.657,2.59,0
2000-03-01,4,South Australia,670.9,7.96,0.022,-0.39,2.43,0
2000-04-01,4,South Australia,672.0,7.94,-0.024,-0.166,2.29,0
2000-05-01,4,South Australia,673.8,7.86,-0.081,-0.032,2.23,0
2000-06-01,4,South Australia,676.0,7.72,-0.134,-0.006,2.23,0
2000-07-01,4,South Australia,678.0,7.57,-0.156,-0.067,2.24,0
2000-08-01,4,South Australia,679.1,7.41,-0.155,-0.2,2.18,0
2000-09-01,4,South Australia,678.9,7.28,-0.135,-0.367,1.97,0
2000-10-01,4,South Australia,677.5,7.17,-0.11,-0.543,1.61,0
2000-11-01,4,South Australia,675.2,7.09,-0.078,-0.689,1.12,0
2000-12-01,4,South Australia,672.7,7.05,-0.041,-0.792,0.59,0
2001-01-01,4,South Australia,670.9,7.05,0.0,-0.846,0.18,0
2001-02-01,4,South Australia,669.9,7.09,0.042,-0.85,-0.05,0
2001-03-01,4,South Australia,669.6,7.16,0.073,-0.798,-0.19,0
2001-04-01,4,South Australia,669.8,7.4,0.234,-0.541,-0.34,0
2001-05-01,4,South Australia,670.2,7.45,0.053,-0.406,-0.53,0
2001-06-01,4,South Australia,670.9,7.46,0.007,-0.266,-0.74,0
2001-07-01,4,South Australia,671.8,7.42,-0.035,-0.145,-0.9,0
2001-08-01,4,South Australia,673.0,7.37,-0.055,-0.044,-0.89,0
2001-09-01,4,South Australia,674.4,7.32,-0.044,0.046,-0.67,0
2001-10-01,4,South Australia,675.9,7.31,-0.019,0.138,-0.23,0
2001-11-01,4,South Australia,677.9,7.29,-0.015,0.201,0.39,0
2001-12-01,4,South Australia,680.3,7.24,-0.047,0.195,1.12,0
2002-01-01,4,South Australia,683.0,7.16,-0.087,0.108,1.8,0
2002-02-01,4,South Australia,685.7,7.04,-0.119,-0.054,2.36,0
2002-03-01,4,South Australia,688.2,6.91,-0.127,-0.253,2.77,0
2002-04-01,4,South Australia,689.9,6.81,-0.096,-0.583,3.0,0
2002-05-01,4,South Australia,690.8,6.77,-0.048,-0.685,3.07,0
2002-06-01,4,South Australia,691.1,6.77,0.001,-0.69,3.0,0
2002-07-01,4,South Australia,691.2,6.79,0.018,-0.637,2.88,0
2002-08-01,4,South Australia,691.7,6.77,-0.012,-0.595,2.78,0
2002-09-01,4,South Australia,692.8,6.71,-0.059,-0.61,2.73,0
2002-10-01,4,South Australia,694.5,6.61,-0.106,-0.697,2.75,0
2002-11-01,4,South Australia,696.8,6.47,-0.135,-0.818,2.8,0
2002-12-01,4,South Australia,699.4,6.34,-0.136,-0.907,2.82,0
2003-01-01,4,South Australia,702.2,6.22,-0.115,-0.935,2.82,0
2003-02-01,4,South Australia,705.0,6.15,-0.076,-0.892,2.81,0
2003-03-01,4,South Australia,707.7,6.11,-0.033,-0.798,2.83,0
2003-04-01,4,South Australia,710.1,6.11,-0.008,-0.709,2.93,0
2003-05-01,4,South Australia,712.1,6.11,0.001,-0.66,3.09,0
2003-06-01,4,South Australia,713.5,6.11,0.004,-0.658,3.24,0
2003-07-01,4,South Australia,714.1,6.11,0.001,-0.675,3.31,0
2003-08-01,4,South Australia,714.3,6.11,-0.002,-0.664,3.26,0
2003-09-01,4,South Australia,714.3,6.11,0.003,-0.602,3.1,0
2003-10-01,4,South Australia,714.4,6.12,0.006,-0.49,2.87,0
2003-11-01,4,South Australia,714.8,6.13,0.007,-0.348,2.57,0
2003-12-01,4,South Australia,715.2,6.12,-0.01,-0.222,2.25,0
2004-01-01,4,South Australia,715.5,6.08,-0.035,-0.142,1.89,0
2004-02-01,4,South Australia,715.6,6.04,-0.045,-0.111,1.5,0
2004-03-01,4,South Australia,715.4,6.01,-0.021,-0.1,1.09,0
2004-04-01,4,South Australia,715.0,6.04,0.022,-0.069,0.69,0
2004-05-01,4,South Australia,714.4,6.09,0.055,-0.015,0.33,0
2004-06-01,4,South Australia,714.1,6.15,0.055,0.036,0.09,0
2004-07-01,4,South Australia,714.2,6.14,-0.004,0.031,0.02,0
2004-08-01,4,South Australia,714.8,6.06,-0.084,-0.05,0.08,0
2004-09-01,4,South Australia,715.9,5.9,-0.155,-0.209,0.23,0
2004-10-01,4,South Australia,717.7,5.72,-0.185,-0.4,0.45,0
2004-11-01,4,South Australia,720.3,5.56,-0.159,-0.566,0.77,0
2004-12-01,4,South Australia,723.7,5.45,-0.108,-0.664,1.19,0
2005-01-01,4,South Australia,727.4,5.4,-0.051,-0.68,1.67,0
2005-02-01,4,South Australia,731.0,5.37,-0.026,-0.661,2.16,0
2005-03-01,4,South Australia,734.1,5.34,-0.031,-0.671,2.61,0
2005-04-01,4,South Australia,736.4,5.28,-0.059,-0.753,3.0,0
2005-05-01,4,South Australia,738.0,5.2,-0.085,-0.892,3.3,0
2005-06-01,4,South Australia,739.0,5.1,-0.098,-1.045,3.49,0
2005-07-01,4,South Australia,739.6,5.0,-0.099,-1.141,3.55,0
2005-08-01,4,South Australia,739.9,4.9,-0.097,-1.154,3.5,0
2005-09-01,4,South Australia,740.1,4.81,-0.097,-1.096,3.38,0
2005-10-01,4,South Australia,740.4,4.74,-0.072,-0.983,3.16,0
2005-11-01,4,South Australia,740.6,4.71,-0.029,-0.853,2.83,0
2005-12-01,4,South Australia,741.0,4.73,0.027,-0.718,2.4,0
2006-01-01,4,South Australia,741.6,4.8,0.065,-0.602,1.95,0
2006-02-01,4,South Australia,742.5,4.88,0.079,-0.497,1.57,0
2006-03-01,4,South Australia,743.9,4.95,0.069,-0.397,1.33,0
2006-04-01,4,South Australia,745.7,4.98,0.029,-0.308,1.27,0
2006-05-01,4,South Australia,748.1,4.95,-0.021,-0.244,1.36,0
2006-06-01,4,South Australia,750.6,4.9,-0.056,-0.201,1.57,0
2006-07-01,4,South Australia,753.3,4.86,-0.043,-0.145,1.85,0
2006-08-01,4,South Australia,755.6,4.87,0.017,-0.031,2.13,0
2006-09-01,4,South Australia,757.5,4.96,0.09,0.157,2.34,0
2006-10-01,4,South Australia,758.5,5.09,0.127,0.356,2.46,0
2006-11-01,4,South Australia,758.7,5.21,0.122,0.507,2.44,0
2006-12-01,4,South Australia,758.1,5.28,0.07,0.551,2.3,0
2007-01-01,4,South Australia,757.1,5.28,-0.006,0.48,2.08,0
2007-02-01,4,South Australia,756.0,5.21,-0.069,0.332,1.81,0
2007-03-01,4,South Australia,755.1,5.1,-0.11,0.153,1.51,0
2007-04-01,4,South Australia,755.0,4.99,-0.109,0.015,1.24,0
2007-05-01,4,South Australia,755.8,4.92,-0.067,-0.031,1.04,0
2007-06-01,4,South Australia,757.6,4.9,-0.024,0.001,0.93,0
2007-07-01,4,South Australia,760.2,4.91,0.007,0.051,0.92,0
2007-08-01,4,South Australia,763.3,4.92,0.01,0.044,1.02,0
2007-09-01,4,South Australia,766.6,4.91,-0.007,-0.053,1.21,0
2007-10-01,4,South Australia,769.8,4.88,-0.026,-0.207,1.48,0
2007-11-01,4,South Australia,772.5,4.84,-0.044,-0.373,1.82,0
2007-12-01,4,South Australia,774.7,4.8,-0.045,-0.489,2.19,0
2008-01-01,4,South Australia,776.2,4.78,-0.018,-0.501,2.53,0
2008-02-01,4,South Australia,777.3,4.78,0.007,-0.425,2.83,0
2008-03-01,4,South Australia,778.6,4.81,0.022,-0.293,3.11,0
2008-04-01,4,South Australia,780.1,4.83,0.025,-0.159,3.32,0
2008-05-01,4,South Australia,781.8,4.85,0.018,-0.074,3.43,0
2008-06-01,4,South Australia,783.7,4.87,0.017,-0.033,3.44,0
2008-07-01,4,South Australia,785.4,4.9,0.029,-0.012,3.32,0
2008-08-01,4,South Australia,786.8,4.95,0.058,0.036,3.07,0
2008-09-01,4,South Australia,787.6,5.06,0.105,0.148,2.74,0
2008-10-01,4,South Australia,787.9,5.21,0.153,0.327,2.36,0
2008-11-01,4,South Australia,787.6,5.39,0.177,0.549,1.96,0
2008-12-01,4,South Australia,787.1,5.55,0.165,0.759,1.61,0
2009-01-01,4,South Australia,786.8,5.67,0.114,0.89,1.37,0
2009-02-01,4,South Australia,786.8,5.71,0.047,0.931,1.22,0
2009-03-01,4,South Australia,786.9,5.7,-0.01,0.899,1.07,0
2009-04-01,4,South Australia,786.9,5.67,-0.033,0.84,0.88,0
2009-05-01,4,South Australia,786.8,5.63,-0.038,0.784,0.65,0
2009-06-01,4,South Australia,786.7,5.61,-0.024,0.743,0.39,0
2009-07-01,4,South Australia,786.7,5.6,-0.007,0.707,0.16,0
2009-08-01,4,South Australia,787.3,5.6,-0.006,0.642,0.07,0
2009-09-01,4,South Australia,788.8,5.55,-0.048,0.489,0.14,0
2009-10-01,4,South Australia,791.1,5.45,-0.101,0.236,0.4,0
2009-11-01,4,South Australia,793.9,5.32,-0.126,-0.068,0.79,0
2009-12-01,4,South Australia,796.1,5.22,-0.101,-0.333,1.14,0
2010-01-01,4,South Australia,797.3,5.18,-0.036,-0.483,1.33,0
2010-02-01,4,South Australia,797.3,5.22,0.031,-0.499,1.34,0
2010-03-01,4,South Australia,796.9,5.28,0.068,-0.421,1.27,0
2010-04-01,4,South Australia,796.6,5.35,0.062,-0.325,1.23,0
2010-05-01,4,South Australia,797.0,5.39,0.04,-0.247,1.29,0
2010-06-01,4,South Australia,798.3,5.41,0.021,-0.202,1.47,0
2010-07-01,4,South Australia,800.2,5.42,0.01,-0.185,1.72,0
2010-08-01,4,South Australia,802.1,5.43,0.011,-0.168,1.89,0
2010-09-01,4,South Australia,803.3,5.46,0.031,-0.089,1.84,0
2010-10-01,4,South Australia,803.4,5.51,0.047,0.058,1.55,0
2010-11-01,4,South Australia,803.2,5.54,0.038,0.223,1.17,0
2010-12-01,4,South Australia,803.0,5.57,0.026,0.349,0.86,0
2011-01-01,4,South Australia,803.3,5.58,0.008,0.393,0.75,0
2011-02-01,4,South Australia,804.4,5.56,-0.02,0.341,0.88,0
2011-03-01,4,South Australia,806.1,5.5,-0.056,0.216,1.15,0
2011-04-01,4,South Australia,807.9,5.41,-0.092,0.063,1.41,0
2011-05-01,4,South Australia,809.3,5.3,-0.111,-0.088,1.54,0
2011-06-01,4,South Australia,810.0,5.19,-0.105,-0.215,1.47,0
2011-07-01,4,South Australia,810.2,5.13,-0.063,-0.288,1.24,0
2011-08-01,4,South Australia,810.1,5.12,-0.011,-0.31,0.99,0
2011-09-01,4,South Australia,810.0,5.15,0.036,-0.305,0.84,0
2011-10-01,4,South Australia,810.2,5.2,0.049,-0.303,0.85,0
2011-11-01,4,South Australia,810.4,5.25,0.049,-0.292,0.9,0
2011-12-01,4,South Australia,810.5,5.27,0.022,-0.296,0.93,0
2012-01-01,4,South Australia,810.2,5.27,-0.003,-0.307,0.86,0
2012-02-01,4,South Australia,809.6,5.26,-0.01,-0.297,0.64,0
2012-03-01,4,South Australia,808.5,5.26,0.0,-0.24,0.31,0
2012-04-01,4,South Australia,807.4,5.28,0.024,-0.125,-0.06,0
2012-05-01,4,South Australia,806.4,5.33,0.05,0.036,-0.35,0
2012-06-01,4,South Australia,805.7,5.4,0.068,0.209,-0.54,0
2012-07-01,4,South Australia,805.4,5.47,0.071,0.344,-0.59,0
2012-08-01,4,South Australia,805.9,5.55,0.073,0.428,-0.52,0
2012-09-01,4,South Australia,806.9,5.63,0.079,0.471,-0.38,0
2012-10-01,4,South Australia,808.4,5.7,0.074,0.496,-0.22,0
2012-11-01,4,South Australia,810.2,5.77,0.067,0.514,-0.02,0
2012-12-01,4,South Australia,811.9,5.82,0.059,0.551,0.18,0
2013-01-01,4,South Australia,813.3,5.86,0.037,0.592,0.38,0
2013-02-01,4,South Australia,813.9,5.87,0.013,0.615,0.54,0
2013-03-01,4,South Australia,813.3,5.9,0.027,0.641,0.59,0
2013-04-01,4,South Australia,811.5,5.97,0.066,0.683,0.5,0
2013-05-01,4,South Australia,808.7,6.08,0.117,0.751,0.29,0
2013-06-01,4,South Australia,805.6,6.25,0.163,0.846,-0.01,0
2013-07-01,4,South Australia,802.7,6.44,0.188,0.962,-0.34,0
2013-08-01,4,South Australia,800.6,6.61,0.175,1.064,-0.66,0
2013-09-01,4,South Australia,799.3,6.73,0.116,1.1,-0.95,0
2013-10-01,4,South Australia,798.6,6.78,0.058,1.085,-1.21,0
2013-11-01,4,South Australia,798.2,6.79,0.009,1.028,-1.48,0
2013-12-01,4,South Australia,797.6,6.77,-0.023,0.945,-1.76,0
2014-01-01,4,South Australia,797.2,6.74,-0.028,0.88,-1.98,0
2014-02-01,4,South Australia,797.2,6.73,-0.007,0.86,-2.05,0
2014-03-01,4,South Australia,797.9,6.73,-0.005,0.828,-1.89,0
2014-04-01,4,South Australia,799.4,6.73,-0.004,0.759,-1.49,0
2014-05-01,4,South Australia,801.2,6.73,0.008,0.65,-0.93,0
2014-06-01,4,South Australia,802.9,6.74,0.005,0.492,-0.33,0
2014-07-01,4,South Australia,803.9,6.72,-0.017,0.287,0.14,0
2014-08-01,4,South Australia,803.9,6.7,-0.023,0.089,0.41,0
2014-09-01,4,South Australia,803.0,6.7,-0.004,-0.03,0.46,0
2014-10-01,4,South Australia,801.5,6.71,0.016,-0.073,0.36,0
2014-11-01,4,South Australia,800.2,6.73,0.016,-0.067,0.26,0
2014-12-01,4,South Australia,799.6,6.75,0.024,-0.019,0.24,0
2015-01-01,4,South Australia,799.8,6.79,0.035,0.043,0.33,0
2015-02-01,4,South Australia,800.7,6.86,0.07,0.121,0.44,0
2015-03-01,4,South Australia,801.9,6.99,0.133,0.259,0.49,0
2015-04-01,4,South Australia,802.7,7.19,0.199,0.462,0.41,0
2015-05-01,4,South Australia,802.8,7.42,0.234,0.688,0.2,0
2015-06-01,4,South Australia,802.4,7.64,0.221,0.904,-0.05,0
2015-07-01,4,South Australia,802.1,7.8,0.155,1.077,-0.22,0
2015-08-01,4,South Australia,802.2,7.82,0.02,1.12,-0.21,0
2015-09-01,4,South Australia,803.0,7.7,-0.122,1.002,0.01,0
2015-10-01,4,South Australia,804.3,7.51,-0.19,0.797,0.35,0
2015-11-01,4,South Australia,805.8,7.31,-0.2,0.581,0.69,0
2015-12-01,4,South Australia,807.0,7.14,-0.172,0.386,0.92,0
2016-01-01,4,South Australia,807.7,7.02,-0.116,0.235,0.99,0
2016-02-01,4,South Australia,808.0,6.95,-0.073,0.092,0.91,0
2016-03-01,4,South Australia,807.9,6.89,-0.053,-0.095,0.75,0
2016-04-01,4,South Australia,807.8,6.85,-0.044,-0.338,0.63,0
2016-05-01,4,South Australia,808.0,6.8,-0.051,-0.623,0.65,0
2016-06-01,4,South Australia,808.7,6.75,-0.049,-0.894,0.77,0
2016-07-01,4,South Australia,809.6,6.74,-0.015,-1.064,0.93,0
2016-08-01,4,South Australia,810.7,6.75,0.011,-1.074,1.05,0
2016-09-01,4,South Australia,812.1,6.74,-0.002,-0.954,1.12,0
2016-10-01,4,South Australia,813.6,6.7,-0.042,-0.806,1.15,0
2016-11-01,4,South Australia,815.0,6.65,-0.051,-0.657,1.14,0
2016-12-01,4,South Australia,816.1,6.62,-0.029,-0.515,1.13,0
2017-01-01,4,South Australia,817.0,6.63,0.008,-0.39,1.15,0
2017-02-01,4,South Australia,817.8,6.68,0.053,-0.264,1.22,0
2017-03-01,4,South Australia,818.8,6.74,0.059,-0.152,1.35,0
2017-04-01,4,South Australia,820.3,6.74,-0.005,-0.113,1.55,0
2017-05-01,4,South Australia,822.2,6.63,-0.107,-0.169,1.76,0
2017-06-01,4,South Australia,824.4,6.44,-0.192,-0.312,1.95,0
2017-07-01,4,South Australia,826.5,6.21,-0.226,-0.523,2.09,0
2017-08-01,4,South Australia,828.1,6.02,-0.191,-0.725,2.15,0
2017-09-01,4,South Australia,829.4,5.93,-0.095,-0.818,2.14,0
2017-10-01,4,South Australia,831.0,5.92,-0.007,-0.783,2.14,0
2017-11-01,4,South Australia,833.0,5.95,0.033,-0.7,2.21,0
2017-12-01,4,South Australia,835.5,5.99,0.034,-0.637,2.38,0
2018-01-01,4,South Australia,838.3,5.99,0.001,-0.644,2.6,0
2018-02-01,4,South Australia,841.0,5.94,-0.048,-0.745,2.84,0
2018-03-01,4,South Australia,843.2,5.86,-0.075,-0.879,2.98,0
2018-04-01,4,South Australia,844.3,5.79,-0.077,-0.951,2.93,0
2018-05-01,4,South Australia,844.2,5.71,-0.076,-0.92,2.68,0
2018-06-01,4,South Australia,843.5,5.64,-0.068,-0.796,2.31,0
2018-07-01,4,South Australia,842.5,5.59,-0.049,-0.619,1.94,0
2018-08-01,4,South Australia,841.9,5.6,0.005,-0.423,1.67,0
2018-09-01,4,South Australia,841.8,5.65,0.056,-0.271,1.49,0
2018-10-01,4,South Australia,842.6,5.73,0.079,-0.185,1.39,0
2018-11-01,4,South Australia,844.5,5.83,0.094,-0.123,1.38,0
2018-12-01,4,South Australia,847.6,5.9,0.074,-0.084,1.44,0
2019-01-01,4,South Australia,851.4,5.93,0.026,-0.059,1.56,0
2019-02-01,4,South Australia,855.3,5.91,-0.013,-0.024,1.69,0
2019-03-01,4,South Australia,858.5,5.9,-0.017,0.034,1.81,0
2019-04-01,4,South Australia,860.9,5.92,0.019,0.13,1.97,0
2019-05-01,4,South Australia,862.0,5.99,0.075,0.281,2.11,0
2019-06-01,4,South Australia,861.5,6.11,0.117,0.466,2.14,0
2019-07-01,4,South Australia,860.1,6.24,0.129,0.644,2.08,0
2019-08-01,4,South Australia,858.3,6.34,0.106,0.745,1.95,0
2019-09-01,4,South Australia,856.8,6.4,0.06,0.748,1.78,0
2019-10-01,4,South Australia,856.0,6.41,0.012,0.681,1.6,0
2019-11-01,4,South Australia,856.2,6.37,-0.043,0.544,1.38,0
2019-12-01,4,South Australia,856.9,6.29,-0.083,0.387,1.1,0
2020-01-01,4,South Australia,858.1,6.19,-0.098,0.263,0.79,0
2020-02-01,4,South Australia,859.8,6.08,-0.111,0.166,0.53,0
2020-03-01,4,South Australia,862.3,5.97,-0.107,0.076,0.44,0
2020-04-01,4,South Australia,844.7,6.99,1.018,1.075,-1.88,0
2020-05-01,4,South Australia,822.5,7.92,0.925,1.925,-4.59,0
2020-06-01,4,South Australia,828.8,7.83,-0.085,1.723,-3.8,0
2020-07-01,4,South Australia,835.8,7.7,-0.133,1.462,-2.82,0
2020-08-01,4,South Australia,842.5,7.5,-0.196,1.16,-1.84,0
2020-09-01,4,South Australia,848.0,7.28,-0.224,0.876,-1.02,0
2020-10-01,4,South Australia,851.6,7.07,-0.212,0.653,-0.52,0
2020-11-01,4,South Australia,853.5,6.9,-0.17,0.525,-0.31,0
2020-12-01,4,South Australia,855.1,6.77,-0.129,0.48,-0.22,0
2021-01-01,4,South Australia,857.3,6.66,-0.105,0.472,-0.09,0
2021-02-01,4,South Australia,860.8,6.54,-0.12,0.463,0.12,0
2021-03-01,4,South Australia,865.9,6.37,-0.174,0.395,0.42,0
2021-04-01,4,South Australia,872.0,6.14,-0.225,-0.847,3.22,0
2021-05-01,4,South Australia,877.9,5.92,-0.224,-1.996,6.73,0
2021-06-01,4,South Australia,882.8,5.15,-0.767,-2.679,6.51,0
2021-07-01,4,South Australia,886.1,5.05,-0.106,-2.653,6.02,0
2021-08-01,4,South Australia,888.2,4.99,-0.055,-2.512,5.43,0
2021-09-01,4,South Australia,889.8,4.97,-0.019,-2.306,4.93,0
2021-10-01,4,South Australia,891.6,4.97,0.002,-2.093,4.7,0
2021-11-01,4,South Australia,893.9,4.97,-0.001,-1.924,4.73,0
2021-12-01,4,South Australia,896.6,4.95,-0.02,-1.815,4.86,0
2022-01-01,4,South Australia,899.6,4.9,-0.05,-1.76,4.94,0
2022-02-01,4,South Australia,902.5,4.83,-0.079,-1.718,4.84,0
2022-03-01,4,South Australia,904.7,4.73,-0.094,-1.638,4.48,0
2022-04-01,4,South Australia,906.3,4.62,-0.115,-1.529,3.94,0
2022-05-01,4,South Australia,907.7,4.48,-0.136,-1.44,3.4,0
2022-06-01,4,South Australia,909.4,4.35,-0.133,-0.806,3.02,0
2022-07-01,4,South Australia,911.4,4.23,-0.115,-0.814,2.86,0
2022-08-01,4,South Australia,914.0,4.15,-0.08,-0.84,2.89,0
2022-09-01,4,South Australia,916.9,4.1,-0.051,-0.872,3.04,0
2022-10-01,4,South Australia,920.4,4.07,-0.031,-0.905,3.23,0
2022-11-01,4,South Australia,924.3,4.06,-0.006,-0.909,3.4,0
2022-12-01,4,South Australia,928.5,4.07,0.01,-0.88,3.56,0
2023-01-01,4,South Australia,933.2,4.08,0.01,-0.82,3.73,0
2023-02-01,4,South Australia,937.9,4.1,0.013,-0.728,3.92,0
2023-03-01,4,South Australia,942.3,4.1,0.007,-0.627,4.15,0
2023-04-01,4,South Australia,946.0,4.09,-0.012,-0.523,4.37,0
2023-05-01,4,South Australia,948.7,4.04,-0.051,-0.438,4.51,0
2023-06-01,4,South Australia,950.6,3.95,-0.092,-0.397,4.53,0
2023-07-01,4,South Australia,952.1,3.84,-0.109,-0.391,4.46,0
2023-08-01,4,South Australia,953.0,3.76,-0.081,-0.392,4.27,0
2023-09-01,4,South Australia,953.3,3.74,-0.024,-0.365,3.97,0
2023-10-01,4,South Australia,952.9,3.78,0.04,-0.293,3.52,0
2023-11-01,4,South Australia,951.7,3.86,0.083,-0.204,2.97,0
2023-12-01,4,South Australia,949.9,3.96,0.097,-0.116,2.3,0
2024-01-01,4,South Australia,947.4,4.03,0.07,-0.057,1.52,0
2024-02-01,4,South Australia,945.0,4.05,0.025,-0.046,0.76,0
2024-03-01,4,South Australia,943.1,4.03,-0.018,-0.071,0.08,0
2024-04-01,4,South Australia,941.7,4.0,-0.034,-0.092,-0.45,0
2024-05-01,4,South Australia,941.3,3.98,-0.02,-0.061,-0.78,0
2024-06-01,4,South Australia,942.1,3.99,0.006,0.037,-0.9,0
2024-07-01,4,South Australia,943.9,4.01,0.021,0.166,-0.85,0
2024-08-01,4,South Australia,946.7,4.04,0.028,0.276,-0.66,0
2024-09-01,4,South Australia,949.9,4.05,0.016,0.316,-0.36,0
2024-10-01,4,South Australia,953.0,4.05,-0.004,0.272,0.01,0
2024-11-01,4,South Australia,955.8,4.02,-0.026,0.163,0.42,0
2024-12-01,4,South Australia,958.1,3.99,-0.034,0.032,0.87,0
2025-01-01,4,South Australia,960.4,3.97,-0.016,-0.054,1.37,0
2025-02-01,4,South Australia,963.0,3.99,0.014,-0.065,1.9,0
2025-03-01,4,South Australia,965.9,4.04,0.056,0.008,2.43,0
2025-04-01,4,South Australia,969.3,4.15,0.109,0.151,2.93,0
2025-05-01,4,South Australia,972.8,4.29,0.139,0.31,3.35,0
2025-06-01,4,South Australia,976.1,4.43,0.135,0.439,3.61,0
2025-07-01,4,South Australia,979.3,4.51,0.09,0.507,3.74,0
2025-08-01,4,South Australia,982.4,4.52,0.0,0.479,3.78,0
2025-09-01,4,South Australia,985.4,4.42,-0.092,0.371,3.74,0
2025-10-01,4,South Australia,988.4,4.27,-0.156,0.219,3.71,0
2025-11-01,4,South Australia,990.8,4.09,-0.172,0.073,3.67,0
2025-12-01,4,South Australia,992.3,3.96,-0.131,-0.025,3.57,0
2026-01-01,4,South Australia,992.5,3.92,-0.047,-0.056,3.33,0
2026-02-01,4,South Australia,991.5,3.95,0.037,-0.033,2.96,0
2026-03-01,4,South Australia,990.0,4.04,0.084,-0.004,2.49,0
2026-04-01,4,South Australia,988.7,4.12,0.082,-0.032,2.0,0
2026-05-01,4,South Australia,988.1,4.17,0.053,-0.118,1.58,0
2026-06-01,4,South Australia,988.4,4.19,0.016,-0.237,1.26,1
1978-02-01,6,Tasmania,165.5,6.29,,,,0
1978-03-01,6,Tasmania,165.4,6.33,0.048,,,0
1978-04-01,6,Tasmania,165.4,6.37,0.036,,,0
1978-05-01,6,Tasmania,165.4,6.4,0.034,,,0
1978-06-01,6,Tasmania,165.5,6.43,0.027,,,0
1978-07-01,6,Tasmania,165.7,6.45,0.02,,,0
1978-08-01,6,Tasmania,166.1,6.46,0.01,,,0
1978-09-01,6,Tasmania,166.4,6.46,0.0,,,0
1978-10-01,6,Tasmania,166.7,6.45,-0.014,,,0
1978-11-01,6,Tasmania,167.2,6.41,-0.032,,,0
1978-12-01,6,Tasmania,167.8,6.37,-0.045,,,0
1979-01-01,6,Tasmania,168.7,6.31,-0.056,,,0
1979-02-01,6,Tasmania,169.8,6.25,-0.061,-0.033,2.6,0
1979-03-01,6,Tasmania,171.1,6.2,-0.055,-0.136,3.4,0
1979-04-01,6,Tasmania,172.1,6.16,-0.035,-0.207,4.06,0
1979-05-01,6,Tasmania,172.8,6.16,-0.007,-0.248,4.49,0
1979-06-01,6,Tasmania,173.2,6.17,0.019,-0.256,4.65,0
1979-07-01,6,Tasmania,173.3,6.21,0.038,-0.238,4.58,0
1979-08-01,6,Tasmania,173.3,6.26,0.05,-0.198,4.36,0
1979-09-01,6,Tasmania,173.3,6.32,0.056,-0.142,4.12,0
1979-10-01,6,Tasmania,173.2,6.38,0.059,-0.069,3.84,0
1979-11-01,6,Tasmania,172.8,6.43,0.057,0.019,3.39,0
1979-12-01,6,Tasmania,172.3,6.48,0.046,0.11,2.69,0
1980-01-01,6,Tasmania,171.7,6.51,0.027,0.193,1.78,0
1980-02-01,6,Tasmania,171.0,6.51,0.002,0.256,0.71,0
1980-03-01,6,Tasmania,170.6,6.49,-0.023,0.288,-0.28,0
1980-04-01,6,Tasmania,170.5,6.43,-0.051,0.272,-0.91,0
1980-05-01,6,Tasmania,170.9,6.36,-0.07,0.209,-1.11,0
1980-06-01,6,Tasmania,171.4,6.29,-0.075,0.115,-1.01,0
1980-07-01,6,Tasmania,172.0,6.22,-0.067,0.01,-0.72,0
1980-08-01,6,Tasmania,172.7,6.17,-0.053,-0.093,-0.36,0
1980-09-01,6,Tasmania,173.3,6.13,-0.035,-0.185,0.02,0
1980-10-01,6,Tasmania,173.9,6.12,-0.011,-0.254,0.44,0
1980-11-01,6,Tasmania,174.4,6.14,0.016,-0.295,0.92,0
1980-12-01,6,Tasmania,174.9,6.18,0.04,-0.301,1.52,0
1981-01-01,6,Tasmania,175.4,6.23,0.056,-0.272,2.19,0
1981-02-01,6,Tasmania,175.8,6.31,0.074,-0.201,2.81,0
1981-03-01,6,Tasmania,176.0,6.4,0.092,-0.085,3.18,0
1981-04-01,6,Tasmania,175.9,6.51,0.112,0.078,3.13,0
1981-05-01,6,Tasmania,175.5,6.64,0.129,0.277,2.71,0
1981-06-01,6,Tasmania,175.0,6.78,0.144,0.495,2.11,0
1981-07-01,6,Tasmania,174.5,6.95,0.165,0.727,1.44,0
1981-08-01,6,Tasmania,174.0,7.14,0.19,0.971,0.76,0
1981-09-01,6,Tasmania,173.5,7.35,0.214,1.219,0.12,0
1981-10-01,6,Tasmania,173.1,7.58,0.232,1.463,-0.46,0
1981-11-01,6,Tasmania,172.7,7.83,0.243,1.689,-1.0,0
1981-12-01,6,Tasmania,172.1,8.08,0.253,1.902,-1.65,0
1982-01-01,6,Tasmania,171.1,8.34,0.263,2.109,-2.45,0
1982-02-01,6,Tasmania,170.1,8.61,0.265,2.301,-3.27,0
1982-03-01,6,Tasmania,169.1,8.86,0.256,2.465,-3.92,0
1982-04-01,6,Tasmania,168.4,9.1,0.237,2.59,-4.25,0
1982-05-01,6,Tasmania,168.0,9.32,0.218,2.679,-4.29,0
1982-06-01,6,Tasmania,167.8,9.52,0.198,2.734,-4.15,0
1982-07-01,6,Tasmania,167.7,9.71,0.187,2.756,-3.9,0
1982-08-01,6,Tasmania,167.6,9.89,0.185,2.751,-3.69,0
1982-09-01,6,Tasmania,167.2,10.08,0.192,2.73,-3.63,0
1982-10-01,6,Tasmania,166.7,10.28,0.197,2.695,-3.68,0
1982-11-01,6,Tasmania,166.1,10.47,0.195,2.648,-3.8,0
1982-12-01,6,Tasmania,165.5,10.66,0.18,2.575,-3.82,0
1983-01-01,6,Tasmania,164.9,10.81,0.15,2.462,-3.63,0
1983-02-01,6,Tasmania,164.5,10.92,0.111,2.307,-3.26,0
1983-03-01,6,Tasmania,164.3,10.98,0.061,2.112,-2.83,0
1983-04-01,6,Tasmania,164.4,10.98,0.005,1.88,-2.36,0
1983-05-01,6,Tasmania,164.8,10.93,-0.053,1.609,-1.87,0
1983-06-01,6,Tasmania,165.5,10.83,-0.097,1.314,-1.38,0
1983-07-01,6,Tasmania,166.2,10.71,-0.123,1.004,-0.9,0
1983-08-01,6,Tasmania,166.9,10.58,-0.134,0.685,-0.41,0
1983-09-01,6,Tasmania,167.4,10.45,-0.13,0.363,0.13,0
1983-10-01,6,Tasmania,167.9,10.33,-0.113,0.053,0.68,0
1983-11-01,6,Tasmania,168.2,10.25,-0.087,-0.229,1.26,0
1983-12-01,6,Tasmania,168.6,10.19,-0.051,-0.46,1.89,0
1984-01-01,6,Tasmania,169.0,10.19,-0.008,-0.618,2.44,0
1984-02-01,6,Tasmania,169.3,10.22,0.032,-0.697,2.86,0
1984-03-01,6,Tasmania,169.5,10.28,0.062,-0.696,3.11,0
1984-04-01,6,Tasmania,169.5,10.36,0.077,-0.624,3.06,0
1984-05-01,6,Tasmania,169.2,10.43,0.075,-0.496,2.66,0
1984-06-01,6,Tasmania,169.0,10.47,0.039,-0.36,2.13,0
1984-07-01,6,Tasmania,169.0,10.45,-0.022,-0.259,1.68,0
1984-08-01,6,Tasmania,169.3,10.35,-0.096,-0.221,1.45,0
1984-09-01,6,Tasmania,170.1,10.18,-0.175,-0.266,1.57,0
1984-10-01,6,Tasmania,171.4,9.93,-0.247,-0.401,2.12,0
1984-11-01,6,Tasmania,173.3,9.64,-0.293,-0.607,2.99,0
1984-12-01,6,Tasmania,175.4,9.34,-0.299,-0.854,4.01,0
1985-01-01,6,Tasmania,177.5,9.08,-0.263,-1.109,5.04,0
1985-02-01,6,Tasmania,179.3,8.88,-0.196,-1.338,5.92,0
1985-03-01,6,Tasmania,180.5,8.77,-0.114,-1.514,6.52,0
1985-04-01,6,Tasmania,181.1,8.74,-0.031,-1.622,6.89,0
1985-05-01,6,Tasmania,181.2,8.77,0.036,-1.66,7.07,0
1985-06-01,6,Tasmania,180.9,8.85,0.082,-1.618,7.03,0
1985-07-01,6,Tasmania,180.4,8.96,0.102,-1.494,6.78,0
1985-08-01,6,Tasmania,180.1,9.06,0.101,-1.297,6.39,0
1985-09-01,6,Tasmania,179.9,9.14,0.085,-1.037,5.76,0
1985-10-01,6,Tasmania,179.7,9.21,0.063,-0.726,4.81,0
1985-11-01,6,Tasmania,179.5,9.24,0.034,-0.4,3.62,0
1985-12-01,6,Tasmania,179.5,9.24,-0.002,-0.103,2.34,0
1986-01-01,6,Tasmania,179.5,9.2,-0.041,0.119,1.16,0
1986-02-01,6,Tasmania,179.9,9.12,-0.078,0.237,0.34,0
1986-03-01,6,Tasmania,180.5,9.02,-0.103,0.248,0.02,0
1986-04-01,6,Tasmania,181.5,8.9,-0.111,0.168,0.23,0
1986-05-01,6,Tasmania,182.7,8.81,-0.095,0.037,0.82,0
1986-06-01,6,Tasmania,183.7,8.75,-0.062,-0.107,1.55,0
1986-07-01,6,Tasmania,184.4,8.73,-0.02,-0.229,2.2,0
1986-08-01,6,Tasmania,184.8,8.75,0.026,-0.304,2.63,0
1986-09-01,6,Tasmania,185.0,8.82,0.069,-0.319,2.85,0
1986-10-01,6,Tasmania,184.9,8.93,0.105,-0.278,2.9,0
1986-11-01,6,Tasmania,184.7,9.06,0.128,-0.184,2.88,0
1986-12-01,6,Tasmania,184.5,9.19,0.134,-0.048,2.8,0
1987-01-01,6,Tasmania,184.2,9.32,0.126,0.119,2.62,0
1987-02-01,6,Tasmania,183.9,9.42,0.103,0.3,2.26,0
1987-03-01,6,Tasmania,183.6,9.49,0.07,0.474,1.67,0
1987-04-01,6,Tasmania,183.1,9.52,0.031,0.616,0.88,0
1987-05-01,6,Tasmania,182.7,9.52,-0.004,0.707,0.01,0
1987-06-01,6,Tasmania,182.3,9.49,-0.027,0.742,-0.76,0
1987-07-01,6,Tasmania,182.1,9.45,-0.04,0.722,-1.25,0
1987-08-01,6,Tasmania,182.4,9.4,-0.048,0.648,-1.35,0
1987-09-01,6,Tasmania,183.1,9.35,-0.053,0.527,-1.01,0
1987-10-01,6,Tasmania,184.3,9.3,-0.052,0.37,-0.3,0
1987-11-01,6,Tasmania,185.8,9.25,-0.048,0.194,0.59,0
1987-12-01,6,Tasmania,187.3,9.21,-0.038,0.021,1.52,0
1988-01-01,6,Tasmania,188.7,9.18,-0.026,-0.131,2.42,0
1988-02-01,6,Tasmania,189.9,9.18,-0.005,-0.239,3.22,0
1988-03-01,6,Tasmania,190.7,9.19,0.014,-0.295,3.89,0
1988-04-01,6,Tasmania,191.3,9.22,0.027,-0.299,4.44,0
1988-05-01,6,Tasmania,191.5,9.26,0.035,-0.261,4.85,0
1988-06-01,6,Tasmania,191.4,9.3,0.045,-0.189,5.02,0
1988-07-01,6,Tasmania,190.9,9.36,0.062,-0.088,4.82,0
1988-08-01,6,Tasmania,190.0,9.44,0.078,0.038,4.19,0
1988-09-01,6,Tasmania,188.9,9.53,0.086,0.176,3.17,0
1988-10-01,6,Tasmania,187.9,9.6,0.079,0.307,1.95,0
1988-11-01,6,Tasmania,187.1,9.66,0.06,0.416,0.71,0
1988-12-01,6,Tasmania,186.6,9.69,0.03,0.484,-0.37,0
1989-01-01,6,Tasmania,186.5,9.68,-0.013,0.497,-1.17,0
1989-02-01,6,Tasmania,186.9,9.62,-0.062,0.44,-1.57,0
1989-03-01,6,Tasmania,187.8,9.51,-0.107,0.319,-1.52,0
1989-04-01,6,Tasmania,189.2,9.38,-0.136,0.156,-1.1,0
1989-05-01,6,Tasmania,190.9,9.23,-0.151,-0.029,-0.35,0
1989-06-01,6,Tasmania,192.8,9.07,-0.152,-0.226,0.72,0
1989-07-01,6,Tasmania,194.9,8.93,-0.144,-0.433,2.09,0
1989-08-01,6,Tasmania,196.9,8.8,-0.13,-0.64,3.62,0
1989-09-01,6,Tasmania,198.6,8.69,-0.106,-0.832,5.12,0
1989-10-01,6,Tasmania,199.9,8.62,-0.078,-0.989,6.36,0
1989-11-01,6,Tasmania,200.6,8.57,-0.045,-1.094,7.22,0
1989-12-01,6,Tasmania,200.9,8.56,-0.013,-1.137,7.68,0
1990-01-01,6,Tasmania,200.9,8.57,0.016,-1.109,7.73,0
1990-02-01,6,Tasmania,200.9,8.61,0.037,-1.009,7.48,0
1990-03-01,6,Tasmania,200.8,8.67,0.054,-0.848,6.93,0
1990-04-01,6,Tasmania,200.8,8.73,0.07,-0.642,6.16,0
1990-05-01,6,Tasmania,200.8,8.82,0.082,-0.409,5.21,0
1990-06-01,6,Tasmania,200.8,8.91,0.091,-0.166,4.12,0
1990-07-01,6,Tasmania,200.8,9.0,0.094,0.072,3.01,0
1990-08-01,6,Tasmania,200.7,9.1,0.097,0.298,1.95,0
1990-09-01,6,Tasmania,200.7,9.2,0.1,0.504,1.04,0
1990-10-01,6,Tasmania,200.6,9.3,0.102,0.684,0.36,0
1990-11-01,6,Tasmania,200.4,9.41,0.112,0.841,-0.09,0
1990-12-01,6,Tasmania,200.1,9.54,0.129,0.982,-0.4,0
1991-01-01,6,Tasmania,199.6,9.69,0.152,1.119,-0.68,0
1991-02-01,6,Tasmania,198.9,9.87,0.181,1.262,-1.0,0
1991-03-01,6,Tasmania,198.1,10.08,0.208,1.416,-1.36,0
1991-04-01,6,Tasmania,197.4,10.3,0.222,1.569,-1.72,0
1991-05-01,6,Tasmania,196.8,10.52,0.217,1.704,-1.99,0
1991-06-01,6,Tasmania,196.5,10.72,0.195,1.808,-2.13,0
1991-07-01,6,Tasmania,196.4,10.88,0.161,1.875,-2.19,0
1991-08-01,6,Tasmania,196.2,11.0,0.124,1.902,-2.24,0
1991-09-01,6,Tasmania,196.0,11.09,0.089,1.891,-2.33,0
1991-10-01,6,Tasmania,195.5,11.15,0.064,1.854,-2.52,0
1991-11-01,6,Tasmania,194.9,11.2,0.046,1.788,-2.77,0
1991-12-01,6,Tasmania,194.2,11.23,0.031,1.69,-2.97,0
1992-01-01,6,Tasmania,193.5,11.25,0.018,1.556,-3.02,0
1992-02-01,6,Tasmania,193.0,11.26,0.011,1.386,-2.96,0
1992-03-01,6,Tasmania,192.5,11.27,0.009,1.186,-2.8,0
1992-04-01,6,Tasmania,192.1,11.28,0.017,0.981,-2.64,0
1992-05-01,6,Tasmania,191.8,11.32,0.031,0.795,-2.55,0
1992-06-01,6,Tasmania,191.5,11.36,0.045,0.645,-2.52,0
1992-07-01,6,Tasmania,191.5,11.42,0.059,0.544,-2.49,0
1992-08-01,6,Tasmania,191.6,11.49,0.075,0.495,-2.38,0
1992-09-01,6,Tasmania,191.7,11.58,0.09,0.495,-2.2,0
1992-10-01,6,Tasmania,191.7,11.7,0.111,0.542,-1.95,0
1992-11-01,6,Tasmania,191.6,11.83,0.133,0.629,-1.67,0
1992-12-01,6,Tasmania,191.3,11.98,0.155,0.753,-1.48,0
1993-01-01,6,Tasmania,190.8,12.16,0.174,0.909,-1.39,0
1993-02-01,6,Tasmania,190.4,12.34,0.18,1.079,-1.32,0
1993-03-01,6,Tasmania,190.2,12.51,0.168,1.238,-1.21,0
1993-04-01,6,Tasmania,190.3,12.64,0.136,1.357,-0.99,0
1993-05-01,6,Tasmania,190.5,12.74,0.095,1.422,-0.65,0
1993-06-01,6,Tasmania,190.9,12.79,0.05,1.427,-0.34,0
1993-07-01,6,Tasmania,191.2,12.79,0.007,1.374,-0.14,0
1993-08-01,6,Tasmania,191.4,12.76,-0.031,1.269,-0.07,0
1993-09-01,6,Tasmania,191.6,12.69,-0.069,1.11,-0.05,0
1993-10-01,6,Tasmania,191.8,12.58,-0.115,0.884,0.07,0
1993-11-01,6,Tasmania,192.3,12.42,-0.16,0.591,0.35,0
1993-12-01,6,Tasmania,192.9,12.22,-0.202,0.234,0.85,0
1994-01-01,6,Tasmania,193.7,11.99,-0.232,-0.172,1.48,0
1994-02-01,6,Tasmania,194.4,11.74,-0.247,-0.599,2.1,0
1994-03-01,6,Tasmania,195.1,11.5,-0.243,-1.01,2.59,0
1994-04-01,6,Tasmania,195.7,11.27,-0.224,-1.371,2.85,0
1994-05-01,6,Tasmania,196.0,11.08,-0.191,-1.657,2.89,0
1994-06-01,6,Tasmania,196.2,10.93,-0.152,-1.859,2.77,0
1994-07-01,6,Tasmania,196.1,10.82,-0.112,-1.977,2.57,0
1994-08-01,6,Tasmania,196.0,10.74,-0.074,-2.021,2.38,0
1994-09-01,6,Tasmania,195.8,10.7,-0.046,-1.997,2.21,0
1994-10-01,6,Tasmania,195.7,10.67,-0.023,-1.905,2.01,0
1994-11-01,6,Tasmania,195.8,10.66,-0.017,-1.762,1.82,0
1994-12-01,6,Tasmania,196.1,10.63,-0.024,-1.585,1.67,0
1995-01-01,6,Tasmania,196.6,10.59,-0.038,-1.391,1.53,0
1995-02-01,6,Tasmania,197.2,10.53,-0.062,-1.206,1.42,0
1995-03-01,6,Tasmania,197.7,10.45,-0.086,-1.049,1.33,0
1995-04-01,6,Tasmania,198.2,10.34,-0.107,-0.932,1.28,0
1995-05-01,6,Tasmania,198.5,10.22,-0.12,-0.86,1.28,0
1995-06-01,6,Tasmania,198.8,10.1,-0.121,-0.829,1.33,0
1995-07-01,6,Tasmania,199.0,9.99,-0.11,-0.828,1.45,0
1995-08-01,6,Tasmania,199.1,9.9,-0.093,-0.846,1.61,0
1995-09-01,6,Tasmania,199.4,9.83,-0.067,-0.867,1.84,0
1995-10-01,6,Tasmania,199.8,9.79,-0.035,-0.879,2.09,0
1995-11-01,6,Tasmania,200.2,9.8,0.0,-0.862,2.27,0
1995-12-01,6,Tasmania,200.6,9.83,0.035,-0.803,2.3,0
1996-01-01,6,Tasmania,201.0,9.89,0.061,-0.703,2.2,0
1996-02-01,6,Tasmania,201.1,9.97,0.076,-0.566,2.0,0
1996-03-01,6,Tasmania,201.2,10.05,0.079,-0.4,1.76,0
1996-04-01,6,Tasmania,201.3,10.12,0.076,-0.218,1.56,0
1996-05-01,6,Tasmania,201.3,10.19,0.065,-0.033,1.37,0
1996-06-01,6,Tasmania,201.2,10.24,0.052,0.14,1.23,0
1996-07-01,6,Tasmania,201.2,10.28,0.044,0.294,1.11,0
1996-08-01,6,Tasmania,201.0,10.32,0.04,0.427,0.92,0
1996-09-01,6,Tasmania,200.6,10.37,0.044,0.538,0.58,0
1996-10-01,6,Tasmania,200.0,10.42,0.052,0.626,0.1,0
1996-11-01,6,Tasmania,199.3,10.48,0.059,0.684,-0.48,0
1996-12-01,6,Tasmania,198.5,10.54,0.063,0.711,-1.06,0
1997-01-01,6,Tasmania,197.7,10.61,0.069,0.72,-1.6,0
1997-02-01,6,Tasmania,196.8,10.7,0.085,0.729,-2.14,0
1997-03-01,6,Tasmania,195.8,10.79,0.099,0.748,-2.71,0
1997-04-01,6,Tasmania,194.6,10.89,0.099,0.772,-3.31,0
1997-05-01,6,Tasmania,193.6,10.98,0.083,0.79,-3.83,0
1997-06-01,6,Tasmania,192.8,11.03,0.052,0.789,-4.21,0
1997-07-01,6,Tasmania,192.4,11.04,0.009,0.754,-4.39,0
1997-08-01,6,Tasmania,192.3,11.0,-0.037,0.677,-4.3,0
1997-09-01,6,Tasmania,192.6,10.92,-0.078,0.555,-3.97,0
1997-10-01,6,Tasmania,193.0,10.82,-0.108,0.396,-3.48,0
1997-11-01,6,Tasmania,193.5,10.69,-0.125,0.212,-2.91,0
1997-12-01,6,Tasmania,194.0,10.56,-0.135,0.015,-2.27,0
1998-01-01,6,Tasmania,194.6,10.42,-0.135,-0.19,-1.57,0
1998-02-01,6,Tasmania,195.4,10.29,-0.13,-0.404,-0.72,0
1998-03-01,6,Tasmania,196.3,10.18,-0.117,-0.62,0.26,0
1998-04-01,6,Tasmania,197.1,10.08,-0.094,-0.813,1.26,0
1998-05-01,6,Tasmania,197.7,10.01,-0.067,-0.963,2.13,0
1998-06-01,6,Tasmania,198.0,9.97,-0.04,-1.055,2.74,0
1998-07-01,6,Tasmania,198.1,9.96,-0.019,-1.083,2.99,0
1998-08-01,6,Tasmania,197.9,9.95,-0.004,-1.05,2.87,0
1998-09-01,6,Tasmania,197.4,9.96,0.004,-0.968,2.47,0
1998-10-01,6,Tasmania,196.7,9.95,-0.001,-0.861,1.92,0
1998-11-01,6,Tasmania,196.1,9.93,-0.02,-0.756,1.35,0
1998-12-01,6,Tasmania,195.6,9.89,-0.046,-0.668,0.8,0
1999-01-01,6,Tasmania,195.3,9.81,-0.075,-0.608,0.33,0
1999-02-01,6,Tasmania,195.3,9.71,-0.104,-0.582,-0.06,0
1999-03-01,6,Tasmania,195.5,9.59,-0.121,-0.586,-0.38,0
1999-04-01,6,Tasmania,195.9,9.46,-0.126,-0.618,-0.6,0
1999-05-01,6,Tasmania,196.2,9.34,-0.119,-0.67,-0.74,0
1999-06-01,6,Tasmania,196.4,9.24,-0.108,-0.738,-0.8,0
1999-07-01,6,Tasmania,196.7,9.13,-0.102,-0.821,-0.72,0
1999-08-01,6,Tasmania,197.0,9.04,-0.099,-0.916,-0.42,0
1999-09-01,6,Tasmania,197.6,8.94,-0.095,-1.015,0.09,0
1999-10-01,6,Tasmania,198.2,8.86,-0.085,-1.099,0.75,0
1999-11-01,6,Tasmania,198.9,8.78,-0.07,-1.15,1.43,0
1999-12-01,6,Tasmania,199.4,8.74,-0.049,-1.153,1.97,0
2000-01-01,6,Tasmania,199.7,8.7,-0.032,-1.11,2.28,0
2000-02-01,6,Tasmania,199.9,8.68,-0.025,-1.031,2.37,0
2000-03-01,6,Tasmania,200.1,8.65,-0.027,-0.938,2.34,0
2000-04-01,6,Tasmania,200.4,8.62,-0.027,-0.839,2.28,0
2000-05-01,6,Tasmania,200.6,8.6,-0.023,-0.744,2.25,0
2000-06-01,6,Tasmania,200.8,8.59,-0.014,-0.649,2.24,0
2000-07-01,6,Tasmania,200.9,8.59,0.005,-0.542,2.17,0
2000-08-01,6,Tasmania,200.9,8.62,0.025,-0.418,1.96,0
2000-09-01,6,Tasmania,200.8,8.65,0.037,-0.286,1.67,0
2000-10-01,6,Tasmania,200.9,8.69,0.038,-0.163,1.34,0
2000-11-01,6,Tasmania,201.0,8.73,0.037,-0.055,1.06,0
2000-12-01,6,Tasmania,201.2,8.77,0.037,0.03,0.9,0
2001-01-01,6,Tasmania,201.3,8.81,0.043,0.105,0.79,0
2001-02-01,6,Tasmania,201.2,8.86,0.052,0.183,0.62,0
2001-03-01,6,Tasmania,200.7,8.92,0.061,0.271,0.28,0
2001-04-01,6,Tasmania,200.0,9.17,0.251,0.55,-0.2,0
2001-05-01,6,Tasmania,199.2,9.21,0.037,0.61,-0.69,0
2001-06-01,6,Tasmania,198.7,9.21,0.003,0.627,-1.05,0
2001-07-01,6,Tasmania,198.6,9.18,-0.038,0.583,-1.16,0
2001-08-01,6,Tasmania,198.8,9.1,-0.077,0.481,-1.03,0
2001-09-01,6,Tasmania,199.2,8.99,-0.105,0.339,-0.81,0
2001-10-01,6,Tasmania,199.6,8.88,-0.116,0.185,-0.65,0
2001-11-01,6,Tasmania,199.6,8.77,-0.108,0.04,-0.68,0
2001-12-01,6,Tasmania,199.3,8.68,-0.087,-0.083,-0.93,0
2002-01-01,6,Tasmania,198.8,8.62,-0.068,-0.194,-1.26,0
2002-02-01,6,Tasmania,198.2,8.56,-0.052,-0.298,-1.45,0
2002-03-01,6,Tasmania,197.9,8.53,-0.036,-0.396,-1.37,0
2002-04-01,6,Tasmania,197.9,8.51,-0.019,-0.666,-1.06,0
2002-05-01,6,Tasmania,198.0,8.51,0.005,-0.698,-0.64,0
2002-06-01,6,Tasmania,198.2,8.55,0.035,-0.666,-0.27,0
2002-07-01,6,Tasmania,198.4,8.61,0.06,-0.567,-0.08,0
2002-08-01,6,Tasmania,198.8,8.68,0.074,-0.417,-0.02,0
2002-09-01,6,Tasmania,199.3,8.76,0.074,-0.238,0.04,0
2002-10-01,6,Tasmania,199.9,8.82,0.068,-0.053,0.18,0
2002-11-01,6,Tasmania,200.7,8.87,0.051,0.105,0.54,0
2002-12-01,6,Tasmania,201.6,8.89,0.02,0.212,1.13,0
2003-01-01,6,Tasmania,202.4,8.88,-0.018,0.261,1.83,0
2003-02-01,6,Tasmania,203.2,8.81,-0.062,0.251,2.5,0
2003-03-01,6,Tasmania,204.0,8.7,-0.11,0.177,3.05,0
2003-04-01,6,Tasmania,204.7,8.54,-0.161,0.035,3.47,0
2003-05-01,6,Tasmania,205.6,8.33,-0.21,-0.18,3.85,0
2003-06-01,6,Tasmania,206.6,8.08,-0.249,-0.463,4.26,0
2003-07-01,6,Tasmania,207.7,7.81,-0.272,-0.795,4.66,0
2003-08-01,6,Tasmania,208.6,7.54,-0.276,-1.145,4.95,0
2003-09-01,6,Tasmania,209.4,7.28,-0.259,-1.478,5.08,0
2003-10-01,6,Tasmania,210.1,7.05,-0.231,-1.777,5.08,0
2003-11-01,6,Tasmania,210.7,6.86,-0.19,-2.018,4.98,0
2003-12-01,6,Tasmania,211.2,6.72,-0.142,-2.18,4.8,0
2004-01-01,6,Tasmania,211.7,6.62,-0.094,-2.256,4.59,0
2004-02-01,6,Tasmania,212.2,6.57,-0.052,-2.246,4.4,0
2004-03-01,6,Tasmania,212.6,6.55,-0.023,-2.159,4.22,0
2004-04-01,6,Tasmania,212.9,6.54,-0.007,-2.006,4.0,0
2004-05-01,6,Tasmania,213.2,6.53,-0.006,-1.802,3.68,0
2004-06-01,6,Tasmania,213.4,6.51,-0.019,-1.572,3.28,0
2004-07-01,6,Tasmania,213.7,6.47,-0.042,-1.342,2.9,0
2004-08-01,6,Tasmania,214.0,6.41,-0.064,-1.131,2.58,0
2004-09-01,6,Tasmania,214.3,6.32,-0.084,-0.955,2.35,0
2004-10-01,6,Tasmania,214.7,6.22,-0.098,-0.822,2.19,0
2004-11-01,6,Tasmania,215.1,6.12,-0.108,-0.74,2.1,0
2004-12-01,6,Tasmania,215.7,6.01,-0.11,-0.708,2.13,0
2005-01-01,6,Tasmania,216.4,5.91,-0.096,-0.71,2.23,0
2005-02-01,6,Tasmania,217.1,5.84,-0.066,-0.724,2.34,0
2005-03-01,6,Tasmania,217.7,5.82,-0.027,-0.728,2.42,0
2005-04-01,6,Tasmania,218.2,5.83,0.017,-0.703,2.51,0
2005-05-01,6,Tasmania,218.8,5.89,0.06,-0.636,2.62,0
2005-06-01,6,Tasmania,219.2,5.99,0.094,-0.523,2.74,0
2005-07-01,6,Tasmania,219.7,6.1,0.114,-0.367,2.81,0
2005-08-01,6,Tasmania,220.2,6.22,0.118,-0.186,2.91,0
2005-09-01,6,Tasmania,220.9,6.33,0.112,0.01,3.08,0
2005-10-01,6,Tasmania,221.8,6.43,0.098,0.206,3.29,0
2005-11-01,6,Tasmania,222.6,6.51,0.083,0.397,3.47,0
2005-12-01,6,Tasmania,223.4,6.58,0.068,0.575,3.55,0
2006-01-01,6,Tasmania,224.1,6.63,0.051,0.723,3.54,0
2006-02-01,6,Tasmania,224.7,6.67,0.032,0.821,3.48,0
2006-03-01,6,Tasmania,225.0,6.68,0.011,0.859,3.36,0
2006-04-01,6,Tasmania,225.2,6.66,-0.012,0.83,3.17,0
2006-05-01,6,Tasmania,225.2,6.63,-0.037,0.733,2.93,0
2006-06-01,6,Tasmania,225.1,6.57,-0.059,0.579,2.66,0
2006-07-01,6,Tasmania,224.9,6.49,-0.081,0.384,2.36,0
2006-08-01,6,Tasmania,224.6,6.38,-0.104,0.162,1.99,0
2006-09-01,6,Tasmania,224.4,6.26,-0.128,-0.077,1.56,0
2006-10-01,6,Tasmania,224.2,6.1,-0.151,-0.327,1.12,0
2006-11-01,6,Tasmania,224.3,5.93,-0.172,-0.581,0.74,0
2006-12-01,6,Tasmania,224.5,5.75,-0.182,-0.832,0.49,0
2007-01-01,6,Tasmania,224.9,5.57,-0.176,-1.06,0.35,0
2007-02-01,6,Tasmania,225.4,5.42,-0.155,-1.246,0.32,0
2007-03-01,6,Tasmania,225.9,5.3,-0.121,-1.378,0.4,0
2007-04-01,6,Tasmania,226.5,5.22,-0.082,-1.448,0.59,0
2007-05-01,6,Tasmania,227.0,5.18,-0.041,-1.452,0.82,0
2007-06-01,6,Tasmania,227.5,5.17,-0.01,-1.402,1.1,0
2007-07-01,6,Tasmania,228.1,5.17,0.009,-1.312,1.44,0
2007-08-01,6,Tasmania,228.8,5.19,0.011,-1.197,1.84,0
2007-09-01,6,Tasmania,229.5,5.19,0.0,-1.07,2.28,0
2007-10-01,6,Tasmania,230.2,5.16,-0.023,-0.942,2.65,0
2007-11-01,6,Tasmania,230.8,5.11,-0.05,-0.82,2.91,0
2007-12-01,6,Tasmania,231.3,5.03,-0.082,-0.72,3.01,0
2008-01-01,6,Tasmania,231.8,4.91,-0.116,-0.66,3.09,0
2008-02-01,6,Tasmania,232.7,4.77,-0.146,-0.651,3.26,0
2008-03-01,6,Tasmania,234.0,4.61,-0.162,-0.692,3.58,0
2008-04-01,6,Tasmania,235.6,4.44,-0.162,-0.773,4.04,0
2008-05-01,6,Tasmania,237.5,4.3,-0.145,-0.877,4.61,0
2008-06-01,6,Tasmania,239.3,4.18,-0.116,-0.984,5.18,0
2008-07-01,6,Tasmania,240.8,4.11,-0.072,-1.064,5.58,0
2008-08-01,6,Tasmania,241.8,4.09,-0.022,-1.097,5.68,0
2008-09-01,6,Tasmania,242.1,4.11,0.025,-1.072,5.48,0
2008-10-01,6,Tasmania,241.9,4.18,0.061,-0.987,5.09,0
2008-11-01,6,Tasmania,241.4,4.26,0.085,-0.853,4.59,0
2008-12-01,6,Tasmania,240.4,4.36,0.103,-0.668,3.96,0
2009-01-01,6,Tasmania,239.3,4.48,0.113,-0.438,3.21,0
2009-02-01,6,Tasmania,238.2,4.59,0.118,-0.174,2.33,0
2009-03-01,6,Tasmania,237.1,4.71,0.115,0.103,1.34,0
2009-04-01,6,Tasmania,236.3,4.82,0.109,0.374,0.29,0
2009-05-01,6,Tasmania,235.7,4.92,0.102,0.621,-0.75,0
2009-06-01,6,Tasmania,235.2,5.02,0.097,0.835,-1.73,0
2009-07-01,6,Tasmania,234.8,5.11,0.093,1.0,-2.52,0
2009-08-01,6,Tasmania,234.3,5.2,0.091,1.112,-3.09,0
2009-09-01,6,Tasmania,233.9,5.29,0.092,1.179,-3.38,0
2009-10-01,6,Tasmania,233.6,5.39,0.098,1.216,-3.44,0
2009-11-01,6,Tasmania,233.7,5.49,0.101,1.232,-3.18,0
2009-12-01,6,Tasmania,234.2,5.59,0.098,1.227,-2.58,0
2010-01-01,6,Tasmania,235.2,5.68,0.092,1.206,-1.71,0
2010-02-01,6,Tasmania,236.3,5.76,0.082,1.17,-0.78,0
2010-03-01,6,Tasmania,237.4,5.83,0.066,1.121,0.11,0
2010-04-01,6,Tasmania,238.3,5.87,0.044,1.056,0.84,0
2010-05-01,6,Tasmania,238.8,5.9,0.024,0.978,1.33,0
2010-06-01,6,Tasmania,239.0,5.9,0.003,0.884,1.64,0
2010-07-01,6,Tasmania,239.0,5.89,-0.015,0.775,1.82,0
2010-08-01,6,Tasmania,238.9,5.85,-0.035,0.649,1.96,0
2010-09-01,6,Tasmania,238.8,5.8,-0.055,0.502,2.1,0
2010-10-01,6,Tasmania,238.8,5.73,-0.07,0.335,2.24,0
2010-11-01,6,Tasmania,239.1,5.65,-0.078,0.156,2.31,0
2010-12-01,6,Tasmania,239.5,5.57,-0.081,-0.022,2.25,0
2011-01-01,6,Tasmania,239.9,5.49,-0.077,-0.191,2.01,0
2011-02-01,6,Tasmania,240.1,5.42,-0.068,-0.342,1.63,0
2011-03-01,6,Tasmania,240.1,5.37,-0.056,-0.463,1.12,0
2011-04-01,6,Tasmania,239.6,5.33,-0.034,-0.54,0.55,0
2011-05-01,6,Tasmania,239.0,5.33,-0.007,-0.572,0.07,0
2011-06-01,6,Tasmania,238.4,5.35,0.025,-0.55,-0.27,0
2011-07-01,6,Tasmania,238.0,5.41,0.059,-0.476,-0.43,0
2011-08-01,6,Tasmania,237.8,5.51,0.099,-0.342,-0.46,0
2011-09-01,6,Tasmania,237.8,5.65,0.142,-0.145,-0.4,0
2011-10-01,6,Tasmania,238.0,5.83,0.179,0.104,-0.36,0
2011-11-01,6,Tasmania,237.9,6.04,0.206,0.388,-0.49,0
2011-12-01,6,Tasmania,237.5,6.26,0.22,0.688,-0.84,0
2012-01-01,6,Tasmania,236.8,6.47,0.211,0.976,-1.29,0
2012-02-01,6,Tasmania,236.0,6.65,0.183,1.227,-1.73,0
2012-03-01,6,Tasmania,235.1,6.8,0.146,1.429,-2.07,0
2012-04-01,6,Tasmania,234.4,6.9,0.102,1.564,-2.18,0
2012-05-01,6,Tasmania,234.0,6.95,0.057,1.629,-2.09,0
2012-06-01,6,Tasmania,234.0,6.98,0.021,1.626,-1.87,0
2012-07-01,6,Tasmania,234.1,6.98,0.0,1.566,-1.64,0
2012-08-01,6,Tasmania,234.2,6.97,-0.003,1.464,-1.51,0
2012-09-01,6,Tasmania,234.2,6.98,0.008,1.33,-1.53,0
2012-10-01,6,Tasmania,234.0,7.01,0.028,1.179,-1.65,0
2012-11-01,6,Tasmania,233.8,7.06,0.051,1.024,-1.74,0
2012-12-01,6,Tasmania,233.5,7.13,0.072,0.876,-1.68,0
2013-01-01,6,Tasmania,233.3,7.22,0.091,0.756,-1.5,0
2013-02-01,6,Tasmania,233.2,7.32,0.1,0.673,-1.19,0
2013-03-01,6,Tasmania,233.2,7.43,0.107,0.634,-0.83,0
2013-04-01,6,Tasmania,233.0,7.54,0.111,0.643,-0.59,0
2013-05-01,6,Tasmania,232.7,7.65,0.108,0.694,-0.57,0
2013-06-01,6,Tasmania,232.1,7.75,0.099,0.771,-0.77,0
2013-07-01,6,Tasmania,231.5,7.83,0.08,0.852,-1.12,0
2013-08-01,6,Tasmania,230.8,7.88,0.055,0.91,-1.47,0
2013-09-01,6,Tasmania,230.3,7.9,0.022,0.924,-1.69,0
2013-10-01,6,Tasmania,230.1,7.89,-0.018,0.878,-1.68,0
2013-11-01,6,Tasmania,230.5,7.83,-0.059,0.767,-1.38,0
2013-12-01,6,Tasmania,231.5,7.74,-0.09,0.606,-0.87,0
2014-01-01,6,Tasmania,232.7,7.63,-0.105,0.41,-0.26,0
2014-02-01,6,Tasmania,234.0,7.53,-0.103,0.207,0.33,0
2014-03-01,6,Tasmania,235.1,7.44,-0.087,0.013,0.83,0
2014-04-01,6,Tasmania,235.9,7.38,-0.067,-0.165,1.23,0
2014-05-01,6,Tasmania,236.3,7.32,-0.053,-0.326,1.58,0
2014-06-01,6,Tasmania,236.7,7.27,-0.051,-0.475,1.94,0
2014-07-01,6,Tasmania,237.1,7.21,-0.063,-0.618,2.44,0
2014-08-01,6,Tasmania,237.8,7.13,-0.077,-0.75,3.07,0
2014-09-01,6,Tasmania,238.8,7.04,-0.088,-0.86,3.7,0
2014-10-01,6,Tasmania,239.7,6.95,-0.091,-0.933,4.19,0
2014-11-01,6,Tasmania,240.5,6.87,-0.086,-0.96,4.31,0
2014-12-01,6,Tasmania,240.8,6.79,-0.076,-0.946,4.02,0
2015-01-01,6,Tasmania,240.6,6.73,-0.066,-0.907,3.43,0
2015-02-01,6,Tasmania,240.2,6.67,-0.055,-0.859,2.65,0
2015-03-01,6,Tasmania,239.6,6.62,-0.049,-0.821,1.92,0
2015-04-01,6,Tasmania,239.3,6.57,-0.048,-0.802,1.46,0
2015-05-01,6,Tasmania,239.5,6.53,-0.044,-0.794,1.32,0
2015-06-01,6,Tasmania,240.0,6.49,-0.035,-0.778,1.4,0
2015-07-01,6,Tasmania,240.6,6.47,-0.022,-0.736,1.47,0
2015-08-01,6,Tasmania,241.1,6.47,-0.006,-0.665,1.38,0
2015-09-01,6,Tasmania,241.3,6.48,0.009,-0.568,1.07,0
2015-10-01,6,Tasmania,241.0,6.5,0.021,-0.456,0.54,0
2015-11-01,6,Tasmania,240.3,6.53,0.029,-0.341,-0.07,0
2015-12-01,6,Tasmania,239.4,6.56,0.029,-0.236,-0.57,0
2016-01-01,6,Tasmania,238.5,6.58,0.021,-0.149,-0.88,0
2016-02-01,6,Tasmania,237.8,6.59,0.012,-0.082,-0.99,0
2016-03-01,6,Tasmania,237.1,6.59,0.002,-0.031,-1.03,0
2016-04-01,6,Tasmania,236.7,6.58,-0.011,0.006,-1.1,0
2016-05-01,6,Tasmania,236.5,6.55,-0.026,0.025,-1.26,0
2016-06-01,6,Tasmania,236.4,6.51,-0.039,0.02,-1.47,0
2016-07-01,6,Tasmania,236.6,6.47,-0.048,-0.006,-1.65,0
2016-08-01,6,Tasmania,237.1,6.41,-0.057,-0.057,-1.69,0
2016-09-01,6,Tasmania,237.7,6.34,-0.067,-0.134,-1.5,0
2016-10-01,6,Tasmania,238.5,6.27,-0.075,-0.23,-1.04,0
2016-11-01,6,Tasmania,239.3,6.19,-0.081,-0.34,-0.41,0
2016-12-01,6,Tasmania,240.1,6.1,-0.084,-0.453,0.3,0
2017-01-01,6,Tasmania,241.1,6.01,-0.088,-0.562,1.07,0
2017-02-01,6,Tasmania,242.4,5.92,-0.089,-0.664,1.96,0
2017-03-01,6,Tasmania,244.1,5.84,-0.083,-0.749,2.93,0
2017-04-01,6,Tasmania,245.9,5.78,-0.066,-0.804,3.9,0
2017-05-01,6,Tasmania,247.7,5.74,-0.038,-0.816,4.74,0
2017-06-01,6,Tasmania,249.1,5.73,-0.008,-0.785,5.36,0
2017-07-01,6,Tasmania,250.1,5.75,0.021,-0.716,5.7,0
2017-08-01,6,Tasmania,250.6,5.79,0.043,-0.616,5.73,0
2017-09-01,6,Tasmania,250.8,5.85,0.054,-0.494,5.52,0
2017-10-01,6,Tasmania,251.0,5.9,0.055,-0.364,5.21,0
2017-11-01,6,Tasmania,251.1,5.95,0.047,-0.237,4.94,0
2017-12-01,6,Tasmania,251.5,5.98,0.032,-0.121,4.76,0
2018-01-01,6,Tasmania,252.1,6.0,0.016,-0.016,4.56,0
2018-02-01,6,Tasmania,252.8,6.0,-0.003,0.07,4.26,0
2018-03-01,6,Tasmania,253.6,5.97,-0.025,0.128,3.88,0
2018-04-01,6,Tasmania,254.4,5.93,-0.039,0.155,3.44,0
2018-05-01,6,Tasmania,255.1,5.89,-0.041,0.152,3.0,0
2018-06-01,6,Tasmania,255.6,5.86,-0.028,0.132,2.6,0
2018-07-01,6,Tasmania,255.8,5.86,0.0,0.111,2.27,0
2018-08-01,6,Tasmania,255.7,5.9,0.036,0.104,2.0,0
2018-09-01,6,Tasmania,255.3,5.97,0.076,0.126,1.79,0
2018-10-01,6,Tasmania,254.9,6.09,0.113,0.184,1.57,0
2018-11-01,6,Tasmania,254.4,6.23,0.139,0.275,1.29,0
2018-12-01,6,Tasmania,254.0,6.37,0.149,0.392,0.96,0
2019-01-01,6,Tasmania,253.7,6.52,0.141,0.517,0.64,0
2019-02-01,6,Tasmania,253.7,6.63,0.116,0.637,0.38,0
2019-03-01,6,Tasmania,254.0,6.71,0.076,0.737,0.15,0
2019-04-01,6,Tasmania,254.4,6.73,0.026,0.803,0.01,0
2019-05-01,6,Tasmania,255.1,6.71,-0.025,0.819,0.0,0
2019-06-01,6,Tasmania,255.8,6.64,-0.071,0.775,0.09,0
2019-07-01,6,Tasmania,256.7,6.53,-0.11,0.665,0.35,0
2019-08-01,6,Tasmania,257.8,6.39,-0.136,0.493,0.82,0
2019-09-01,6,Tasmania,259.1,6.25,-0.14,0.277,1.46,0
2019-10-01,6,Tasmania,260.6,6.12,-0.128,0.036,2.22,0
2019-11-01,6,Tasmania,262.2,6.02,-0.104,-0.206,3.05,0
2019-12-01,6,Tasmania,263.7,5.95,-0.067,-0.422,3.82,0
2020-01-01,6,Tasmania,264.8,5.93,-0.022,-0.586,4.36,0
2020-02-01,6,Tasmania,265.3,5.96,0.027,-0.676,4.58,0
2020-03-01,6,Tasmania,265.3,6.03,0.072,-0.679,4.48,0
2020-04-01,6,Tasmania,260.1,6.24,0.214,-0.491,2.23,0
2020-05-01,6,Tasmania,259.8,6.36,0.119,-0.347,1.86,0
2020-06-01,6,Tasmania,259.8,6.48,0.114,-0.162,1.55,0
2020-07-01,6,Tasmania,260.1,6.57,0.093,0.041,1.34,0
2020-08-01,6,Tasmania,260.8,6.63,0.06,0.237,1.18,0
2020-09-01,6,Tasmania,261.9,6.65,0.019,0.397,1.09,0
2020-10-01,6,Tasmania,263.3,6.62,-0.025,0.501,1.07,0
2020-11-01,6,Tasmania,265.0,6.56,-0.065,0.539,1.08,0
2020-12-01,6,Tasmania,266.7,6.46,-0.098,0.509,1.14,0
2021-01-01,6,Tasmania,268.3,6.34,-0.119,0.412,1.33,0
2021-02-01,6,Tasmania,269.8,6.22,-0.125,0.26,1.7,0
2021-03-01,6,Tasmania,271.2,6.1,-0.117,0.072,2.21,0
2021-04-01,6,Tasmania,272.5,6.0,-0.097,-0.239,4.75,0
2021-05-01,6,Tasmania,273.7,5.93,-0.071,-0.43,5.35,0
2021-06-01,6,Tasmania,274.9,4.95,-0.981,-1.525,5.8,0
2021-07-01,6,Tasmania,275.9,4.94,-0.015,-1.633,6.07,0
2021-08-01,6,Tasmania,276.7,4.94,0.002,-1.691,6.09,0
2021-09-01,6,Tasmania,277.2,4.95,0.015,-1.695,5.83,0
2021-10-01,6,Tasmania,277.4,4.97,0.021,-1.65,5.35,0
2021-11-01,6,Tasmania,277.7,5.0,0.024,-1.561,4.8,0
2021-12-01,6,Tasmania,278.1,4.08,-0.92,-2.383,4.29,0
2022-01-01,6,Tasmania,278.6,4.11,0.031,-2.234,3.85,0
2022-02-01,6,Tasmania,279.1,4.14,0.034,-2.075,3.46,0
2022-03-01,6,Tasmania,279.6,4.17,0.033,-1.925,3.1,0
2022-04-01,6,Tasmania,280.0,4.2,0.026,-1.803,2.75,0
2022-05-01,6,Tasmania,280.3,4.22,0.016,-1.716,2.42,0
2022-06-01,6,Tasmania,280.9,4.22,0.003,-0.731,2.17,0
2022-07-01,6,Tasmania,281.6,4.21,-0.011,-0.728,2.06,0
2022-08-01,6,Tasmania,282.6,4.18,-0.026,-0.756,2.15,0
2022-09-01,6,Tasmania,283.8,4.15,-0.036,-0.808,2.41,0
2022-10-01,6,Tasmania,285.0,4.11,-0.039,-0.867,2.74,0
2022-11-01,6,Tasmania,286.1,4.07,-0.035,-0.926,3.02,0
2022-12-01,6,Tasmania,287.0,4.05,-0.022,-0.028,3.19,0
2023-01-01,6,Tasmania,287.7,4.05,-0.003,-0.062,3.24,0
2023-02-01,6,Tasmania,288.1,4.06,0.018,-0.077,3.19,0
2023-03-01,6,Tasmania,288.0,4.1,0.034,-0.076,3.02,0
2023-04-01,6,Tasmania,287.6,4.14,0.044,-0.057,2.74,0
2023-05-01,6,Tasmania,286.9,4.19,0.043,-0.03,2.34,0
2023-06-01,6,Tasmania,286.0,4.22,0.032,-0.001,1.84,0
2023-07-01,6,Tasmania,285.3,4.23,0.015,0.025,1.3,0
2023-08-01,6,Tasmania,284.8,4.23,-0.006,0.045,0.77,0
2023-09-01,6,Tasmania,284.6,4.2,-0.026,0.055,0.26,0
2023-10-01,6,Tasmania,284.3,4.17,-0.035,0.059,-0.24,0
2023-11-01,6,Tasmania,283.9,4.13,-0.035,0.058,-0.75,0
2023-12-01,6,Tasmania,283.4,4.1,-0.029,0.052,-1.26,0
2024-01-01,6,Tasmania,282.9,4.08,-0.023,0.032,-1.67,0
2024-02-01,6,Tasmania,282.6,4.06,-0.017,-0.004,-1.91,0
2024-03-01,6,Tasmania,282.4,4.05,-0.01,-0.048,-1.95,0
2024-04-01,6,Tasmania,282.4,4.05,-0.004,-0.096,-1.83,0
2024-05-01,6,Tasmania,282.1,4.05,0.006,-0.133,-1.66,0
2024-06-01,6,Tasmania,281.6,4.07,0.013,-0.152,-1.56,0
2024-07-01,6,Tasmania,280.7,4.08,0.016,-0.151,-1.6,0
2024-08-01,6,Tasmania,279.8,4.09,0.013,-0.132,-1.76,0
2024-09-01,6,Tasmania,279.1,4.1,0.004,-0.102,-1.92,0
2024-10-01,6,Tasmania,278.9,4.09,-0.009,-0.075,-1.91,0
2024-11-01,6,Tasmania,279.1,4.07,-0.02,-0.06,-1.69,0
2024-12-01,6,Tasmania,279.7,4.04,-0.028,-0.059,-1.3,0
2025-01-01,6,Tasmania,280.4,4.01,-0.032,-0.068,-0.86,0
2025-02-01,6,Tasmania,281.3,3.97,-0.036,-0.087,-0.46,0
2025-03-01,6,Tasmania,282.2,3.94,-0.034,-0.11,-0.08,0
2025-04-01,6,Tasmania,283.2,3.92,-0.025,-0.132,0.31,0
2025-05-01,6,Tasmania,284.3,3.91,-0.01,-0.148,0.77,0
2025-06-01,6,Tasmania,285.4,3.91,0.009,-0.152,1.35,0
2025-07-01,6,Tasmania,286.3,3.95,0.033,-0.135,1.98,0
2025-08-01,6,Tasmania,286.7,4.01,0.061,-0.087,2.49,0
2025-09-01,6,Tasmania,286.6,4.1,0.092,0.001,2.69,0
2025-10-01,6,Tasmania,285.9,4.22,0.117,0.127,2.53,0
2025-11-01,6,Tasmania,284.9,4.35,0.132,0.279,2.07,0
2025-12-01,6,Tasmania,283.7,4.48,0.133,0.439,1.43,0
2026-01-01,6,Tasmania,282.4,4.61,0.124,0.596,0.71,0
2026-02-01,6,Tasmania,281.4,4.71,0.107,0.739,0.03,0
2026-03-01,6,Tasmania,280.7,4.8,0.087,0.86,-0.54,0
2026-04-01,6,Tasmania,280.4,4.87,0.065,0.95,-0.99,0
2026-05-01,6,Tasmania,280.6,4.91,0.047,1.007,-1.31,0
2026-06-01,6,Tasmania,281.0,4.95,0.034,1.032,-1.55,1
1978-02-01,2,Victoria,1638.1,5.72,,,,0
1978-03-01,2,Victoria,1642.8,5.68,-0.04,,,0
1978-04-01,2,Victoria,1646.6,5.63,-0.056,,,0
1978-05-01,2,Victoria,1649.5,5.57,-0.06,,,0
1978-06-01,2,Victoria,1650.8,5.49,-0.073,,,0
1978-07-01,2,Victoria,1649.9,5.41,-0.084,,,0
1978-08-01,2,Victoria,1646.9,5.35,-0.062,,,0
1978-09-01,2,Victoria,1643.7,5.34,-0.008,,,0
1978-10-01,2,Victoria,1642.2,5.38,0.043,,,0
1978-11-01,2,Victoria,1642.9,5.46,0.082,,,0
1978-12-01,2,Victoria,1645.6,5.56,0.092,,,0
1979-01-01,2,Victoria,1649.5,5.62,0.064,,,0
1979-02-01,2,Victoria,1653.3,5.64,0.015,-0.086,0.93,0
1979-03-01,2,Victoria,1656.0,5.6,-0.034,-0.081,0.81,0
1979-04-01,2,Victoria,1656.9,5.55,-0.052,-0.077,0.63,0
1979-05-01,2,Victoria,1656.3,5.53,-0.02,-0.037,0.41,0
1979-06-01,2,Victoria,1655.2,5.58,0.05,0.086,0.27,0
1979-07-01,2,Victoria,1655.1,5.69,0.111,0.281,0.31,0
1979-08-01,2,Victoria,1657.0,5.82,0.128,0.471,0.61,0
1979-09-01,2,Victoria,1661.4,5.91,0.093,0.573,1.07,0
1979-10-01,2,Victoria,1667.8,5.93,0.021,0.551,1.56,0
1979-11-01,2,Victoria,1674.8,5.88,-0.052,0.417,1.94,0
1979-12-01,2,Victoria,1680.8,5.77,-0.107,0.218,2.14,0
1980-01-01,2,Victoria,1684.7,5.67,-0.103,0.051,2.13,0
1980-02-01,2,Victoria,1686.5,5.62,-0.051,-0.015,2.01,0
1980-03-01,2,Victoria,1687.3,5.65,0.029,0.048,1.89,0
1980-04-01,2,Victoria,1688.2,5.74,0.091,0.192,1.89,0
1980-05-01,2,Victoria,1689.8,5.85,0.114,0.326,2.02,0
1980-06-01,2,Victoria,1691.8,5.95,0.095,0.371,2.21,0
1980-07-01,2,Victoria,1693.9,6.02,0.068,0.327,2.34,0
1980-08-01,2,Victoria,1695.9,6.06,0.041,0.24,2.35,0
1980-09-01,2,Victoria,1697.7,6.06,0.007,0.154,2.18,0
1980-10-01,2,Victoria,1699.5,6.05,-0.014,0.118,1.91,0
1980-11-01,2,Victoria,1702.4,6.01,-0.041,0.129,1.65,0
1980-12-01,2,Victoria,1706.6,5.95,-0.065,0.171,1.53,0
1981-01-01,2,Victoria,1711.9,5.86,-0.086,0.188,1.61,0
1981-02-01,2,Victoria,1717.2,5.75,-0.106,0.133,1.82,0
1981-03-01,2,Victoria,1721.6,5.65,-0.105,-0.001,2.03,0
1981-04-01,2,Victoria,1724.7,5.58,-0.073,-0.165,2.16,0
1981-05-01,2,Victoria,1726.7,5.55,-0.024,-0.303,2.19,0
1981-06-01,2,Victoria,1727.7,5.57,0.015,-0.383,2.12,0
1981-07-01,2,Victoria,1727.4,5.6,0.032,-0.419,1.98,0
1981-08-01,2,Victoria,1725.9,5.62,0.02,-0.44,1.77,0
1981-09-01,2,Victoria,1723.7,5.63,0.01,-0.436,1.53,0
1981-10-01,2,Victoria,1721.2,5.63,0.004,-0.417,1.27,0
1981-11-01,2,Victoria,1719.0,5.64,0.006,-0.371,0.97,0
1981-12-01,2,Victoria,1717.7,5.67,0.033,-0.273,0.65,0
1982-01-01,2,Victoria,1717.6,5.74,0.066,-0.12,0.34,0
1982-02-01,2,Victoria,1718.3,5.85,0.107,0.093,0.06,0
1982-03-01,2,Victoria,1719.1,5.98,0.133,0.331,-0.15,0
1982-04-01,2,Victoria,1719.4,6.12,0.139,0.543,-0.31,0
1982-05-01,2,Victoria,1719.1,6.25,0.131,0.698,-0.44,0
1982-06-01,2,Victoria,1718.2,6.38,0.134,0.817,-0.55,0
1982-07-01,2,Victoria,1716.4,6.55,0.162,0.948,-0.64,0
1982-08-01,2,Victoria,1713.0,6.75,0.208,1.136,-0.75,0
1982-09-01,2,Victoria,1708.1,7.01,0.255,1.38,-0.9,0
1982-10-01,2,Victoria,1702.0,7.3,0.288,1.664,-1.11,0
1982-11-01,2,Victoria,1694.7,7.61,0.308,1.966,-1.41,0
1982-12-01,2,Victoria,1686.3,7.93,0.325,2.257,-1.83,0
1983-01-01,2,Victoria,1677.8,8.26,0.327,2.518,-2.32,0
1983-02-01,2,Victoria,1670.3,8.58,0.323,2.734,-2.8,0
1983-03-01,2,Victoria,1664.8,8.88,0.3,2.9,-3.16,0
1983-04-01,2,Victoria,1662.1,9.15,0.267,3.028,-3.33,0
1983-05-01,2,Victoria,1662.9,9.35,0.205,3.102,-3.27,0
1983-06-01,2,Victoria,1667.2,9.46,0.111,3.08,-2.97,0
1983-07-01,2,Victoria,1674.2,9.46,-0.007,2.91,-2.46,0
1983-08-01,2,Victoria,1682.4,9.33,-0.121,2.58,-1.79,0
1983-09-01,2,Victoria,1689.5,9.16,-0.178,2.148,-1.09,0
1983-10-01,2,Victoria,1694.6,8.97,-0.192,1.668,-0.44,0
1983-11-01,2,Victoria,1698.1,8.79,-0.172,1.187,0.2,0
1983-12-01,2,Victoria,1701.0,8.64,-0.153,0.71,0.87,0
1984-01-01,2,Victoria,1704.2,8.5,-0.139,0.244,1.57,0
1984-02-01,2,Victoria,1708.5,8.37,-0.134,-0.213,2.29,0
1984-03-01,2,Victoria,1713.7,8.21,-0.153,-0.667,2.94,0
1984-04-01,2,Victoria,1719.5,8.04,-0.178,-1.111,3.45,0
1984-05-01,2,Victoria,1725.1,7.84,-0.195,-1.511,3.74,0
1984-06-01,2,Victoria,1730.1,7.66,-0.182,-1.805,3.77,0
1984-07-01,2,Victoria,1734.9,7.51,-0.15,-1.947,3.63,0
1984-08-01,2,Victoria,1739.6,7.41,-0.098,-1.924,3.4,0
1984-09-01,2,Victoria,1744.5,7.35,-0.061,-1.808,3.26,0
1984-10-01,2,Victoria,1749.1,7.31,-0.039,-1.655,3.22,0
1984-11-01,2,Victoria,1752.4,7.29,-0.017,-1.499,3.2,0
1984-12-01,2,Victoria,1754.4,7.27,-0.021,-1.368,3.14,0
1985-01-01,2,Victoria,1755.1,7.24,-0.029,-1.258,2.99,0
1985-02-01,2,Victoria,1755.3,7.21,-0.036,-1.159,2.74,0
1985-03-01,2,Victoria,1756.3,7.16,-0.044,-1.051,2.48,0
1985-04-01,2,Victoria,1759.5,7.1,-0.063,-0.935,2.33,0
1985-05-01,2,Victoria,1764.7,7.02,-0.083,-0.824,2.3,0
1985-06-01,2,Victoria,1771.9,6.93,-0.092,-0.733,2.42,0
1985-07-01,2,Victoria,1780.4,6.83,-0.098,-0.682,2.62,0
1985-08-01,2,Victoria,1789.7,6.73,-0.097,-0.68,2.88,0
1985-09-01,2,Victoria,1798.9,6.65,-0.085,-0.704,3.12,0
1985-10-01,2,Victoria,1807.3,6.59,-0.058,-0.723,3.33,0
1985-11-01,2,Victoria,1815.0,6.55,-0.032,-0.739,3.57,0
1985-12-01,2,Victoria,1821.9,6.55,-0.007,-0.725,3.85,0
1986-01-01,2,Victoria,1828.4,6.55,0.0,-0.696,4.18,0
1986-02-01,2,Victoria,1834.7,6.53,-0.016,-0.676,4.53,0
1986-03-01,2,Victoria,1840.3,6.51,-0.018,-0.649,4.79,0
1986-04-01,2,Victoria,1844.5,6.53,0.013,-0.573,4.83,0
1986-05-01,2,Victoria,1847.9,6.58,0.051,-0.438,4.71,0
1986-06-01,2,Victoria,1851.0,6.66,0.083,-0.263,4.47,0
1986-07-01,2,Victoria,1854.1,6.77,0.108,-0.057,4.14,0
1986-08-01,2,Victoria,1858.0,6.88,0.111,0.151,3.82,0
1986-09-01,2,Victoria,1862.6,6.95,0.07,0.306,3.54,0
1986-10-01,2,Victoria,1868.0,6.96,0.011,0.375,3.36,0
1986-11-01,2,Victoria,1873.8,6.92,-0.039,0.369,3.24,0
1986-12-01,2,Victoria,1880.1,6.85,-0.069,0.307,3.19,0
1987-01-01,2,Victoria,1886.7,6.77,-0.081,0.226,3.19,0
1987-02-01,2,Victoria,1894.1,6.68,-0.089,0.152,3.23,0
1987-03-01,2,Victoria,1902.6,6.58,-0.104,0.066,3.38,0
1987-04-01,2,Victoria,1911.4,6.45,-0.134,-0.081,3.63,0
1987-05-01,2,Victoria,1918.9,6.29,-0.152,-0.285,3.84,0
1987-06-01,2,Victoria,1923.3,6.15,-0.141,-0.509,3.91,0
1987-07-01,2,Victoria,1924.8,6.04,-0.11,-0.728,3.81,0
1987-08-01,2,Victoria,1924.2,5.98,-0.058,-0.897,3.56,0
1987-09-01,2,Victoria,1923.1,5.98,0.0,-0.966,3.25,0
1987-10-01,2,Victoria,1922.6,6.01,0.029,-0.949,2.92,0
1987-11-01,2,Victoria,1923.7,6.05,0.037,-0.873,2.66,0
1987-12-01,2,Victoria,1926.7,6.1,0.049,-0.755,2.48,0
1988-01-01,2,Victoria,1930.7,6.17,0.068,-0.605,2.33,0
1988-02-01,2,Victoria,1934.3,6.24,0.073,-0.443,2.12,0
1988-03-01,2,Victoria,1936.4,6.31,0.064,-0.275,1.78,0
1988-04-01,2,Victoria,1937.8,6.33,0.029,-0.111,1.38,0
1988-05-01,2,Victoria,1939.6,6.31,-0.025,0.016,1.08,0
1988-06-01,2,Victoria,1942.5,6.2,-0.105,0.052,1.0,0
1988-07-01,2,Victoria,1947.4,6.03,-0.173,-0.011,1.17,0
1988-08-01,2,Victoria,1953.7,5.82,-0.208,-0.161,1.53,0
1988-09-01,2,Victoria,1961.4,5.64,-0.18,-0.341,1.99,0
1988-10-01,2,Victoria,1970.2,5.54,-0.108,-0.478,2.48,0
1988-11-01,2,Victoria,1979.5,5.49,-0.042,-0.558,2.9,0
1988-12-01,2,Victoria,1989.3,5.48,-0.015,-0.621,3.25,0
1989-01-01,2,Victoria,2000.4,5.46,-0.018,-0.707,3.61,0
1989-02-01,2,Victoria,2012.4,5.41,-0.051,-0.832,4.04,0
1989-03-01,2,Victoria,2024.3,5.31,-0.099,-0.995,4.54,0
1989-04-01,2,Victoria,2035.1,5.16,-0.147,-1.171,5.02,0
1989-05-01,2,Victoria,2044.1,5.0,-0.168,-1.314,5.39,0
1989-06-01,2,Victoria,2051.3,4.84,-0.159,-1.369,5.6,0
1989-07-01,2,Victoria,2056.6,4.72,-0.116,-1.312,5.61,0
1989-08-01,2,Victoria,2060.7,4.65,-0.072,-1.176,5.48,0
1989-09-01,2,Victoria,2064.7,4.61,-0.034,-1.029,5.27,0
1989-10-01,2,Victoria,2068.9,4.61,-0.005,-0.927,5.01,0
1989-11-01,2,Victoria,2073.7,4.63,0.017,-0.867,4.76,0
1989-12-01,2,Victoria,2079.1,4.65,0.027,-0.826,4.51,0
1990-01-01,2,Victoria,2085.1,4.68,0.028,-0.779,4.23,0
1990-02-01,2,Victoria,2091.5,4.74,0.054,-0.673,3.93,0
1990-03-01,2,Victoria,2097.7,4.85,0.118,-0.456,3.63,0
1990-04-01,2,Victoria,2102.0,5.06,0.205,-0.104,3.29,0
1990-05-01,2,Victoria,2102.8,5.35,0.293,0.357,2.87,0
1990-06-01,2,Victoria,2099.4,5.73,0.376,0.892,2.34,0
1990-07-01,2,Victoria,2092.1,6.16,0.428,1.436,1.72,0
1990-08-01,2,Victoria,2082.3,6.6,0.445,1.953,1.05,0
1990-09-01,2,Victoria,2071.5,7.02,0.422,2.409,0.33,0
1990-10-01,2,Victoria,2060.9,7.4,0.375,2.788,-0.39,0
1990-11-01,2,Victoria,2050.1,7.74,0.342,3.113,-1.14,0
1990-12-01,2,Victoria,2038.1,8.08,0.339,3.425,-1.97,0
1991-01-01,2,Victoria,2024.5,8.44,0.366,3.762,-2.91,0
1991-02-01,2,Victoria,2009.2,8.84,0.397,4.105,-3.93,0
1991-03-01,2,Victoria,1993.5,9.23,0.392,4.378,-4.97,0
1991-04-01,2,Victoria,1979.5,9.6,0.368,4.54,-5.83,0
1991-05-01,2,Victoria,1969.7,9.91,0.31,4.558,-6.33,0
1991-06-01,2,Victoria,1964.4,10.13,0.223,4.404,-6.43,0
1991-07-01,2,Victoria,1962.6,10.28,0.143,4.119,-6.19,0
1991-08-01,2,Victoria,1962.7,10.38,0.108,3.783,-5.74,0
1991-09-01,2,Victoria,1963.4,10.48,0.096,3.458,-5.22,0
1991-10-01,2,Victoria,1963.6,10.59,0.113,3.196,-4.72,0
1991-11-01,2,Victoria,1962.8,10.72,0.13,2.984,-4.26,0
1991-12-01,2,Victoria,1960.3,10.87,0.146,2.792,-3.82,0
1992-01-01,2,Victoria,1956.3,11.02,0.152,2.578,-3.37,0
1992-02-01,2,Victoria,1951.7,11.18,0.162,2.343,-2.86,0
1992-03-01,2,Victoria,1947.8,11.36,0.172,2.123,-2.29,0
1992-04-01,2,Victoria,1945.2,11.5,0.146,1.901,-1.73,0
1992-05-01,2,Victoria,1944.3,11.58,0.084,1.675,-1.29,0
1992-06-01,2,Victoria,1944.9,11.62,0.035,1.487,-0.99,0
1992-07-01,2,Victoria,1946.6,11.61,-0.007,1.337,-0.82,0
1992-08-01,2,Victoria,1947.7,11.58,-0.031,1.197,-0.76,0
1992-09-01,2,Victoria,1947.1,11.55,-0.03,1.071,-0.83,0
1992-10-01,2,Victoria,1944.9,11.53,-0.019,0.939,-0.95,0
1992-11-01,2,Victoria,1942.2,11.51,-0.023,0.786,-1.05,0
1992-12-01,2,Victoria,1939.6,11.49,-0.015,0.624,-1.06,0
1993-01-01,2,Victoria,1937.1,11.5,0.009,0.481,-0.98,0
1993-02-01,2,Victoria,1934.1,11.56,0.055,0.375,-0.9,0
1993-03-01,2,Victoria,1930.2,11.68,0.121,0.324,-0.9,0
1993-04-01,2,Victoria,1925.9,11.87,0.194,0.372,-0.99,0
1993-05-01,2,Victoria,1922.0,12.1,0.225,0.513,-1.15,0
1993-06-01,2,Victoria,1920.0,12.29,0.194,0.672,-1.28,0
1993-07-01,2,Victoria,1920.8,12.41,0.121,0.8,-1.33,0
1993-08-01,2,Victoria,1924.0,12.45,0.041,0.872,-1.22,0
1993-09-01,2,Victoria,1928.7,12.42,-0.033,0.869,-0.95,0
1993-10-01,2,Victoria,1933.2,12.35,-0.067,0.821,-0.6,0
1993-11-01,2,Victoria,1936.7,12.28,-0.073,0.77,-0.28,0
1993-12-01,2,Victoria,1939.4,12.2,-0.083,0.703,-0.01,0
1994-01-01,2,Victoria,1942.3,12.07,-0.125,0.569,0.27,0
1994-02-01,2,Victoria,1946.5,11.88,-0.191,0.323,0.64,0
1994-03-01,2,Victoria,1952.3,11.63,-0.255,-0.053,1.14,0
1994-04-01,2,Victoria,1959.6,11.33,-0.292,-0.538,1.75,0
1994-05-01,2,Victoria,1967.6,11.03,-0.303,-1.066,2.37,0
1994-06-01,2,Victoria,1975.4,10.74,-0.288,-1.548,2.88,0
1994-07-01,2,Victoria,1982.0,10.49,-0.257,-1.926,3.19,0
1994-08-01,2,Victoria,1986.9,10.28,-0.204,-2.171,3.27,0
1994-09-01,2,Victoria,1990.0,10.13,-0.148,-2.286,3.18,0
1994-10-01,2,Victoria,1992.2,10.02,-0.117,-2.336,3.05,0
1994-11-01,2,Victoria,1994.9,9.89,-0.126,-2.389,3.01,0
1994-12-01,2,Victoria,1999.4,9.74,-0.156,-2.462,3.09,0
1995-01-01,2,Victoria,2006.1,9.54,-0.193,-2.53,3.29,0
1995-02-01,2,Victoria,2014.7,9.32,-0.22,-2.56,3.51,0
1995-03-01,2,Victoria,2024.4,9.09,-0.232,-2.537,3.69,0
1995-04-01,2,Victoria,2033.8,8.87,-0.214,-2.46,3.79,0
1995-05-01,2,Victoria,2041.0,8.73,-0.148,-2.305,3.73,0
1995-06-01,2,Victoria,2045.8,8.67,-0.056,-2.073,3.56,0
1995-07-01,2,Victoria,2048.9,8.69,0.018,-1.798,3.38,0
1995-08-01,2,Victoria,2051.8,8.74,0.049,-1.545,3.27,0
1995-09-01,2,Victoria,2055.6,8.78,0.046,-1.351,3.3,0
1995-10-01,2,Victoria,2060.2,8.81,0.023,-1.21,3.41,0
1995-11-01,2,Victoria,2064.8,8.81,0.003,-1.081,3.5,0
1995-12-01,2,Victoria,2069.5,8.79,-0.015,-0.941,3.5,0
1996-01-01,2,Victoria,2073.3,8.75,-0.043,-0.79,3.35,0
1996-02-01,2,Victoria,2075.8,8.68,-0.071,-0.641,3.03,0
1996-03-01,2,Victoria,2076.9,8.6,-0.081,-0.489,2.59,0
1996-04-01,2,Victoria,2076.7,8.53,-0.068,-0.343,2.11,0
1996-05-01,2,Victoria,2075.8,8.5,-0.03,-0.225,1.7,0
1996-06-01,2,Victoria,2074.8,8.54,0.038,-0.13,1.42,0
1996-07-01,2,Victoria,2074.0,8.66,0.124,-0.025,1.22,0
1996-08-01,2,Victoria,2073.8,8.85,0.182,0.108,1.07,0
1996-09-01,2,Victoria,2074.5,9.03,0.181,0.243,0.92,0
1996-10-01,2,Victoria,2076.3,9.15,0.12,0.34,0.78,0
1996-11-01,2,Victoria,2078.3,9.19,0.039,0.377,0.65,0
1996-12-01,2,Victoria,2079.8,9.14,-0.046,0.346,0.5,0
1997-01-01,2,Victoria,2080.2,9.06,-0.077,0.312,0.33,0
1997-02-01,2,Victoria,2080.0,9.0,-0.062,0.321,0.2,0
1997-03-01,2,Victoria,2079.3,8.98,-0.023,0.379,0.12,0
1997-04-01,2,Victoria,2078.8,8.99,0.012,0.458,0.1,0
1997-05-01,2,Victoria,2078.8,9.01,0.019,0.507,0.15,0
1997-06-01,2,Victoria,2079.5,8.99,-0.022,0.447,0.23,0
1997-07-01,2,Victoria,2081.1,8.89,-0.096,0.226,0.35,0
1997-08-01,2,Victoria,2084.0,8.73,-0.158,-0.113,0.49,0
1997-09-01,2,Victoria,2088.0,8.54,-0.197,-0.492,0.65,0
1997-10-01,2,Victoria,2092.9,8.33,-0.202,-0.814,0.8,0
1997-11-01,2,Victoria,2098.3,8.17,-0.163,-1.015,0.96,0
1997-12-01,2,Victoria,2103.6,8.07,-0.098,-1.068,1.14,0
1998-01-01,2,Victoria,2108.8,8.03,-0.038,-1.029,1.37,0
1998-02-01,2,Victoria,2113.9,8.03,-0.004,-0.97,1.63,0
1998-03-01,2,Victoria,2118.6,8.04,0.008,-0.939,1.89,0
1998-04-01,2,Victoria,2123.1,8.03,-0.004,-0.955,2.13,0
1998-05-01,2,Victoria,2127.2,8.01,-0.029,-1.003,2.33,0
1998-06-01,2,Victoria,2130.5,7.96,-0.049,-1.03,2.45,0
1998-07-01,2,Victoria,2132.8,7.89,-0.069,-1.003,2.48,0
1998-08-01,2,Victoria,2134.3,7.78,-0.104,-0.949,2.42,0
1998-09-01,2,Victoria,2135.3,7.65,-0.133,-0.885,2.27,0
1998-10-01,2,Victoria,2135.9,7.51,-0.139,-0.822,2.06,0
1998-11-01,2,Victoria,2136.5,7.38,-0.132,-0.792,1.82,0
1998-12-01,2,Victoria,2136.8,7.29,-0.092,-0.786,1.58,0
1999-01-01,2,Victoria,2137.0,7.25,-0.042,-0.789,1.34,0
1999-02-01,2,Victoria,2137.3,7.25,0.0,-0.786,1.11,0
1999-03-01,2,Victoria,2138.3,7.26,0.015,-0.779,0.93,0
1999-04-01,2,Victoria,2139.9,7.27,0.01,-0.765,0.79,0
1999-05-01,2,Victoria,2142.4,7.25,-0.019,-0.754,0.71,0
1999-06-01,2,Victoria,2145.6,7.19,-0.064,-0.77,0.71,0
1999-07-01,2,Victoria,2149.2,7.08,-0.109,-0.81,0.77,0
1999-08-01,2,Victoria,2152.6,6.95,-0.125,-0.831,0.86,0
1999-09-01,2,Victoria,2155.4,6.83,-0.12,-0.818,0.94,0
1999-10-01,2,Victoria,2157.8,6.74,-0.093,-0.772,1.02,0
1999-11-01,2,Victoria,2160.2,6.68,-0.057,-0.696,1.11,0
1999-12-01,2,Victoria,2163.1,6.65,-0.029,-0.633,1.23,0
2000-01-01,2,Victoria,2167.2,6.63,-0.02,-0.611,1.41,0
2000-02-01,2,Victoria,2172.9,6.6,-0.032,-0.643,1.66,0
2000-03-01,2,Victoria,2180.6,6.53,-0.071,-0.728,1.98,0
2000-04-01,2,Victoria,2190.2,6.42,-0.11,-0.848,2.35,0
2000-05-01,2,Victoria,2201.0,6.29,-0.135,-0.965,2.74,0
2000-06-01,2,Victoria,2211.8,6.15,-0.134,-1.035,3.09,0
2000-07-01,2,Victoria,2221.5,6.04,-0.115,-1.041,3.37,0
2000-08-01,2,Victoria,2229.0,5.95,-0.088,-1.003,3.55,0
2000-09-01,2,Victoria,2234.1,5.89,-0.06,-0.943,3.65,0
2000-10-01,2,Victoria,2237.5,5.86,-0.031,-0.881,3.7,0
2000-11-01,2,Victoria,2240.1,5.86,-0.003,-0.827,3.7,0
2000-12-01,2,Victoria,2243.0,5.88,0.027,-0.771,3.69,0
2001-01-01,2,Victoria,2246.6,5.93,0.046,-0.705,3.67,0
2001-02-01,2,Victoria,2250.7,5.99,0.058,-0.615,3.58,0
2001-03-01,2,Victoria,2254.5,6.05,0.065,-0.479,3.39,0
2001-04-01,2,Victoria,2257.4,6.26,0.206,-0.163,3.06,0
2001-05-01,2,Victoria,2259.1,6.33,0.067,0.039,2.64,0
2001-06-01,2,Victoria,2260.2,6.4,0.071,0.245,2.19,0
2001-07-01,2,Victoria,2261.1,6.47,0.075,0.434,1.78,0
2001-08-01,2,Victoria,2262.3,6.55,0.078,0.6,1.49,0
2001-09-01,2,Victoria,2264.0,6.63,0.076,0.736,1.34,0
2001-10-01,2,Victoria,2266.0,6.68,0.053,0.82,1.27,0
2001-11-01,2,Victoria,2268.1,6.68,0.0,0.822,1.25,0
2001-12-01,2,Victoria,2270.2,6.6,-0.079,0.717,1.21,0
2002-01-01,2,Victoria,2272.2,6.45,-0.149,0.522,1.14,0
2002-02-01,2,Victoria,2274.2,6.26,-0.192,0.271,1.04,0
2002-03-01,2,Victoria,2276.1,6.07,-0.19,0.016,0.96,0
2002-04-01,2,Victoria,2278.2,5.92,-0.144,-0.334,0.92,0
2002-05-01,2,Victoria,2280.4,5.86,-0.069,-0.47,0.94,0
2002-06-01,2,Victoria,2282.9,5.86,0.002,-0.539,1.0,0
2002-07-01,2,Victoria,2286.2,5.9,0.04,-0.573,1.11,0
2002-08-01,2,Victoria,2291.0,5.93,0.034,-0.617,1.27,0
2002-09-01,2,Victoria,2297.2,5.92,-0.01,-0.703,1.47,0
2002-10-01,2,Victoria,2305.1,5.86,-0.062,-0.819,1.73,0
2002-11-01,2,Victoria,2313.6,5.76,-0.098,-0.916,2.01,0
2002-12-01,2,Victoria,2321.3,5.67,-0.095,-0.933,2.25,0
2003-01-01,2,Victoria,2327.2,5.61,-0.059,-0.843,2.42,0
2003-02-01,2,Victoria,2331.0,5.61,-0.003,-0.653,2.5,0
2003-03-01,2,Victoria,2332.5,5.66,0.052,-0.411,2.48,0
2003-04-01,2,Victoria,2332.4,5.72,0.062,-0.205,2.38,0
2003-05-01,2,Victoria,2332.0,5.76,0.04,-0.096,2.27,0
2003-06-01,2,Victoria,2332.4,5.74,-0.015,-0.113,2.17,0
2003-07-01,2,Victoria,2333.7,5.68,-0.067,-0.22,2.08,0
2003-08-01,2,Victoria,2335.8,5.58,-0.098,-0.352,1.96,0
2003-09-01,2,Victoria,2338.2,5.49,-0.092,-0.434,1.78,0
2003-10-01,2,Victoria,2340.8,5.43,-0.061,-0.433,1.55,0
2003-11-01,2,Victoria,2343.6,5.41,-0.02,-0.355,1.3,0
2003-12-01,2,Victoria,2346.8,5.42,0.011,-0.249,1.1,0
2004-01-01,2,Victoria,2350.1,5.43,0.015,-0.175,0.98,0
2004-02-01,2,Victoria,2353.4,5.43,0.001,-0.171,0.96,0
2004-03-01,2,Victoria,2356.9,5.42,-0.015,-0.237,1.05,0
2004-04-01,2,Victoria,2360.3,5.41,-0.012,-0.311,1.2,0
2004-05-01,2,Victoria,2364.1,5.42,0.01,-0.341,1.38,0
2004-06-01,2,Victoria,2368.9,5.46,0.039,-0.288,1.56,0
2004-07-01,2,Victoria,2375.4,5.53,0.07,-0.151,1.79,0
2004-08-01,2,Victoria,2383.9,5.6,0.073,0.02,2.06,0
2004-09-01,2,Victoria,2394.1,5.65,0.054,0.166,2.39,0
2004-10-01,2,Victoria,2405.1,5.67,0.012,0.239,2.74,0
2004-11-01,2,Victoria,2415.6,5.63,-0.033,0.226,3.07,0
2004-12-01,2,Victoria,2425.0,5.57,-0.065,0.15,3.33,0
2005-01-01,2,Victoria,2432.5,5.5,-0.07,0.065,3.51,0
2005-02-01,2,Victoria,2438.7,5.44,-0.057,0.006,3.63,0
2005-03-01,2,Victoria,2444.0,5.39,-0.05,-0.029,3.7,0
2005-04-01,2,Victoria,2448.5,5.35,-0.046,-0.063,3.74,0
2005-05-01,2,Victoria,2452.2,5.31,-0.04,-0.113,3.72,0
2005-06-01,2,Victoria,2454.9,5.28,-0.026,-0.178,3.63,0
2005-07-01,2,Victoria,2456.7,5.27,-0.007,-0.254,3.42,0
2005-08-01,2,Victoria,2457.4,5.28,0.011,-0.316,3.08,0
2005-09-01,2,Victoria,2457.6,5.31,0.026,-0.345,2.65,0
2005-10-01,2,Victoria,2457.9,5.33,0.023,-0.333,2.2,0
2005-11-01,2,Victoria,2459.4,5.34,0.009,-0.291,1.81,0
2005-12-01,2,Victoria,2462.8,5.33,-0.016,-0.243,1.56,0
2006-01-01,2,Victoria,2468.4,5.28,-0.041,-0.214,1.47,0
2006-02-01,2,Victoria,2476.0,5.24,-0.048,-0.204,1.53,0
2006-03-01,2,Victoria,2484.8,5.19,-0.049,-0.203,1.67,0
2006-04-01,2,Victoria,2494.6,5.13,-0.057,-0.214,1.88,0
2006-05-01,2,Victoria,2504.7,5.06,-0.07,-0.244,2.14,0
2006-06-01,2,Victoria,2513.5,4.98,-0.08,-0.299,2.39,0
2006-07-01,2,Victoria,2520.6,4.9,-0.077,-0.369,2.6,0
2006-08-01,2,Victoria,2525.7,4.85,-0.055,-0.435,2.78,0
2006-09-01,2,Victoria,2529.2,4.83,-0.023,-0.484,2.91,0
2006-10-01,2,Victoria,2532.3,4.83,0.009,-0.499,3.03,0
2006-11-01,2,Victoria,2536.1,4.86,0.029,-0.478,3.12,0
2006-12-01,2,Victoria,2541.8,4.89,0.027,-0.435,3.21,0
2007-01-01,2,Victoria,2549.8,4.9,0.012,-0.382,3.3,0
2007-02-01,2,Victoria,2559.5,4.88,-0.025,-0.359,3.38,0
2007-03-01,2,Victoria,2569.8,4.82,-0.06,-0.371,3.42,0
2007-04-01,2,Victoria,2579.3,4.74,-0.074,-0.388,3.4,0
2007-05-01,2,Victoria,2587.4,4.66,-0.083,-0.401,3.3,0
2007-06-01,2,Victoria,2594.2,4.58,-0.077,-0.397,3.21,0
2007-07-01,2,Victoria,2599.9,4.53,-0.052,-0.373,3.14,0
2007-08-01,2,Victoria,2604.9,4.51,-0.025,-0.342,3.14,0
2007-09-01,2,Victoria,2610.5,4.51,0.001,-0.319,3.21,0
2007-10-01,2,Victoria,2616.6,4.52,0.013,-0.314,3.33,0
2007-11-01,2,Victoria,2623.0,4.54,0.017,-0.326,3.43,0
2007-12-01,2,Victoria,2629.4,4.55,0.01,-0.343,3.44,0
2008-01-01,2,Victoria,2635.2,4.54,-0.01,-0.364,3.35,0
2008-02-01,2,Victoria,2640.2,4.52,-0.016,-0.356,3.15,0
2008-03-01,2,Victoria,2644.1,4.51,-0.015,-0.311,2.89,0
2008-04-01,2,Victoria,2647.2,4.49,-0.019,-0.256,2.63,0
2008-05-01,2,Victoria,2649.9,4.46,-0.026,-0.198,2.41,0
2008-06-01,2,Victoria,2652.4,4.43,-0.035,-0.156,2.24,0
2008-07-01,2,Victoria,2654.6,4.38,-0.045,-0.149,2.11,0
2008-08-01,2,Victoria,2656.2,4.35,-0.033,-0.157,1.97,0
2008-09-01,2,Victoria,2657.0,4.37,0.017,-0.141,1.78,0
2008-10-01,2,Victoria,2657.0,4.47,0.1,-0.055,1.54,0
2008-11-01,2,Victoria,2656.6,4.65,0.185,0.113,1.28,0
2008-12-01,2,Victoria,2656.1,4.9,0.248,0.35,1.02,0
2009-01-01,2,Victoria,2655.0,5.19,0.289,0.649,0.75,0
2009-02-01,2,Victoria,2653.7,5.46,0.277,0.942,0.51,0
2009-03-01,2,Victoria,2652.8,5.7,0.232,1.19,0.33,0
2009-04-01,2,Victoria,2652.9,5.87,0.173,1.382,0.22,0
2009-05-01,2,Victoria,2654.8,5.97,0.104,1.512,0.19,0
2009-06-01,2,Victoria,2659.7,6.0,0.028,1.574,0.28,0
2009-07-01,2,Victoria,2668.3,5.95,-0.048,1.571,0.52,0
2009-08-01,2,Victoria,2680.5,5.84,-0.109,1.496,0.92,0
2009-09-01,2,Victoria,2695.1,5.69,-0.152,1.327,1.44,0
2009-10-01,2,Victoria,2710.1,5.53,-0.161,1.066,2.0,0
2009-11-01,2,Victoria,2723.3,5.4,-0.132,0.75,2.51,0
2009-12-01,2,Victoria,2732.7,5.32,-0.077,0.425,2.89,0
2010-01-01,2,Victoria,2737.8,5.3,-0.019,0.117,3.12,0
2010-02-01,2,Victoria,2738.8,5.33,0.028,-0.133,3.21,0
2010-03-01,2,Victoria,2737.3,5.39,0.057,-0.308,3.18,0
2010-04-01,2,Victoria,2736.3,5.44,0.049,-0.432,3.15,0
2010-05-01,2,Victoria,2738.1,5.47,0.033,-0.503,3.14,0
2010-06-01,2,Victoria,2743.3,5.49,0.014,-0.516,3.14,0
2010-07-01,2,Victoria,2751.5,5.48,-0.007,-0.474,3.12,0
2010-08-01,2,Victoria,2762.0,5.44,-0.037,-0.402,3.04,0
2010-09-01,2,Victoria,2773.3,5.38,-0.064,-0.315,2.9,0
2010-10-01,2,Victoria,2784.7,5.29,-0.089,-0.242,2.75,0
2010-11-01,2,Victoria,2795.2,5.18,-0.113,-0.224,2.64,0
2010-12-01,2,Victoria,2803.4,5.06,-0.118,-0.266,2.59,0
2011-01-01,2,Victoria,2809.0,4.94,-0.115,-0.362,2.6,0
2011-02-01,2,Victoria,2812.0,4.85,-0.093,-0.483,2.67,0
2011-03-01,2,Victoria,2812.4,4.8,-0.054,-0.594,2.75,0
2011-04-01,2,Victoria,2811.1,4.8,0.001,-0.642,2.73,0
2011-05-01,2,Victoria,2809.9,4.85,0.051,-0.624,2.62,0
2011-06-01,2,Victoria,2810.2,4.93,0.088,-0.551,2.44,0
2011-07-01,2,Victoria,2811.8,5.05,0.112,-0.432,2.19,0
2011-08-01,2,Victoria,2814.4,5.15,0.105,-0.29,1.9,0
2011-09-01,2,Victoria,2816.3,5.22,0.068,-0.158,1.55,0
2011-10-01,2,Victoria,2816.9,5.26,0.037,-0.032,1.16,0
2011-11-01,2,Victoria,2816.7,5.27,0.017,0.098,0.77,0
2011-12-01,2,Victoria,2817.3,5.29,0.014,0.23,0.49,0
2012-01-01,2,Victoria,2820.2,5.32,0.028,0.374,0.4,0
2012-02-01,2,Victoria,2826.0,5.36,0.048,0.515,0.5,0
2012-03-01,2,Victoria,2834.0,5.41,0.048,0.617,0.77,0
2012-04-01,2,Victoria,2842.5,5.46,0.044,0.659,1.12,0
2012-05-01,2,Victoria,2849.4,5.49,0.035,0.643,1.4,0
2012-06-01,2,Victoria,2853.0,5.51,0.021,0.576,1.52,0
2012-07-01,2,Victoria,2853.4,5.52,0.004,0.468,1.48,0
2012-08-01,2,Victoria,2851.2,5.52,0.006,0.369,1.31,0
2012-09-01,2,Victoria,2848.2,5.54,0.014,0.315,1.13,0
2012-10-01,2,Victoria,2846.0,5.55,0.013,0.292,1.03,0
2012-11-01,2,Victoria,2845.6,5.57,0.023,0.298,1.03,0
2012-12-01,2,Victoria,2846.7,5.61,0.036,0.319,1.05,0
2013-01-01,2,Victoria,2849.8,5.65,0.043,0.335,1.05,0
2013-02-01,2,Victoria,2855.2,5.69,0.044,0.331,1.03,0
2013-03-01,2,Victoria,2862.6,5.73,0.037,0.32,1.01,0
2013-04-01,2,Victoria,2870.5,5.75,0.015,0.291,0.98,0
2013-05-01,2,Victoria,2877.5,5.75,-0.001,0.255,0.99,0
2013-06-01,2,Victoria,2883.3,5.75,0.007,0.241,1.06,0
2013-07-01,2,Victoria,2886.8,5.78,0.032,0.268,1.17,0
2013-08-01,2,Victoria,2888.1,5.85,0.062,0.324,1.3,0
2013-09-01,2,Victoria,2887.4,5.94,0.091,0.401,1.38,0
2013-10-01,2,Victoria,2885.0,6.05,0.113,0.501,1.37,0
2013-11-01,2,Victoria,2881.8,6.16,0.112,0.59,1.27,0
2013-12-01,2,Victoria,2878.7,6.26,0.096,0.651,1.12,0
2014-01-01,2,Victoria,2876.3,6.33,0.076,0.684,0.93,0
2014-02-01,2,Victoria,2875.5,6.39,0.057,0.697,0.71,0
2014-03-01,2,Victoria,2877.1,6.45,0.056,0.716,0.51,0
2014-04-01,2,Victoria,2881.7,6.51,0.063,0.765,0.39,0
2014-05-01,2,Victoria,2888.5,6.59,0.079,0.845,0.38,0
2014-06-01,2,Victoria,2895.8,6.68,0.093,0.931,0.44,0
2014-07-01,2,Victoria,2903.2,6.77,0.088,0.987,0.57,0
2014-08-01,2,Victoria,2910.5,6.84,0.069,0.994,0.78,0
2014-09-01,2,Victoria,2918.4,6.86,0.02,0.922,1.07,0
2014-10-01,2,Victoria,2927.9,6.81,-0.048,0.762,1.49,0
2014-11-01,2,Victoria,2939.2,6.7,-0.11,0.54,1.99,0
2014-12-01,2,Victoria,2951.8,6.55,-0.15,0.294,2.54,0
2015-01-01,2,Victoria,2964.0,6.39,-0.161,0.056,3.05,0
2015-02-01,2,Victoria,2974.6,6.25,-0.142,-0.142,3.45,0
2015-03-01,2,Victoria,2981.6,6.14,-0.108,-0.307,3.63,0
2015-04-01,2,Victoria,2984.6,6.07,-0.069,-0.439,3.57,0
2015-05-01,2,Victoria,2984.7,6.03,-0.046,-0.564,3.33,0
2015-06-01,2,Victoria,2984.3,6.0,-0.03,-0.687,3.05,0
2015-07-01,2,Victoria,2985.4,5.98,-0.017,-0.792,2.83,0
2015-08-01,2,Victoria,2988.9,5.98,0.003,-0.858,2.69,0
2015-09-01,2,Victoria,2995.3,6.0,0.023,-0.855,2.63,0
2015-10-01,2,Victoria,3004.0,6.04,0.035,-0.772,2.6,0
2015-11-01,2,Victoria,3014.5,6.05,0.01,-0.652,2.56,0
2015-12-01,2,Victoria,3025.4,6.02,-0.031,-0.533,2.49,0
2016-01-01,2,Victoria,3035.9,5.95,-0.071,-0.443,2.42,0
2016-02-01,2,Victoria,3046.1,5.85,-0.096,-0.397,2.4,0
2016-03-01,2,Victoria,3056.8,5.76,-0.089,-0.379,2.52,0
2016-04-01,2,Victoria,3068.2,5.71,-0.054,-0.363,2.8,0
2016-05-01,2,Victoria,3080.1,5.7,-0.009,-0.326,3.2,0
2016-06-01,2,Victoria,3091.6,5.73,0.028,-0.268,3.6,0
2016-07-01,2,Victoria,3102.8,5.78,0.05,-0.201,3.93,0
2016-08-01,2,Victoria,3113.0,5.83,0.053,-0.152,4.15,0
2016-09-01,2,Victoria,3121.8,5.86,0.032,-0.143,4.23,0
2016-10-01,2,Victoria,3128.7,5.88,0.018,-0.16,4.15,0
2016-11-01,2,Victoria,3134.5,5.9,0.021,-0.148,3.98,0
2016-12-01,2,Victoria,3140.6,5.93,0.033,-0.085,3.81,0
2017-01-01,2,Victoria,3148.0,5.97,0.035,0.021,3.69,0
2017-02-01,2,Victoria,3156.1,6.0,0.032,0.15,3.61,0
2017-03-01,2,Victoria,3164.6,6.03,0.025,0.264,3.53,0
2017-04-01,2,Victoria,3173.2,6.05,0.024,0.341,3.42,0
2017-05-01,2,Victoria,3181.3,6.07,0.02,0.371,3.28,0
2017-06-01,2,Victoria,3188.2,6.08,0.006,0.349,3.12,0
2017-07-01,2,Victoria,3194.4,6.06,-0.016,0.284,2.95,0
2017-08-01,2,Victoria,3200.4,6.02,-0.04,0.191,2.81,0
2017-09-01,2,Victoria,3206.1,5.97,-0.051,0.108,2.7,0
2017-10-01,2,Victoria,3211.1,5.9,-0.068,0.022,2.63,0
2017-11-01,2,Victoria,3214.9,5.81,-0.088,-0.086,2.56,0
2017-12-01,2,Victoria,3217.6,5.71,-0.107,-0.226,2.45,0
2018-01-01,2,Victoria,3220.3,5.59,-0.117,-0.378,2.3,0
2018-02-01,2,Victoria,3224.6,5.47,-0.118,-0.528,2.17,0
2018-03-01,2,Victoria,3231.2,5.36,-0.117,-0.671,2.1,0
2018-04-01,2,Victoria,3240.0,5.24,-0.113,-0.808,2.11,0
2018-05-01,2,Victoria,3250.2,5.13,-0.111,-0.939,2.17,0
2018-06-01,2,Victoria,3260.8,5.02,-0.107,-1.052,2.28,0
2018-07-01,2,Victoria,3270.9,4.91,-0.111,-1.147,2.4,0
2018-08-01,2,Victoria,3280.5,4.79,-0.119,-1.227,2.5,0
2018-09-01,2,Victoria,3290.2,4.68,-0.113,-1.288,2.62,0
2018-10-01,2,Victoria,3300.3,4.59,-0.09,-1.311,2.78,0
2018-11-01,2,Victoria,3310.1,4.55,-0.043,-1.266,2.96,0
2018-12-01,2,Victoria,3319.5,4.56,0.007,-1.153,3.17,0
2019-01-01,2,Victoria,3327.6,4.6,0.042,-0.994,3.33,0
2019-02-01,2,Victoria,3334.0,4.65,0.054,-0.822,3.39,0
2019-03-01,2,Victoria,3338.8,4.71,0.06,-0.645,3.33,0
2019-04-01,2,Victoria,3343.5,4.77,0.058,-0.474,3.19,0
2019-05-01,2,Victoria,3349.0,4.82,0.052,-0.311,3.04,0
2019-06-01,2,Victoria,3355.9,4.85,0.032,-0.173,2.91,0
2019-07-01,2,Victoria,3364.3,4.85,0.001,-0.061,2.85,0
2019-08-01,2,Victoria,3374.5,4.83,-0.023,0.036,2.87,0
2019-09-01,2,Victoria,3385.4,4.8,-0.034,0.115,2.89,0
2019-10-01,2,Victoria,3395.1,4.77,-0.023,0.182,2.87,0
2019-11-01,2,Victoria,3402.2,4.78,0.002,0.227,2.78,0
2019-12-01,2,Victoria,3405.7,4.82,0.039,0.26,2.6,0
2020-01-01,2,Victoria,3405.7,4.91,0.092,0.31,2.35,0
2020-02-01,2,Victoria,3403.4,5.04,0.132,0.388,2.08,0
2020-03-01,2,Victoria,3399.4,5.18,0.143,0.471,1.81,0
2020-04-01,2,Victoria,3224.0,6.26,1.078,1.491,-3.57,0
2020-05-01,2,Victoria,3219.9,6.37,0.109,1.548,-3.85,0
2020-06-01,2,Victoria,3217.0,7.1,0.735,2.252,-4.14,0
2020-07-01,2,Victoria,3215.3,7.15,0.045,2.296,-4.43,0
2020-08-01,2,Victoria,3215.4,7.18,0.027,2.345,-4.72,0
2020-09-01,2,Victoria,3218.8,7.19,0.018,2.397,-4.92,0
2020-10-01,2,Victoria,3226.6,7.21,0.014,2.433,-4.96,0
2020-11-01,2,Victoria,3293.1,7.1,-0.107,2.324,-3.21,0
2020-12-01,2,Victoria,3307.0,6.31,-0.793,1.492,-2.9,0
2021-01-01,2,Victoria,3321.6,6.23,-0.076,1.323,-2.47,0
2021-02-01,2,Victoria,3335.2,6.1,-0.127,1.064,-2.0,0
2021-03-01,2,Victoria,3346.7,5.94,-0.159,0.763,-1.55,0
2021-04-01,2,Victoria,3355.9,5.78,-0.164,-0.479,4.09,0
2021-05-01,2,Victoria,3363.7,4.77,-1.007,-1.595,4.46,0
2021-06-01,2,Victoria,3370.8,4.67,-0.101,-2.431,4.78,0
2021-07-01,2,Victoria,3377.3,4.61,-0.064,-2.54,5.04,0
2021-08-01,2,Victoria,3383.3,4.56,-0.047,-2.614,5.22,0
2021-09-01,2,Victoria,3389.1,4.51,-0.047,-2.678,5.29,0
2021-10-01,2,Victoria,3395.5,4.46,-0.058,-2.75,5.23,0
2021-11-01,2,Victoria,3404.0,4.38,-0.075,-2.718,3.37,0
2021-12-01,2,Victoria,3414.8,4.3,-0.082,-2.008,3.26,0
2022-01-01,2,Victoria,3427.2,4.22,-0.083,-2.015,3.18,0
2022-02-01,2,Victoria,3440.1,4.12,-0.091,-1.979,3.15,0
2022-03-01,2,Victoria,3452.4,4.01,-0.11,-1.93,3.16,0
2022-04-01,2,Victoria,3463.1,3.89,-0.127,-1.893,3.19,0
2022-05-01,2,Victoria,3471.6,3.76,-0.129,-1.015,3.21,0
2022-06-01,2,Victoria,3478.4,3.65,-0.109,-1.023,3.19,0
2022-07-01,2,Victoria,3484.5,3.58,-0.073,-1.032,3.17,0
2022-08-01,2,Victoria,3491.0,3.56,-0.021,-1.006,3.18,0
2022-09-01,2,Victoria,3498.5,3.59,0.03,-0.928,3.23,0
2022-10-01,2,Victoria,3508.1,3.64,0.056,-0.815,3.32,0
2022-11-01,2,Victoria,3520.0,3.7,0.06,-0.679,3.41,0
2022-12-01,2,Victoria,3534.1,3.75,0.05,-0.546,3.49,0
2023-01-01,2,Victoria,3550.2,3.79,0.035,-0.428,3.59,0
2023-02-01,2,Victoria,3567.3,3.81,0.019,-0.318,3.7,0
2023-03-01,2,Victoria,3584.7,3.8,-0.004,-0.212,3.83,0
2023-04-01,2,Victoria,3600.6,3.77,-0.03,-0.115,3.97,0
2023-05-01,2,Victoria,3614.2,3.73,-0.045,-0.03,4.11,0
2023-06-01,2,Victoria,3625.2,3.69,-0.039,0.04,4.22,0
2023-07-01,2,Victoria,3633.6,3.68,-0.01,0.103,4.28,0
2023-08-01,2,Victoria,3639.4,3.71,0.032,0.156,4.25,0
2023-09-01,2,Victoria,3642.9,3.77,0.062,0.188,4.13,0
2023-10-01,2,Victoria,3645.6,3.85,0.073,0.205,3.92,0
2023-11-01,2,Victoria,3649.1,3.91,0.065,0.209,3.67,0
2023-12-01,2,Victoria,3654.8,3.96,0.049,0.208,3.41,0
2024-01-01,2,Victoria,3662.2,4.01,0.046,0.22,3.16,0
2024-02-01,2,Victoria,3671.2,4.07,0.061,0.261,2.91,0
2024-03-01,2,Victoria,3681.1,4.16,0.088,0.353,2.69,0
2024-04-01,2,Victoria,3692.2,4.26,0.107,0.489,2.54,0
2024-05-01,2,Victoria,3704.2,4.37,0.103,0.638,2.49,0
2024-06-01,2,Victoria,3716.4,4.44,0.079,0.755,2.52,0
2024-07-01,2,Victoria,3728.4,4.48,0.039,0.804,2.61,0
2024-08-01,2,Victoria,3739.4,4.49,0.002,0.774,2.75,0
2024-09-01,2,Victoria,3747.6,4.48,-0.007,0.704,2.87,0
2024-10-01,2,Victoria,3751.7,4.48,0.004,0.635,2.91,0
2024-11-01,2,Victoria,3752.1,4.49,0.01,0.58,2.82,0
2024-12-01,2,Victoria,3750.9,4.49,0.001,0.532,2.63,0
2025-01-01,2,Victoria,3750.4,4.48,-0.016,0.469,2.41,0
2025-02-01,2,Victoria,3752.3,4.45,-0.03,0.378,2.21,0
2025-03-01,2,Victoria,3756.4,4.42,-0.031,0.26,2.05,0
2025-04-01,2,Victoria,3762.5,4.41,-0.01,0.143,1.9,0
2025-05-01,2,Victoria,3769.2,4.43,0.022,0.062,1.76,0
2025-06-01,2,Victoria,3776.1,4.48,0.056,0.039,1.61,0
2025-07-01,2,Victoria,3782.6,4.56,0.077,0.077,1.45,0
2025-08-01,2,Victoria,3788.7,4.63,0.071,0.147,1.32,0
2025-09-01,2,Victoria,3794.5,4.67,0.04,0.194,1.25,0
2025-10-01,2,Victoria,3799.3,4.68,0.004,0.194,1.27,0
2025-11-01,2,Victoria,3802.4,4.66,-0.014,0.171,1.34,0
2025-12-01,2,Victoria,3803.0,4.65,-0.013,0.157,1.39,0
2026-01-01,2,Victoria,3801.8,4.65,0.006,0.179,1.37,0
2026-02-01,2,Victoria,3800.0,4.69,0.036,0.244,1.27,0
2026-03-01,2,Victoria,3799.2,4.76,0.069,0.344,1.14,0
2026-04-01,2,Victoria,3800.3,4.85,0.089,0.442,1.01,0
2026-05-01,2,Victoria,3804.1,4.93,0.086,0.506,0.92,0
2026-06-01,2,Victoria,3810.3,5.0,0.062,0.512,0.9,1
1978-02-01,5,Western Australia,529.8,6.2,,,,0
1978-03-01,5,Western Australia,529.5,6.25,0.052,,,0
1978-04-01,5,Western Australia,529.1,6.31,0.059,,,0
1978-05-01,5,Western Australia,528.6,6.38,0.072,,,0
1978-06-01,5,Western Australia,528.0,6.46,0.085,,,0
1978-07-01,5,Western Australia,527.0,6.56,0.095,,,0
1978-08-01,5,Western Australia,525.9,6.65,0.093,,,0
1978-09-01,5,Western Australia,524.7,6.75,0.094,,,0
1978-10-01,5,Western Australia,523.8,6.83,0.083,,,0
1978-11-01,5,Western Australia,523.6,6.91,0.082,,,0
1978-12-01,5,Western Australia,524.0,7.0,0.087,,,0
1979-01-01,5,Western Australia,525.2,7.09,0.09,,,0
1979-02-01,5,Western Australia,526.7,7.18,0.091,0.984,-0.57,0
1979-03-01,5,Western Australia,528.4,7.26,0.084,1.016,-0.22,0
1979-04-01,5,Western Australia,529.9,7.32,0.059,1.016,0.16,0
1979-05-01,5,Western Australia,531.3,7.37,0.043,0.986,0.52,0
1979-06-01,5,Western Australia,532.6,7.4,0.031,0.933,0.88,0
1979-07-01,5,Western Australia,533.9,7.43,0.027,0.866,1.31,0
1979-08-01,5,Western Australia,535.2,7.45,0.024,0.797,1.78,0
1979-09-01,5,Western Australia,536.7,7.46,0.013,0.715,2.29,0
1979-10-01,5,Western Australia,538.2,7.46,-0.004,0.628,2.74,0
1979-11-01,5,Western Australia,539.6,7.42,-0.038,0.508,3.06,0
1979-12-01,5,Western Australia,540.9,7.32,-0.099,0.322,3.22,0
1980-01-01,5,Western Australia,542.1,7.17,-0.149,0.082,3.23,0
1980-02-01,5,Western Australia,543.6,6.98,-0.188,-0.197,3.19,0
1980-03-01,5,Western Australia,545.5,6.78,-0.199,-0.48,3.23,0
1980-04-01,5,Western Australia,547.9,6.61,-0.177,-0.716,3.4,0
1980-05-01,5,Western Australia,550.7,6.47,-0.141,-0.9,3.65,0
1980-06-01,5,Western Australia,553.8,6.34,-0.125,-1.056,3.98,0
1980-07-01,5,Western Australia,556.9,6.23,-0.111,-1.194,4.31,0
1980-08-01,5,Western Australia,559.9,6.13,-0.106,-1.324,4.61,0
1980-09-01,5,Western Australia,562.7,6.02,-0.105,-1.442,4.85,0
1980-10-01,5,Western Australia,565.3,5.92,-0.098,-1.536,5.03,0
1980-11-01,5,Western Australia,567.5,5.84,-0.078,-1.576,5.17,0
1980-12-01,5,Western Australia,569.2,5.8,-0.045,-1.522,5.23,0
1981-01-01,5,Western Australia,570.3,5.78,-0.023,-1.396,5.19,0
1981-02-01,5,Western Australia,570.9,5.76,-0.015,-1.223,5.03,0
1981-03-01,5,Western Australia,571.2,5.75,-0.012,-1.036,4.72,0
1981-04-01,5,Western Australia,571.3,5.75,0.0,-0.859,4.27,0
1981-05-01,5,Western Australia,571.3,5.77,0.025,-0.693,3.73,0
1981-06-01,5,Western Australia,571.3,5.83,0.058,-0.51,3.17,0
1981-07-01,5,Western Australia,571.4,5.93,0.098,-0.3,2.6,0
1981-08-01,5,Western Australia,571.5,6.07,0.14,-0.055,2.07,0
1981-09-01,5,Western Australia,571.8,6.24,0.173,0.223,1.61,0
1981-10-01,5,Western Australia,572.2,6.43,0.186,0.507,1.24,0
1981-11-01,5,Western Australia,573.0,6.6,0.17,0.756,0.97,0
1981-12-01,5,Western Australia,574.0,6.73,0.133,0.933,0.85,0
1982-01-01,5,Western Australia,575.2,6.83,0.095,1.051,0.86,0
1982-02-01,5,Western Australia,576.3,6.9,0.076,1.142,0.95,0
1982-03-01,5,Western Australia,577.4,6.98,0.074,1.229,1.08,0
1982-04-01,5,Western Australia,578.2,7.07,0.091,1.319,1.21,0
1982-05-01,5,Western Australia,578.8,7.2,0.13,1.424,1.32,0
1982-06-01,5,Western Australia,579.3,7.38,0.184,1.55,1.39,0
1982-07-01,5,Western Australia,579.6,7.6,0.221,1.673,1.44,0
1982-08-01,5,Western Australia,579.8,7.84,0.237,1.769,1.45,0
1982-09-01,5,Western Australia,579.6,8.08,0.241,1.838,1.36,0
1982-10-01,5,Western Australia,578.9,8.34,0.254,1.906,1.17,0
1982-11-01,5,Western Australia,577.8,8.61,0.273,2.009,0.84,0
1982-12-01,5,Western Australia,576.2,8.9,0.291,2.168,0.38,0
1983-01-01,5,Western Australia,574.3,9.18,0.28,2.353,-0.16,0
1983-02-01,5,Western Australia,572.7,9.42,0.243,2.52,-0.64,0
1983-03-01,5,Western Australia,571.9,9.61,0.191,2.637,-0.95,0
1983-04-01,5,Western Australia,572.1,9.75,0.134,2.68,-1.06,0
1983-05-01,5,Western Australia,573.2,9.83,0.084,2.634,-0.97,0
1983-06-01,5,Western Australia,574.9,9.89,0.063,2.512,-0.76,0
1983-07-01,5,Western Australia,576.8,9.97,0.077,2.369,-0.49,0
1983-08-01,5,Western Australia,578.5,10.06,0.092,2.224,-0.22,0
1983-09-01,5,Western Australia,579.9,10.14,0.073,2.056,0.06,0
1983-10-01,5,Western Australia,581.1,10.16,0.021,1.822,0.38,0
1983-11-01,5,Western Australia,582.5,10.12,-0.041,1.508,0.82,0
1983-12-01,5,Western Australia,584.7,10.02,-0.099,1.118,1.48,0
1984-01-01,5,Western Australia,587.5,9.9,-0.12,0.717,2.3,0
1984-02-01,5,Western Australia,590.5,9.8,-0.093,0.381,3.11,0
1984-03-01,5,Western Australia,593.2,9.75,-0.054,0.136,3.73,0
1984-04-01,5,Western Australia,595.1,9.74,-0.006,-0.004,4.02,0
1984-05-01,5,Western Australia,596.1,9.76,0.012,-0.076,4.0,0
1984-06-01,5,Western Australia,596.5,9.74,-0.012,-0.151,3.76,0
1984-07-01,5,Western Australia,596.6,9.66,-0.088,-0.316,3.44,0
1984-08-01,5,Western Australia,597.0,9.49,-0.169,-0.576,3.21,0
1984-09-01,5,Western Australia,598.1,9.26,-0.228,-0.878,3.13,0
1984-10-01,5,Western Australia,599.7,9.0,-0.26,-1.158,3.2,0
1984-11-01,5,Western Australia,602.0,8.74,-0.256,-1.373,3.34,0
1984-12-01,5,Western Australia,604.9,8.53,-0.21,-1.484,3.46,0
1985-01-01,5,Western Australia,608.3,8.41,-0.128,-1.492,3.54,0
1985-02-01,5,Western Australia,612.0,8.34,-0.062,-1.46,3.64,0
1985-03-01,5,Western Australia,615.5,8.34,-0.008,-1.415,3.77,0
1985-04-01,5,Western Australia,618.4,8.34,0.004,-1.405,3.93,0
1985-05-01,5,Western Australia,620.9,8.3,-0.038,-1.455,4.16,0
1985-06-01,5,Western Australia,623.1,8.21,-0.087,-1.53,4.46,0
1985-07-01,5,Western Australia,625.5,8.09,-0.123,-1.565,4.85,0
1985-08-01,5,Western Australia,628.6,7.95,-0.139,-1.535,5.29,0
1985-09-01,5,Western Australia,632.5,7.82,-0.128,-1.435,5.75,0
1985-10-01,5,Western Australia,636.8,7.74,-0.079,-1.255,6.18,0
1985-11-01,5,Western Australia,641.1,7.73,-0.015,-1.014,6.49,0
1985-12-01,5,Western Australia,644.9,7.77,0.043,-0.761,6.62,0
1986-01-01,5,Western Australia,648.1,7.84,0.068,-0.565,6.55,0
1986-02-01,5,Western Australia,651.0,7.9,0.056,-0.447,6.37,0
1986-03-01,5,Western Australia,653.8,7.92,0.019,-0.42,6.22,0
1986-04-01,5,Western Australia,656.6,7.9,-0.012,-0.435,6.17,0
1986-05-01,5,Western Australia,659.3,7.88,-0.02,-0.417,6.18,0
1986-06-01,5,Western Australia,661.6,7.87,-0.017,-0.347,6.19,0
1986-07-01,5,Western Australia,663.4,7.87,0.002,-0.221,6.05,0
1986-08-01,5,Western Australia,664.3,7.9,0.028,-0.055,5.67,0
1986-09-01,5,Western Australia,664.3,7.94,0.042,0.115,5.03,0
1986-10-01,5,Western Australia,663.8,7.97,0.034,0.228,4.23,0
1986-11-01,5,Western Australia,663.1,7.99,0.018,0.261,3.43,0
1986-12-01,5,Western Australia,662.6,8.0,0.006,0.224,2.74,0
1987-01-01,5,Western Australia,662.6,7.99,-0.007,0.149,2.24,0
1987-02-01,5,Western Australia,663.6,7.98,-0.008,0.085,1.94,0
1987-03-01,5,Western Australia,665.5,7.98,-0.002,0.065,1.8,0
1987-04-01,5,Western Australia,668.3,7.96,-0.022,0.054,1.79,0
1987-05-01,5,Western Australia,671.7,7.9,-0.054,0.021,1.88,0
1987-06-01,5,Western Australia,675.2,7.83,-0.077,-0.039,2.05,0
1987-07-01,5,Western Australia,678.6,7.74,-0.092,-0.133,2.29,0
1987-08-01,5,Western Australia,681.7,7.64,-0.093,-0.254,2.63,0
1987-09-01,5,Western Australia,684.7,7.57,-0.074,-0.369,3.06,0
1987-10-01,5,Western Australia,687.4,7.51,-0.055,-0.458,3.56,0
1987-11-01,5,Western Australia,690.0,7.48,-0.031,-0.507,4.06,0
1987-12-01,5,Western Australia,692.5,7.49,0.009,-0.505,4.52,0
1988-01-01,5,Western Australia,694.9,7.56,0.064,-0.434,4.87,0
1988-02-01,5,Western Australia,697.1,7.66,0.102,-0.324,5.05,0
1988-03-01,5,Western Australia,699.2,7.75,0.094,-0.228,5.07,0
1988-04-01,5,Western Australia,701.6,7.8,0.043,-0.163,4.98,0
1988-05-01,5,Western Australia,704.4,7.75,-0.047,-0.156,4.87,0
1988-06-01,5,Western Australia,707.9,7.59,-0.163,-0.242,4.85,0
1988-07-01,5,Western Australia,712.0,7.35,-0.236,-0.386,4.93,0
1988-08-01,5,Western Australia,716.6,7.1,-0.251,-0.544,5.11,0
1988-09-01,5,Western Australia,721.3,6.88,-0.222,-0.691,5.35,0
1988-10-01,5,Western Australia,726.0,6.7,-0.174,-0.811,5.61,0
1988-11-01,5,Western Australia,730.1,6.56,-0.144,-0.924,5.81,0
1988-12-01,5,Western Australia,733.5,6.4,-0.162,-1.094,5.91,0
1989-01-01,5,Western Australia,735.9,6.2,-0.202,-1.359,5.9,0
1989-02-01,5,Western Australia,737.3,5.96,-0.231,-1.693,5.77,0
1989-03-01,5,Western Australia,738.0,5.74,-0.226,-2.013,5.54,0
1989-04-01,5,Western Australia,738.1,5.58,-0.161,-2.217,5.21,0
1989-05-01,5,Western Australia,738.1,5.51,-0.066,-2.237,4.79,0
1989-06-01,5,Western Australia,738.5,5.54,0.03,-2.044,4.32,0
1989-07-01,5,Western Australia,739.5,5.64,0.095,-1.713,3.86,0
1989-08-01,5,Western Australia,740.8,5.78,0.144,-1.319,3.39,0
1989-09-01,5,Western Australia,742.2,5.97,0.194,-0.904,2.89,0
1989-10-01,5,Western Australia,743.5,6.2,0.222,-0.507,2.42,0
1989-11-01,5,Western Australia,744.8,6.42,0.227,-0.135,2.02,0
1989-12-01,5,Western Australia,745.9,6.64,0.22,0.247,1.69,0
1990-01-01,5,Western Australia,746.8,6.85,0.206,0.654,1.47,0
1990-02-01,5,Western Australia,747.6,7.04,0.189,1.074,1.39,0
1990-03-01,5,Western Australia,748.3,7.2,0.166,1.465,1.39,0
1990-04-01,5,Western Australia,748.6,7.35,0.143,1.77,1.43,0
1990-05-01,5,Western Australia,748.9,7.49,0.143,1.979,1.45,0
1990-06-01,5,Western Australia,748.7,7.67,0.176,2.125,1.38,0
1990-07-01,5,Western Australia,748.1,7.87,0.198,2.228,1.16,0
1990-08-01,5,Western Australia,747.2,8.06,0.195,2.28,0.85,0
1990-09-01,5,Western Australia,745.9,8.24,0.181,2.267,0.5,0
1990-10-01,5,Western Australia,744.3,8.43,0.189,2.234,0.1,0
1990-11-01,5,Western Australia,742.3,8.66,0.233,2.239,-0.34,0
1990-12-01,5,Western Australia,740.2,8.96,0.292,2.311,-0.76,0
1991-01-01,5,Western Australia,738.0,9.31,0.354,2.459,-1.17,0
1991-02-01,5,Western Australia,735.8,9.71,0.404,2.674,-1.58,0
1991-03-01,5,Western Australia,733.6,10.13,0.419,2.927,-1.96,0
1991-04-01,5,Western Australia,731.5,10.5,0.368,3.152,-2.28,0
1991-05-01,5,Western Australia,729.9,10.76,0.263,3.272,-2.53,0
1991-06-01,5,Western Australia,728.7,10.92,0.154,3.25,-2.67,0
1991-07-01,5,Western Australia,728.2,10.98,0.062,3.113,-2.66,0
1991-08-01,5,Western Australia,728.1,10.98,0.003,2.921,-2.55,0
1991-09-01,5,Western Australia,728.0,10.95,-0.029,2.712,-2.4,0
1991-10-01,5,Western Australia,727.8,10.93,-0.021,2.502,-2.21,0
1991-11-01,5,Western Australia,727.5,10.95,0.014,2.283,-1.99,0
1991-12-01,5,Western Australia,727.2,11.0,0.05,2.041,-1.75,0
1992-01-01,5,Western Australia,727.4,11.05,0.055,1.742,-1.44,0
1992-02-01,5,Western Australia,728.4,11.08,0.024,1.362,-1.01,0
1992-03-01,5,Western Australia,729.9,11.07,-0.009,0.934,-0.49,0
1992-04-01,5,Western Australia,731.9,11.03,-0.031,0.535,0.05,0
1992-05-01,5,Western Australia,733.6,11.01,-0.025,0.246,0.51,0
1992-06-01,5,Western Australia,734.9,10.99,-0.016,0.077,0.85,0
1992-07-01,5,Western Australia,735.4,11.0,0.011,0.026,0.98,0
1992-08-01,5,Western Australia,735.3,11.04,0.033,0.056,1.0,0
1992-09-01,5,Western Australia,735.5,11.04,0.004,0.088,1.03,0
1992-10-01,5,Western Australia,736.3,10.96,-0.085,0.024,1.16,0
1992-11-01,5,Western Australia,738.0,10.76,-0.197,-0.187,1.45,0
1992-12-01,5,Western Australia,740.5,10.49,-0.268,-0.505,1.83,0
1993-01-01,5,Western Australia,743.7,10.2,-0.29,-0.85,2.23,0
1993-02-01,5,Western Australia,747.3,9.93,-0.268,-1.143,2.6,0
1993-03-01,5,Western Australia,750.9,9.72,-0.211,-1.345,2.87,0
1993-04-01,5,Western Australia,754.1,9.59,-0.131,-1.445,3.04,0
1993-05-01,5,Western Australia,756.8,9.54,-0.053,-1.473,3.16,0
1993-06-01,5,Western Australia,759.4,9.52,-0.015,-1.472,3.33,0
1993-07-01,5,Western Australia,761.8,9.52,-0.005,-1.488,3.6,0
1993-08-01,5,Western Australia,764.5,9.49,-0.029,-1.55,3.96,0
1993-09-01,5,Western Australia,767.2,9.43,-0.056,-1.61,4.3,0
1993-10-01,5,Western Australia,770.2,9.35,-0.083,-1.608,4.6,0
1993-11-01,5,Western Australia,773.4,9.24,-0.112,-1.522,4.79,0
1993-12-01,5,Western Australia,776.6,9.09,-0.142,-1.396,4.87,0
1994-01-01,5,Western Australia,779.1,8.95,-0.146,-1.252,4.77,0
1994-02-01,5,Western Australia,780.9,8.83,-0.119,-1.103,4.5,0
1994-03-01,5,Western Australia,782.6,8.73,-0.096,-0.988,4.22,0
1994-04-01,5,Western Australia,784.2,8.65,-0.085,-0.941,4.0,0
1994-05-01,5,Western Australia,786.2,8.56,-0.092,-0.98,3.88,0
1994-06-01,5,Western Australia,788.5,8.45,-0.111,-1.076,3.84,0
1994-07-01,5,Western Australia,791.5,8.31,-0.14,-1.211,3.89,0
1994-08-01,5,Western Australia,795.2,8.13,-0.175,-1.357,4.03,0
1994-09-01,5,Western Australia,799.6,7.94,-0.188,-1.489,4.22,0
1994-10-01,5,Western Australia,804.1,7.77,-0.171,-1.576,4.41,0
1994-11-01,5,Western Australia,808.6,7.64,-0.13,-1.595,4.55,0
1994-12-01,5,Western Australia,813.0,7.57,-0.077,-1.53,4.69,0
1995-01-01,5,Western Australia,817.4,7.52,-0.04,-1.424,4.92,0
1995-02-01,5,Western Australia,821.7,7.49,-0.03,-1.335,5.22,0
1995-03-01,5,Western Australia,825.2,7.45,-0.04,-1.279,5.45,0
1995-04-01,5,Western Australia,828.0,7.4,-0.052,-1.246,5.58,0
1995-05-01,5,Western Australia,829.9,7.35,-0.051,-1.206,5.56,0
1995-06-01,5,Western Australia,830.9,7.32,-0.032,-1.126,5.37,0
1995-07-01,5,Western Australia,831.2,7.32,0.003,-0.983,5.02,0
1995-08-01,5,Western Australia,830.9,7.38,0.058,-0.751,4.49,0
1995-09-01,5,Western Australia,830.3,7.48,0.102,-0.46,3.84,0
1995-10-01,5,Western Australia,829.8,7.6,0.116,-0.174,3.19,0
1995-11-01,5,Western Australia,829.5,7.68,0.086,0.042,2.59,0
1995-12-01,5,Western Australia,829.7,7.71,0.025,0.143,2.05,0
1996-01-01,5,Western Australia,830.2,7.68,-0.029,0.155,1.56,0
1996-02-01,5,Western Australia,831.2,7.62,-0.057,0.127,1.15,0
1996-03-01,5,Western Australia,832.7,7.57,-0.052,0.116,0.91,0
1996-04-01,5,Western Australia,834.8,7.54,-0.029,0.138,0.82,0
1996-05-01,5,Western Australia,837.1,7.53,-0.006,0.183,0.87,0
1996-06-01,5,Western Australia,839.2,7.55,0.019,0.234,1.0,0
1996-07-01,5,Western Australia,840.7,7.59,0.037,0.268,1.14,0
1996-08-01,5,Western Australia,842.0,7.62,0.034,0.244,1.33,0
1996-09-01,5,Western Australia,843.3,7.64,0.017,0.159,1.57,0
1996-10-01,5,Western Australia,844.8,7.65,0.005,0.048,1.81,0
1996-11-01,5,Western Australia,846.5,7.64,-0.006,-0.043,2.04,0
1996-12-01,5,Western Australia,848.3,7.62,-0.02,-0.087,2.25,0
1997-01-01,5,Western Australia,850.0,7.58,-0.041,-0.099,2.38,0
1997-02-01,5,Western Australia,851.2,7.52,-0.064,-0.106,2.41,0
1997-03-01,5,Western Australia,851.7,7.44,-0.08,-0.134,2.29,0
1997-04-01,5,Western Australia,852.0,7.35,-0.091,-0.196,2.06,0
1997-05-01,5,Western Australia,852.5,7.25,-0.098,-0.287,1.84,0
1997-06-01,5,Western Australia,853.8,7.13,-0.115,-0.422,1.74,0
1997-07-01,5,Western Australia,855.7,7.01,-0.123,-0.582,1.79,0
1997-08-01,5,Western Australia,857.8,6.89,-0.115,-0.73,1.88,0
1997-09-01,5,Western Australia,859.8,6.8,-0.093,-0.841,1.96,0
1997-10-01,5,Western Australia,861.6,6.73,-0.07,-0.916,1.99,0
1997-11-01,5,Western Australia,863.1,6.68,-0.049,-0.959,1.96,0
1997-12-01,5,Western Australia,864.4,6.66,-0.025,-0.965,1.9,0
1998-01-01,5,Western Australia,865.8,6.65,-0.01,-0.934,1.86,0
1998-02-01,5,Western Australia,867.6,6.66,0.011,-0.859,1.93,0
1998-03-01,5,Western Australia,870.1,6.69,0.037,-0.742,2.15,0
1998-04-01,5,Western Australia,873.0,6.75,0.054,-0.597,2.47,0
1998-05-01,5,Western Australia,876.4,6.79,0.047,-0.453,2.8,0
1998-06-01,5,Western Australia,880.0,6.81,0.015,-0.322,3.07,0
1998-07-01,5,Western Australia,883.5,6.77,-0.035,-0.234,3.25,0
1998-08-01,5,Western Australia,886.4,6.69,-0.086,-0.206,3.33,0
1998-09-01,5,Western Australia,888.1,6.58,-0.104,-0.217,3.29,0
1998-10-01,5,Western Australia,888.7,6.5,-0.083,-0.229,3.14,0
1998-11-01,5,Western Australia,888.5,6.47,-0.034,-0.215,2.94,0
1998-12-01,5,Western Australia,887.8,6.47,0.007,-0.182,2.71,0
1999-01-01,5,Western Australia,887.2,6.5,0.026,-0.146,2.47,0
1999-02-01,5,Western Australia,886.8,6.51,0.013,-0.143,2.21,0
1999-03-01,5,Western Australia,886.9,6.48,-0.032,-0.212,1.93,0
1999-04-01,5,Western Australia,887.6,6.41,-0.075,-0.341,1.67,0
1999-05-01,5,Western Australia,888.9,6.32,-0.091,-0.479,1.43,0
1999-06-01,5,Western Australia,890.7,6.25,-0.061,-0.555,1.22,0
1999-07-01,5,Western Australia,893.0,6.24,-0.011,-0.531,1.07,0
1999-08-01,5,Western Australia,895.6,6.29,0.047,-0.398,1.04,0
1999-09-01,5,Western Australia,898.2,6.38,0.085,-0.209,1.14,0
1999-10-01,5,Western Australia,900.6,6.46,0.083,-0.043,1.35,0
1999-11-01,5,Western Australia,902.8,6.51,0.053,0.044,1.61,0
1999-12-01,5,Western Australia,904.6,6.51,-0.0,0.036,1.89,0
2000-01-01,5,Western Australia,906.4,6.44,-0.072,-0.062,2.17,0
2000-02-01,5,Western Australia,908.4,6.29,-0.144,-0.22,2.44,0
2000-03-01,5,Western Australia,910.6,6.12,-0.179,-0.367,2.68,0
2000-04-01,5,Western Australia,913.1,5.94,-0.175,-0.466,2.87,0
2000-05-01,5,Western Australia,915.4,5.8,-0.142,-0.517,2.98,0
2000-06-01,5,Western Australia,917.4,5.71,-0.086,-0.542,2.99,0
2000-07-01,5,Western Australia,918.8,5.69,-0.018,-0.549,2.89,0
2000-08-01,5,Western Australia,919.9,5.72,0.03,-0.566,2.71,0
2000-09-01,5,Western Australia,920.9,5.77,0.042,-0.609,2.52,0
2000-10-01,5,Western Australia,921.8,5.82,0.058,-0.634,2.35,0
2000-11-01,5,Western Australia,922.8,5.91,0.083,-0.603,2.21,0
2000-12-01,5,Western Australia,923.7,6.03,0.127,-0.476,2.1,0
2001-01-01,5,Western Australia,924.2,6.22,0.188,-0.216,1.95,0
2001-02-01,5,Western Australia,924.0,6.46,0.241,0.169,1.72,0
2001-03-01,5,Western Australia,923.6,6.72,0.254,0.602,1.42,0
2001-04-01,5,Western Australia,923.2,7.09,0.376,1.153,1.11,0
2001-05-01,5,Western Australia,923.3,7.25,0.157,1.452,0.86,0
2001-06-01,5,Western Australia,924.2,7.32,0.069,1.607,0.75,0
2001-07-01,5,Western Australia,925.9,7.29,-0.025,1.6,0.77,0
2001-08-01,5,Western Australia,927.8,7.2,-0.098,1.472,0.86,0
2001-09-01,5,Western Australia,929.6,7.06,-0.137,1.292,0.94,0
2001-10-01,5,Western Australia,931.1,6.9,-0.163,1.071,1.01,0
2001-11-01,5,Western Australia,932.5,6.73,-0.167,0.821,1.05,0
2001-12-01,5,Western Australia,933.6,6.59,-0.137,0.557,1.08,0
2002-01-01,5,Western Australia,934.8,6.49,-0.099,0.27,1.15,0
2002-02-01,5,Western Australia,936.2,6.42,-0.072,-0.043,1.31,0
2002-03-01,5,Western Australia,937.4,6.36,-0.06,-0.357,1.5,0
2002-04-01,5,Western Australia,938.8,6.31,-0.05,-0.783,1.68,0
2002-05-01,5,Western Australia,940.5,6.26,-0.046,-0.986,1.86,0
2002-06-01,5,Western Australia,942.3,6.23,-0.039,-1.094,1.96,0
2002-07-01,5,Western Australia,944.3,6.2,-0.029,-1.098,1.99,0
2002-08-01,5,Western Australia,946.6,6.18,-0.013,-1.013,2.03,0
2002-09-01,5,Western Australia,949.3,6.18,-0.007,-0.883,2.12,0
2002-10-01,5,Western Australia,952.2,6.15,-0.024,-0.744,2.27,0
2002-11-01,5,Western Australia,955.1,6.1,-0.047,-0.624,2.43,0
2002-12-01,5,Western Australia,957.7,6.03,-0.073,-0.56,2.57,0
2003-01-01,5,Western Australia,959.8,5.94,-0.095,-0.555,2.67,0
2003-02-01,5,Western Australia,961.2,5.84,-0.095,-0.578,2.68,0
2003-03-01,5,Western Australia,962.0,5.77,-0.076,-0.594,2.63,0
2003-04-01,5,Western Australia,962.2,5.72,-0.043,-0.587,2.49,0
2003-05-01,5,Western Australia,961.8,5.72,-0.004,-0.545,2.26,0
2003-06-01,5,Western Australia,961.0,5.77,0.048,-0.459,1.98,0
2003-07-01,5,Western Australia,960.1,5.85,0.088,-0.342,1.68,0
2003-08-01,5,Western Australia,959.4,5.96,0.101,-0.227,1.35,0
2003-09-01,5,Western Australia,959.3,6.03,0.078,-0.142,1.05,0
2003-10-01,5,Western Australia,960.0,6.06,0.03,-0.088,0.82,0
2003-11-01,5,Western Australia,961.7,6.02,-0.046,-0.087,0.69,0
2003-12-01,5,Western Australia,964.1,5.9,-0.121,-0.135,0.68,0
2004-01-01,5,Western Australia,967.1,5.74,-0.156,-0.197,0.76,0
2004-02-01,5,Western Australia,969.9,5.58,-0.155,-0.258,0.9,0
2004-03-01,5,Western Australia,972.1,5.44,-0.143,-0.324,1.05,0
2004-04-01,5,Western Australia,973.4,5.32,-0.121,-0.402,1.16,0
2004-05-01,5,Western Australia,974.0,5.23,-0.095,-0.493,1.27,0
2004-06-01,5,Western Australia,974.8,5.14,-0.089,-0.63,1.44,0
2004-07-01,5,Western Australia,976.8,5.02,-0.113,-0.831,1.74,0
2004-08-01,5,Western Australia,980.3,4.9,-0.128,-1.059,2.18,0
2004-09-01,5,Western Australia,985.3,4.76,-0.136,-1.274,2.71,0
2004-10-01,5,Western Australia,991.4,4.64,-0.122,-1.426,3.27,0
2004-11-01,5,Western Australia,997.6,4.56,-0.081,-1.461,3.74,0
2004-12-01,5,Western Australia,1003.6,4.52,-0.036,-1.376,4.09,0
2005-01-01,5,Western Australia,1009.0,4.53,0.006,-1.214,4.34,0
2005-02-01,5,Western Australia,1014.2,4.57,0.042,-1.016,4.57,0
2005-03-01,5,Western Australia,1019.5,4.63,0.063,-0.81,4.88,0
2005-04-01,5,Western Australia,1025.1,4.68,0.044,-0.646,5.32,0
2005-05-01,5,Western Australia,1030.9,4.66,-0.016,-0.567,5.84,0
2005-06-01,5,Western Australia,1036.2,4.57,-0.091,-0.568,6.3,0
2005-07-01,5,Western Australia,1040.8,4.43,-0.137,-0.593,6.55,0
2005-08-01,5,Western Australia,1044.8,4.29,-0.146,-0.611,6.58,0
2005-09-01,5,Western Australia,1048.3,4.17,-0.113,-0.588,6.39,0
2005-10-01,5,Western Australia,1051.2,4.12,-0.05,-0.516,6.04,0
2005-11-01,5,Western Australia,1053.8,4.13,0.004,-0.431,5.63,0
2005-12-01,5,Western Australia,1056.4,4.15,0.022,-0.373,5.27,0
2006-01-01,5,Western Australia,1059.4,4.14,-0.011,-0.39,4.99,0
2006-02-01,5,Western Australia,1063.0,4.04,-0.095,-0.527,4.81,0
2006-03-01,5,Western Australia,1066.7,3.87,-0.172,-0.762,4.63,0
2006-04-01,5,Western Australia,1070.0,3.66,-0.207,-1.013,4.38,0
2006-05-01,5,Western Australia,1072.6,3.49,-0.172,-1.168,4.05,0
2006-06-01,5,Western Australia,1074.7,3.38,-0.106,-1.183,3.71,0
2006-07-01,5,Western Australia,1076.3,3.35,-0.04,-1.086,3.41,0
2006-08-01,5,Western Australia,1077.5,3.35,0.004,-0.936,3.13,0
2006-09-01,5,Western Australia,1079.0,3.37,0.025,-0.798,2.92,0
2006-10-01,5,Western Australia,1081.1,3.38,0.009,-0.739,2.84,0
2006-11-01,5,Western Australia,1084.1,3.34,-0.04,-0.783,2.88,0
2006-12-01,5,Western Australia,1087.8,3.25,-0.089,-0.893,2.97,0
2007-01-01,5,Western Australia,1092.1,3.15,-0.108,-0.99,3.08,0
2007-02-01,5,Western Australia,1096.8,3.05,-0.097,-0.992,3.19,0
2007-03-01,5,Western Australia,1102.1,2.99,-0.062,-0.882,3.32,0
2007-04-01,5,Western Australia,1107.5,2.97,-0.022,-0.697,3.51,0
2007-05-01,5,Western Australia,1112.8,3.0,0.036,-0.489,3.74,0
2007-06-01,5,Western Australia,1117.4,3.09,0.087,-0.296,3.98,0
2007-07-01,5,Western Australia,1121.4,3.21,0.119,-0.138,4.19,0
2007-08-01,5,Western Australia,1124.6,3.32,0.112,-0.03,4.37,0
2007-09-01,5,Western Australia,1127.4,3.39,0.069,0.014,4.49,0
2007-10-01,5,Western Australia,1130.0,3.4,0.007,0.013,4.52,0
2007-11-01,5,Western Australia,1132.8,3.35,-0.042,0.011,4.49,0
2007-12-01,5,Western Australia,1136.1,3.28,-0.072,0.028,4.43,0
2008-01-01,5,Western Australia,1139.3,3.21,-0.074,0.062,4.32,0
2008-02-01,5,Western Australia,1142.2,3.16,-0.044,0.115,4.14,0
2008-03-01,5,Western Australia,1145.2,3.16,-0.007,0.17,3.91,0
2008-04-01,5,Western Australia,1148.6,3.16,0.004,0.196,3.71,0
2008-05-01,5,Western Australia,1153.5,3.13,-0.034,0.125,3.66,0
2008-06-01,5,Western Australia,1159.8,3.04,-0.086,-0.047,3.79,0
2008-07-01,5,Western Australia,1167.3,2.92,-0.12,-0.286,4.1,0
2008-08-01,5,Western Australia,1175.1,2.8,-0.124,-0.522,4.49,0
2008-09-01,5,Western Australia,1181.7,2.73,-0.068,-0.66,4.82,0
2008-10-01,5,Western Australia,1186.1,2.78,0.046,-0.621,4.97,0
2008-11-01,5,Western Australia,1188.0,2.95,0.174,-0.405,4.87,0
2008-12-01,5,Western Australia,1188.1,3.24,0.29,-0.044,4.58,0
2009-01-01,5,Western Australia,1187.0,3.61,0.371,0.402,4.19,0
2009-02-01,5,Western Australia,1185.2,4.03,0.416,0.862,3.76,0
2009-03-01,5,Western Australia,1182.6,4.44,0.412,1.281,3.27,0
2009-04-01,5,Western Australia,1179.6,4.82,0.384,1.66,2.7,0
2009-05-01,5,Western Australia,1176.8,5.14,0.313,2.007,2.02,0
2009-06-01,5,Western Australia,1174.2,5.35,0.21,2.304,1.24,0
2009-07-01,5,Western Australia,1172.7,5.44,0.099,2.523,0.46,0
2009-08-01,5,Western Australia,1172.5,5.44,-0.001,2.646,-0.22,0
2009-09-01,5,Western Australia,1173.9,5.36,-0.081,2.634,-0.66,0
2009-10-01,5,Western Australia,1176.6,5.24,-0.12,2.467,-0.8,0
2009-11-01,5,Western Australia,1180.0,5.14,-0.104,2.189,-0.68,0
2009-12-01,5,Western Australia,1183.3,5.07,-0.067,1.833,-0.41,0
2010-01-01,5,Western Australia,1186.2,5.01,-0.063,1.398,-0.07,0
2010-02-01,5,Western Australia,1189.1,4.92,-0.093,0.89,0.33,0
2010-03-01,5,Western Australia,1192.4,4.78,-0.135,0.342,0.83,0
2010-04-01,5,Western Australia,1196.3,4.62,-0.157,-0.199,1.41,0
2010-05-01,5,Western Australia,1200.7,4.48,-0.146,-0.657,2.03,0
2010-06-01,5,Western Australia,1205.2,4.4,-0.082,-0.95,2.63,0
2010-07-01,5,Western Australia,1209.4,4.38,-0.019,-1.068,3.13,0
2010-08-01,5,Western Australia,1213.0,4.42,0.04,-1.028,3.45,0
2010-09-01,5,Western Australia,1215.6,4.48,0.063,-0.884,3.55,0
2010-10-01,5,Western Australia,1217.5,4.52,0.038,-0.725,3.47,0
2010-11-01,5,Western Australia,1219.0,4.5,-0.015,-0.637,3.31,0
2010-12-01,5,Western Australia,1220.9,4.44,-0.064,-0.635,3.18,0
2011-01-01,5,Western Australia,1223.5,4.35,-0.083,-0.654,3.15,0
2011-02-01,5,Western Australia,1227.0,4.28,-0.078,-0.639,3.19,0
2011-03-01,5,Western Australia,1231.3,4.22,-0.057,-0.561,3.26,0
2011-04-01,5,Western Australia,1236.0,4.2,-0.018,-0.422,3.32,0
2011-05-01,5,Western Australia,1240.7,4.22,0.015,-0.261,3.33,0
2011-06-01,5,Western Australia,1244.8,4.25,0.038,-0.141,3.29,0
2011-07-01,5,Western Australia,1247.6,4.3,0.043,-0.079,3.16,0
2011-08-01,5,Western Australia,1249.5,4.33,0.035,-0.084,3.01,0
2011-09-01,5,Western Australia,1251.4,4.33,0.0,-0.146,2.94,0
2011-10-01,5,Western Australia,1254.6,4.3,-0.033,-0.218,3.05,0
2011-11-01,5,Western Australia,1259.8,4.23,-0.068,-0.271,3.35,0
2011-12-01,5,Western Australia,1267.0,4.14,-0.094,-0.3,3.78,0
2012-01-01,5,Western Australia,1275.6,4.04,-0.1,-0.317,4.25,0
2012-02-01,5,Western Australia,1284.1,3.94,-0.096,-0.335,4.65,0
2012-03-01,5,Western Australia,1291.3,3.86,-0.082,-0.36,4.87,0
2012-04-01,5,Western Australia,1296.7,3.8,-0.061,-0.403,4.91,0
2012-05-01,5,Western Australia,1300.3,3.78,-0.023,-0.441,4.8,0
2012-06-01,5,Western Australia,1302.9,3.8,0.024,-0.455,4.67,0
2012-07-01,5,Western Australia,1305.3,3.87,0.067,-0.431,4.62,0
2012-08-01,5,Western Australia,1308.0,3.96,0.093,-0.373,4.68,0
2012-09-01,5,Western Australia,1310.6,4.05,0.094,-0.28,4.73,0
2012-10-01,5,Western Australia,1312.7,4.13,0.08,-0.166,4.63,0
2012-11-01,5,Western Australia,1313.8,4.2,0.069,-0.029,4.28,0
2012-12-01,5,Western Australia,1313.5,4.29,0.083,0.148,3.67,0
2013-01-01,5,Western Australia,1312.1,4.39,0.107,0.355,2.86,0
2013-02-01,5,Western Australia,1310.0,4.53,0.136,0.586,2.02,0
2013-03-01,5,Western Australia,1308.0,4.68,0.15,0.818,1.3,0
2013-04-01,5,Western Australia,1306.6,4.8,0.121,1.0,0.77,0
2013-05-01,5,Western Australia,1305.9,4.86,0.066,1.088,0.44,0
2013-06-01,5,Western Australia,1305.9,4.85,-0.012,1.052,0.23,0
2013-07-01,5,Western Australia,1306.3,4.76,-0.089,0.896,0.08,0
2013-08-01,5,Western Australia,1306.9,4.63,-0.13,0.674,-0.09,0
2013-09-01,5,Western Australia,1307.2,4.53,-0.107,0.473,-0.26,0
2013-10-01,5,Western Australia,1307.0,4.48,-0.046,0.348,-0.43,0
2013-11-01,5,Western Australia,1306.6,4.51,0.024,0.303,-0.54,0
2013-12-01,5,Western Australia,1305.9,4.59,0.084,0.304,-0.58,0
2014-01-01,5,Western Australia,1305.2,4.72,0.129,0.325,-0.52,0
2014-02-01,5,Western Australia,1304.8,4.86,0.142,0.332,-0.4,0
2014-03-01,5,Western Australia,1305.1,4.97,0.113,0.295,-0.23,0
2014-04-01,5,Western Australia,1305.9,5.03,0.06,0.234,-0.06,0
2014-05-01,5,Western Australia,1307.1,5.04,0.008,0.176,0.09,0
2014-06-01,5,Western Australia,1309.2,5.01,-0.03,0.159,0.25,0
2014-07-01,5,Western Australia,1311.8,4.99,-0.024,0.224,0.42,0
2014-08-01,5,Western Australia,1314.4,4.99,0.004,0.357,0.58,0
2014-09-01,5,Western Australia,1316.9,5.04,0.047,0.511,0.74,0
2014-10-01,5,Western Australia,1319.2,5.13,0.092,0.648,0.93,0
2014-11-01,5,Western Australia,1320.9,5.26,0.134,0.758,1.1,0
2014-12-01,5,Western Australia,1322.1,5.41,0.143,0.816,1.23,0
2015-01-01,5,Western Australia,1322.5,5.52,0.116,0.803,1.33,0
2015-02-01,5,Western Australia,1322.4,5.61,0.093,0.754,1.35,0
2015-03-01,5,Western Australia,1322.1,5.7,0.089,0.73,1.3,0
2015-04-01,5,Western Australia,1321.7,5.79,0.087,0.758,1.21,0
2015-05-01,5,Western Australia,1321.2,5.88,0.091,0.841,1.07,0
2015-06-01,5,Western Australia,1320.1,5.97,0.094,0.964,0.84,0
2015-07-01,5,Western Australia,1318.8,6.07,0.093,1.081,0.53,0
2015-08-01,5,Western Australia,1317.8,6.13,0.059,1.136,0.25,0
2015-09-01,5,Western Australia,1316.9,6.15,0.025,1.115,0.0,0
2015-10-01,5,Western Australia,1316.1,6.13,-0.017,1.006,-0.23,0
2015-11-01,5,Western Australia,1315.7,6.08,-0.058,0.814,-0.4,0
2015-12-01,5,Western Australia,1315.8,5.98,-0.092,0.579,-0.47,0
2016-01-01,5,Western Australia,1315.9,5.87,-0.112,0.352,-0.51,0
2016-02-01,5,Western Australia,1315.6,5.77,-0.101,0.158,-0.51,0
2016-03-01,5,Western Australia,1314.8,5.71,-0.058,0.011,-0.55,0
2016-04-01,5,Western Australia,1312.7,5.75,0.032,-0.045,-0.68,0
2016-05-01,5,Western Australia,1309.2,5.86,0.118,-0.018,-0.9,0
2016-06-01,5,Western Australia,1304.6,6.03,0.166,0.054,-1.18,0
2016-07-01,5,Western Australia,1299.6,6.21,0.182,0.143,-1.46,0
2016-08-01,5,Western Australia,1294.9,6.37,0.163,0.247,-1.74,0
2016-09-01,5,Western Australia,1291.5,6.48,0.109,0.332,-1.93,0
2016-10-01,5,Western Australia,1290.4,6.53,0.045,0.394,-1.95,0
2016-11-01,5,Western Australia,1291.3,6.53,0.003,0.455,-1.85,0
2016-12-01,5,Western Australia,1294.0,6.49,-0.045,0.502,-1.66,0
2017-01-01,5,Western Australia,1297.9,6.39,-0.092,0.522,-1.37,0
2017-02-01,5,Western Australia,1302.6,6.25,-0.142,0.481,-0.99,0
2017-03-01,5,Western Australia,1307.6,6.07,-0.182,0.357,-0.55,0
2017-04-01,5,Western Australia,1312.6,5.88,-0.188,0.138,-0.01,0
2017-05-01,5,Western Australia,1317.2,5.73,-0.155,-0.134,0.61,0
2017-06-01,5,Western Australia,1320.6,5.65,-0.082,-0.383,1.22,0
2017-07-01,5,Western Australia,1322.7,5.64,-0.006,-0.57,1.78,0
2017-08-01,5,Western Australia,1324.0,5.69,0.05,-0.683,2.25,0
2017-09-01,5,Western Australia,1325.2,5.77,0.08,-0.712,2.6,0
2017-10-01,5,Western Australia,1326.4,5.85,0.078,-0.68,2.79,0
2017-11-01,5,Western Australia,1328.1,5.91,0.06,-0.623,2.85,0
2017-12-01,5,Western Australia,1330.1,5.98,0.066,-0.512,2.8,0
2018-01-01,5,Western Australia,1332.5,6.05,0.079,-0.341,2.67,0
2018-02-01,5,Western Australia,1335.0,6.13,0.074,-0.124,2.49,0
2018-03-01,5,Western Australia,1337.5,6.19,0.061,0.118,2.29,0
2018-04-01,5,Western Australia,1339.8,6.22,0.027,0.333,2.07,0
2018-05-01,5,Western Australia,1342.2,6.2,-0.016,0.472,1.9,0
2018-06-01,5,Western Australia,1345.0,6.15,-0.047,0.508,1.85,0
2018-07-01,5,Western Australia,1347.9,6.12,-0.039,0.475,1.9,0
2018-08-01,5,Western Australia,1350.2,6.12,0.006,0.431,1.98,0
2018-09-01,5,Western Australia,1351.9,6.17,0.053,0.404,2.02,0
2018-10-01,5,Western Australia,1352.8,6.25,0.073,0.4,1.99,0
2018-11-01,5,Western Australia,1353.2,6.3,0.056,0.396,1.89,0
2018-12-01,5,Western Australia,1353.4,6.32,0.02,0.35,1.75,0
2019-01-01,5,Western Australia,1354.2,6.3,-0.028,0.242,1.62,0
2019-02-01,5,Western Australia,1356.0,6.23,-0.066,0.102,1.57,0
2019-03-01,5,Western Australia,1359.2,6.13,-0.098,-0.056,1.63,0
2019-04-01,5,Western Australia,1363.3,6.02,-0.111,-0.195,1.75,0
2019-05-01,5,Western Australia,1367.5,5.92,-0.104,-0.282,1.89,0
2019-06-01,5,Western Australia,1371.3,5.83,-0.087,-0.323,1.96,0
2019-07-01,5,Western Australia,1374.5,5.75,-0.083,-0.367,1.97,0
2019-08-01,5,Western Australia,1377.2,5.68,-0.071,-0.444,2.0,0
2019-09-01,5,Western Australia,1379.7,5.62,-0.062,-0.559,2.06,0
2019-10-01,5,Western Australia,1382.4,5.56,-0.055,-0.687,2.19,0
2019-11-01,5,Western Australia,1385.5,5.51,-0.049,-0.792,2.39,0
2019-12-01,5,Western Australia,1388.8,5.48,-0.037,-0.85,2.61,0
2020-01-01,5,Western Australia,1391.8,5.47,-0.001,-0.822,2.78,0
2020-02-01,5,Western Australia,1394.4,5.54,0.067,-0.689,2.83,0
2020-03-01,5,Western Australia,1396.9,5.67,0.126,-0.465,2.77,0
2020-04-01,5,Western Australia,1319.8,6.16,0.489,0.135,-3.19,0
2020-05-01,5,Western Australia,1324.4,7.31,1.156,1.394,-3.15,0
2020-06-01,5,Western Australia,1331.0,7.37,0.057,1.539,-2.94,0
2020-07-01,5,Western Australia,1339.6,7.31,-0.058,1.563,-2.54,0
2020-08-01,5,Western Australia,1368.7,7.06,-0.253,1.382,-0.62,0
2020-09-01,5,Western Australia,1377.6,6.85,-0.213,1.23,-0.16,0
2020-10-01,5,Western Australia,1384.4,6.64,-0.209,1.076,0.14,0
2020-11-01,5,Western Australia,1389.1,6.46,-0.174,0.951,0.26,0
2020-12-01,5,Western Australia,1392.6,6.33,-0.135,0.854,0.27,0
2021-01-01,5,Western Australia,1396.1,6.21,-0.122,0.732,0.31,0
2021-02-01,5,Western Australia,1400.9,6.06,-0.144,0.521,0.47,0
2021-03-01,5,Western Australia,1407.3,5.15,-0.911,-0.516,0.75,0
2021-04-01,5,Western Australia,1415.1,4.98,-0.173,-1.178,7.23,0
2021-05-01,5,Western Australia,1423.9,4.81,-0.17,-2.504,7.52,0
2021-06-01,5,Western Australia,1433.0,4.64,-0.166,-2.728,7.67,0
2021-07-01,5,Western Australia,1442.1,4.48,-0.163,-2.833,7.65,0
2021-08-01,5,Western Australia,1451.2,4.32,-0.161,-2.741,6.03,0
2021-09-01,5,Western Australia,1460.7,4.16,-0.16,-2.688,6.03,0
2021-10-01,5,Western Australia,1469.8,4.02,-0.138,-2.617,6.17,0
2021-11-01,5,Western Australia,1477.9,3.91,-0.105,-2.548,6.39,0
2021-12-01,5,Western Australia,1484.5,3.84,-0.075,-2.489,6.6,0
2022-01-01,5,Western Australia,1489.6,3.8,-0.04,-2.407,6.69,0
2022-02-01,5,Western Australia,1493.4,3.79,-0.014,-2.277,6.6,0
2022-03-01,5,Western Australia,1496.6,3.26,-0.527,-1.894,6.34,0
2022-04-01,5,Western Australia,1499.9,3.25,-0.011,-1.732,5.99,0
2022-05-01,5,Western Australia,1503.2,3.25,0.002,-1.56,5.57,0
2022-06-01,5,Western Australia,1506.5,3.27,0.026,-1.368,5.12,0
2022-07-01,5,Western Australia,1509.6,3.33,0.053,-1.152,4.68,0
2022-08-01,5,Western Australia,1512.4,3.39,0.068,-0.923,4.21,0
2022-09-01,5,Western Australia,1515.0,3.47,0.076,-0.687,3.72,0
2022-10-01,5,Western Australia,1518.0,3.54,0.07,-0.479,3.28,0
2022-11-01,5,Western Australia,1521.9,3.59,0.052,-0.322,2.98,0
2022-12-01,5,Western Australia,1526.8,3.63,0.038,-0.208,2.85,0
2023-01-01,5,Western Australia,1532.3,3.65,0.02,-0.148,2.87,0
2023-02-01,5,Western Australia,1537.5,3.65,-0.002,-0.136,2.95,0
2023-03-01,5,Western Australia,1541.9,3.63,-0.015,0.376,3.03,0
2023-04-01,5,Western Australia,1545.8,3.61,-0.028,0.359,3.06,0
2023-05-01,5,Western Australia,1549.9,3.57,-0.034,0.323,3.1,0
2023-06-01,5,Western Australia,1555.2,3.54,-0.028,0.269,3.24,0
2023-07-01,5,Western Australia,1562.0,3.54,-0.007,0.209,3.47,0
2023-08-01,5,Western Australia,1569.2,3.57,0.031,0.172,3.76,0
2023-09-01,5,Western Australia,1576.0,3.63,0.067,0.163,4.03,0
2023-10-01,5,Western Australia,1581.9,3.71,0.073,0.166,4.21,0
2023-11-01,5,Western Australia,1586.5,3.77,0.064,0.178,4.24,0
2023-12-01,5,Western Australia,1590.3,3.81,0.035,0.174,4.16,0
2024-01-01,5,Western Australia,1594.3,3.8,-0.001,0.153,4.04,0
2024-02-01,5,Western Australia,1599.0,3.77,-0.031,0.124,4.0,0
2024-03-01,5,Western Australia,1604.4,3.74,-0.035,0.104,4.05,0
2024-04-01,5,Western Australia,1610.2,3.71,-0.028,0.104,4.17,0
2024-05-01,5,Western Australia,1615.5,3.71,-0.003,0.136,4.24,0
2024-06-01,5,Western Australia,1619.6,3.72,0.016,0.18,4.14,0
2024-07-01,5,Western Australia,1622.8,3.73,0.009,0.196,3.89,0
2024-08-01,5,Western Australia,1626.1,3.72,-0.015,0.15,3.62,0
2024-09-01,5,Western Australia,1629.8,3.68,-0.042,0.042,3.41,0
2024-10-01,5,Western Australia,1633.9,3.62,-0.059,-0.09,3.29,0
2024-11-01,5,Western Australia,1638.2,3.57,-0.051,-0.205,3.26,0
2024-12-01,5,Western Australia,1642.5,3.54,-0.023,-0.263,3.28,0
2025-01-01,5,Western Australia,1646.0,3.57,0.025,-0.237,3.25,0
2025-02-01,5,Western Australia,1648.9,3.65,0.079,-0.128,3.12,0
2025-03-01,5,Western Australia,1650.8,3.76,0.11,0.017,2.89,0
2025-04-01,5,Western Australia,1651.4,3.87,0.115,0.16,2.56,0
2025-05-01,5,Western Australia,1651.2,3.97,0.099,0.262,2.21,0
2025-06-01,5,Western Australia,1650.5,4.05,0.075,0.321,1.91,0
2025-07-01,5,Western Australia,1649.2,4.1,0.058,0.37,1.63,0
2025-08-01,5,Western Australia,1648.3,4.14,0.038,0.423,1.37,0
2025-09-01,5,Western Australia,1648.8,4.16,0.017,0.482,1.16,0
2025-10-01,5,Western Australia,1651.0,4.17,0.01,0.55,1.04,0
2025-11-01,5,Western Australia,1655.6,4.16,-0.003,0.598,1.06,0
2025-12-01,5,Western Australia,1661.6,4.16,-0.005,0.616,1.17,0
2026-01-01,5,Western Australia,1668.0,4.17,0.007,0.598,1.33,0
2026-02-01,5,Western Australia,1673.8,4.19,0.026,0.545,1.51,0
2026-03-01,5,Western Australia,1678.8,4.23,0.042,0.478,1.7,0
2026-04-01,5,Western Australia,1683.1,4.29,0.052,0.415,1.92,0
2026-05-01,5,Western Australia,1687.0,4.32,0.036,0.351,2.17,0
2026-06-01,5,Western Australia,1690.9,4.33,0.006,0.282,2.45,1
